call,node_depth,var,score,num_candidates,time
1,0,t_x_87,0.3939118729668253,450,0.602885
2,1,t_x_17,0.381649542192441,449,0.626949
3,1,t_x_17,0.381649542192441,109,0.982939
4,2,t_x_81,0.3787082830542944,108,1.002225
5,3,t_x_84,0.37220052237281115,107,1.021060
6,4,t_x_82,0.3697496709659753,106,1.040120
7,5,t_x_334,0.3669507080339,105,1.059438
8,6,t_x_88,0.36565753033657356,104,1.078984
9,7,t_x_360,0.36397443758978015,103,1.098955
10,8,t_x_288,0.35556806203507985,102,1.118021
11,2,t_x_81,0.3787082830542944,94,1.483104
12,3,t_x_84,0.37220052237281115,93,1.502476
13,4,t_x_82,0.3697496709659753,92,1.521262
14,5,t_x_401,0.36639890123245006,91,1.540145
15,6,t_x_88,0.36565753033657356,90,1.558923
16,7,t_x_360,0.36397443758978015,89,1.578454
17,8,t_x_118,0.3562705793325379,88,1.597809
18,9,t_x_89,0.3418552133182626,87,1.616905
19,10,t_x_98,0.3410733321474508,86,1.635804
20,11,t_x_200,0.3375840595031447,19,1.675415
21,2,t_x_227,0.3800136810640413,448,1.724428
22,3,t_x_81,0.3787082830542944,93,2.068583
23,12,t_x_20,0.3353069744273539,18,2.102238
24,13,t_x_373,0.3291839228566644,8,2.121601
25,14,t_x_97,0.3290778133744423,7,2.139542
26,13,t_x_373,0.3291839228566644,17,2.178746
27,14,t_x_97,0.3290778133744423,16,2.198003
28,15,t_x_270,0.32783001401543077,11,2.216806
29,16,t_x_10,0.3272199581788964,10,2.245844
30,15,t_x_270,0.32783001401543077,15,2.285208
31,16,t_x_10,0.3272199581788964,14,2.304179
32,11,t_x_76,0.3397542609479636,85,2.339882
33,12,t_x_25,0.3388881960489056,30,2.377616
34,3,t_x_81,0.3787082830542944,447,2.427667
35,4,t_x_337,0.37388420445038456,107,2.659708
36,13,t_x_23,0.33750992239639216,29,2.693593
37,14,t_x_77,0.33679519038950717,16,2.714487
38,15,t_x_78,0.33629539686852905,15,2.732748
39,16,t_x_75,0.3306908869598732,14,2.763011
40,17,t_x_373,0.3291839228566644,13,2.792912
41,4,t_x_337,0.37388420445038456,446,2.842557
42,5,t_x_233,0.37287977458525207,95,3.056198
43,18,t_x_367,0.32833040353733933,12,3.091157
44,14,t_x_77,0.33679519038950717,28,3.132025
45,15,t_x_80,0.33654528594539296,27,3.163730
46,16,t_x_78,0.33629539686852905,26,3.195626
47,17,t_x_75,0.3306908869598732,25,3.227078
48,18,t_x_373,0.3291839228566644,24,3.258392
49,19,t_x_153,0.32837066835719786,23,3.278403
50,20,t_x_367,0.32833040353733933,22,3.298731
51,21,t_x_15,0.3268669079888928,21,3.318595
52,22,t_x_22,0.32643339157926643,20,3.349147
53,23,t_x_369,0.3257086592576262,19,3.379852
54,24,t_x_366,0.32490447930058935,18,3.399609
55,25,t_x_18,0.3246724231025938,17,3.419212
56,26,t_x_130,0.3237189430626469,16,3.438391
57,12,t_x_25,0.3388881960489056,84,3.473162
58,13,t_x_365,0.3384154625966223,40,3.510164
59,14,t_x_23,0.33750992239639216,39,3.554362
60,15,t_x_26,0.33710634432496456,25,3.576910
61,15,t_x_26,0.33710634432496456,38,3.616783
62,16,t_x_21,0.33674725056917193,26,3.638085
63,16,t_x_21,0.33674725056917193,37,3.678814
64,17,t_x_80,0.33654528594539296,36,3.710584
65,18,t_x_78,0.33629539686852905,35,3.731757
66,19,t_x_20,0.3353069744273539,34,3.752575
67,20,t_x_75,0.3306908869598732,33,3.783537
68,21,t_x_373,0.3291839228566644,32,3.804515
69,22,t_x_97,0.3290778133744423,31,3.825434
70,23,t_x_374,0.32811552122135923,30,3.846189
71,24,t_x_270,0.32783001401543077,29,3.866971
72,25,t_x_10,0.3272199581788964,28,3.887467
73,13,t_x_365,0.3384154625966223,83,3.922258
74,14,t_x_164,0.33768298287911286,82,3.973694
75,15,t_x_200,0.3375840595031447,81,4.023839
76,16,t_x_23,0.33750992239639216,80,4.051306
77,17,t_x_26,0.33710634432496456,41,4.087481
78,18,t_x_77,0.33679519038950717,26,4.109850
79,18,t_x_77,0.33679519038950717,40,4.151002
80,19,t_x_21,0.33674725056917193,39,4.184036
81,20,t_x_78,0.33629539686852905,38,4.216887
82,21,t_x_20,0.3353069744273539,37,4.249311
83,22,t_x_75,0.3306908869598732,36,4.281870
84,23,t_x_373,0.3291839228566644,35,4.314444
85,24,t_x_201,0.3291212094295495,34,4.335703
86,25,t_x_367,0.32833040353733933,33,4.357411
87,26,t_x_270,0.32783001401543077,32,4.378417
88,27,t_x_400,0.3277550551348225,31,4.399271
89,17,t_x_26,0.33710634432496456,79,4.426290
90,18,t_x_77,0.33679519038950717,46,4.462055
91,19,t_x_21,0.33674725056917193,45,4.499467
92,20,t_x_80,0.33654528594539296,44,4.536382
93,21,t_x_78,0.33629539686852905,43,4.571729
94,22,t_x_20,0.3353069744273539,42,4.606205
95,23,t_x_407,0.3335813800840952,41,4.640494
96,24,t_x_75,0.3306908869598732,40,4.663415
97,25,t_x_373,0.3291839228566644,39,4.697562
98,26,t_x_97,0.3290778133744423,38,4.720293
99,27,t_x_153,0.32837066835719786,37,4.742938
100,28,t_x_367,0.32833040353733933,36,4.764946
101,29,t_x_374,0.32811552122135923,35,4.786966
102,30,t_x_270,0.32783001401543077,34,4.808827
103,31,t_x_411,0.32753300194262525,33,4.830894
104,28,t_x_411,0.32753300194262525,30,4.856077
105,29,t_x_19,0.32721141007081767,29,4.877088
106,30,t_x_15,0.3268669079888928,28,4.897076
107,32,t_x_19,0.32721141007081767,32,4.928875
108,33,t_x_15,0.3268669079888928,31,4.961260
109,34,t_x_22,0.32643339157926643,30,4.993203
110,35,t_x_369,0.3257086592576262,29,5.024741
111,36,t_x_366,0.32490447930058935,28,5.046169
112,5,t_x_233,0.37287977458525207,445,5.107240
113,6,t_x_84,0.37220052237281115,91,5.298784
114,7,t_x_82,0.3697496709659753,90,5.353732
115,6,t_x_84,0.37220052237281115,444,5.430764
116,7,t_x_82,0.3697496709659753,105,5.620868
117,8,t_x_88,0.36565753033657356,47,5.665491
118,9,t_x_89,0.3418552133182626,29,5.692672
119,10,t_x_76,0.3397542609479636,28,5.711013
120,11,t_x_83,0.3381592926679389,27,5.741507
121,12,t_x_77,0.33679519038950717,26,5.771584
122,7,t_x_174,0.37049791032211843,443,5.842539
123,8,t_x_193,0.36797974847648585,103,6.027015
124,9,t_x_88,0.36565753033657356,102,6.087018
125,8,t_x_82,0.3697496709659753,442,6.171659
126,9,t_x_334,0.3669507080339,115,6.385014
127,10,t_x_401,0.36639890123245006,114,6.452946
128,9,t_x_193,0.36797974847648585,441,6.537836
129,10,t_x_197,0.345730583707959,85,6.723655
130,11,t_x_98,0.3410733321474508,84,6.777254
131,10,t_x_334,0.3669507080339,440,6.856455
132,11,t_x_360,0.36397443758978015,99,7.045812
133,12,t_x_413,0.3576240767639526,98,7.110614
134,11,t_x_401,0.36639890123245006,439,7.195452
135,12,t_x_413,0.3576240767639526,54,7.362694
136,13,t_x_25,0.3388881960489056,53,7.404479
137,12,t_x_88,0.36565753033657356,438,7.471729
138,13,t_x_360,0.36397443758978015,114,7.681950
139,14,t_x_335,0.35159119477102835,113,7.752264
140,13,t_x_360,0.36397443758978015,437,7.837196
141,14,t_x_76,0.3397542609479636,73,8.005867
142,15,t_x_25,0.3388881960489056,72,8.055494
143,14,t_x_355,0.3604684222607647,436,8.127985
144,15,t_x_197,0.345730583707959,68,8.310719
145,16,t_x_365,0.3384154625966223,67,8.358752
146,15,t_x_117,0.3601698291273393,435,8.412361
147,16,t_x_118,0.3562705793325379,57,8.586311
148,17,t_x_108,0.3520113921409134,30,8.617603
149,16,t_x_137,0.35830898523701915,434,8.674975
150,17,t_x_288,0.35556806203507985,86,8.843722
151,18,t_x_197,0.345730583707959,85,8.899396
152,18,t_x_26,0.33710634432496456,29,8.934192
153,19,t_x_159,0.3369646913562073,28,8.954359
154,17,t_x_413,0.3576240767639526,433,9.009412
155,18,t_x_335,0.35159119477102835,89,9.190812
156,19,t_x_76,0.3397542609479636,88,9.248699
157,18,t_x_438,0.3565528845738105,432,9.305976
158,19,t_x_170,0.33769692936302953,66,9.473324
159,20,t_x_407,0.3335813800840952,65,9.521664
160,19,t_x_118,0.3562705793325379,431,9.591931
161,20,t_x_108,0.3520113921409134,47,9.744629
162,21,t_x_26,0.33710634432496456,46,9.780913
163,9,t_x_89,0.3418552133182626,46,9.813927
164,10,t_x_76,0.3397542609479636,45,9.849088
165,11,t_x_83,0.3381592926679389,44,9.884739
166,12,t_x_77,0.33679519038950717,43,9.919172
167,13,t_x_80,0.33654528594539296,42,9.954462
168,14,t_x_78,0.33629539686852905,41,9.989177
169,15,t_x_20,0.3353069744273539,40,10.022690
170,16,t_x_85,0.3329427103660081,39,10.044210
171,17,t_x_86,0.33251677012533615,38,10.104785
172,18,t_x_417,0.33220260282135483,37,10.137686
173,19,t_x_361,0.33157642028416945,36,10.159872
174,20,t_x_288,0.35556806203507985,430,10.211359
175,21,t_x_89,0.3418552133182626,65,10.373362
176,22,t_x_365,0.3384154625966223,64,10.423843
177,20,t_x_75,0.3306908869598732,35,10.458960
178,21,t_x_37,0.32979972676975927,34,10.482354
179,22,t_x_97,0.3290778133744423,33,10.504253
180,23,t_x_129,0.3285813450795422,32,10.525925
181,24,t_x_62,0.32853857799150243,31,10.547476
182,25,t_x_68,0.32792695399343874,30,10.568649
183,26,t_x_71,0.32765571981761243,29,10.590454
184,27,t_x_172,0.32742867952012167,28,10.611813
185,21,t_x_216,0.3521249995622725,429,10.671255
186,22,t_x_330,0.3364988573519652,57,10.831482
187,23,t_x_342,0.33409322479786047,56,10.875974
188,18,t_x_77,0.33679519038950717,78,10.929135
189,19,t_x_21,0.33674725056917193,77,10.981155
190,20,t_x_20,0.3353069744273539,35,11.016784
191,22,t_x_108,0.3520113921409134,428,11.074063
192,23,t_x_25,0.3388881960489056,45,11.228252
193,24,t_x_23,0.33750992239639216,44,11.262179
194,21,t_x_75,0.3306908869598732,34,11.302876
195,22,t_x_201,0.3291212094295495,33,11.324414
196,23,t_x_150,0.3286823076073712,32,11.346611
197,24,t_x_153,0.32837066835719786,31,11.368074
198,25,t_x_270,0.32783001401543077,30,11.389047
199,26,t_x_400,0.3277550551348225,29,11.410112
200,27,t_x_19,0.32721141007081767,28,11.430861
201,23,t_x_335,0.35159119477102835,427,11.502106
202,24,t_x_76,0.3397542609479636,80,11.672889
203,25,t_x_83,0.3381592926679389,79,11.728485
204,20,t_x_170,0.33769692936302953,87,11.791312
205,21,t_x_26,0.33710634432496456,86,11.849938
206,22,t_x_80,0.33654528594539296,85,11.905588
207,20,t_x_80,0.33654528594539296,76,11.967356
208,21,t_x_78,0.33629539686852905,75,12.015130
209,22,t_x_20,0.3353069744273539,74,12.062816
210,23,t_x_75,0.3306908869598732,34,12.094907
211,24,t_x_373,0.3291839228566644,33,12.116746
212,25,t_x_97,0.3290778133744423,32,12.137830
213,26,t_x_150,0.3286823076073712,31,12.159192
214,27,t_x_374,0.32811552122135923,30,12.180391
215,28,t_x_400,0.3277550551348225,29,12.201275
216,29,t_x_411,0.32753300194262525,28,12.222101
217,23,t_x_407,0.3335813800840952,73,12.256562
218,24,t_x_75,0.3306908869598732,72,12.283756
219,25,t_x_373,0.3291839228566644,71,12.330247
220,26,t_x_201,0.3291212094295495,70,12.356266
221,27,t_x_97,0.3290778133744423,69,12.382864
222,28,t_x_150,0.3286823076073712,68,12.429327
223,29,t_x_153,0.32837066835719786,67,12.454918
224,30,t_x_367,0.32833040353733933,66,12.499852
225,31,t_x_374,0.32811552122135923,65,12.525395
226,32,t_x_270,0.32783001401543077,64,12.551088
227,33,t_x_400,0.3277550551348225,63,12.595538
228,24,t_x_197,0.345730583707959,426,12.644933
229,25,t_x_76,0.3397542609479636,65,12.810193
230,26,t_x_25,0.3388881960489056,64,12.835589
231,23,t_x_20,0.3353069744273539,84,12.872851
232,24,t_x_173,0.33433990479887415,83,12.907420
233,25,t_x_342,0.33409322479786047,82,12.961744
234,14,t_x_67,0.33840693255154114,52,13.020366
235,15,t_x_78,0.33629539686852905,51,13.062221
236,16,t_x_20,0.3353069744273539,50,13.086123
237,25,t_x_89,0.3418552133182626,425,13.147272
238,26,t_x_76,0.3397542609479636,100,13.328384
239,27,t_x_83,0.3381592926679389,41,13.378906
240,28,t_x_23,0.33750992239639216,40,13.413080
241,29,t_x_77,0.33679519038950717,39,13.447254
242,30,t_x_80,0.33654528594539296,38,13.481005
243,31,t_x_78,0.33629539686852905,37,13.514178
244,32,t_x_85,0.3329427103660081,36,13.546999
245,33,t_x_86,0.33251677012533615,35,13.579619
246,34,t_x_417,0.33220260282135483,34,13.611863
247,35,t_x_333,0.3316796543199385,33,13.633882
248,36,t_x_75,0.3306908869598732,32,13.655513
249,37,t_x_373,0.3291839228566644,31,13.686867
250,38,t_x_318,0.3286139811380062,30,13.707917
251,39,t_x_367,0.32833040353733933,29,13.728910
252,40,t_x_71,0.32765571981761243,28,13.749582
253,17,t_x_108,0.3520113921409134,56,13.791501
254,18,t_x_25,0.3388881960489056,55,13.833361
255,19,t_x_67,0.33840693255154114,54,13.873666
256,20,t_x_170,0.33769692936302953,53,13.911563
257,26,t_x_178,0.33370108203626037,81,13.946196
258,27,t_x_407,0.3335813800840952,80,13.999050
259,28,t_x_293,0.33349881435358497,40,14.038740
260,29,t_x_86,0.33251677012533615,39,14.062361
261,30,t_x_417,0.33220260282135483,38,14.086072
262,31,t_x_142,0.3279009411221477,37,14.118919
263,32,t_x_411,0.32753300194262525,36,14.142505
264,33,t_x_14,0.3274421151063002,35,14.175913
265,34,t_x_172,0.32742867952012167,34,14.200001
266,35,t_x_10,0.3272199581788964,33,14.222652
267,36,t_x_341,0.32680349009166004,32,14.244771
268,37,t_x_339,0.3264010485281532,31,14.266599
269,38,t_x_1,0.3237047946964038,30,14.288993
270,39,t_x_408,0.3235294581808897,29,14.312609
271,40,t_x_345,0.32350193897925106,28,14.343982
272,22,t_x_159,0.3369646913562073,45,14.384941
273,23,t_x_7,0.3333504982591583,44,14.418253
274,24,t_x_150,0.3286823076073712,43,14.440050
275,25,t_x_62,0.32853857799150243,42,14.461064
276,28,t_x_293,0.33349881435358497,79,14.494679
277,29,t_x_165,0.3325348186944436,78,14.523193
278,30,t_x_86,0.33251677012533615,77,14.574942
279,31,t_x_417,0.33220260282135483,76,14.603906
280,32,t_x_13,0.32947148876779175,33,14.638718
281,33,t_x_139,0.32800220097911803,32,14.656741
282,34,t_x_411,0.32753300194262525,31,14.679259
283,35,t_x_236,0.3274205406343998,30,14.710639
284,36,t_x_10,0.3272199581788964,29,14.733170
285,37,t_x_19,0.32721141007081767,28,14.755044
286,34,t_x_411,0.32753300194262525,62,14.799115
287,35,t_x_10,0.3272199581788964,61,14.825403
288,36,t_x_19,0.32721141007081767,60,14.850143
289,37,t_x_15,0.3268669079888928,59,14.892099
290,27,t_x_170,0.33769692936302953,63,14.943444
291,28,t_x_200,0.3375840595031447,62,14.968256
292,29,t_x_26,0.33710634432496456,29,15.001557
293,30,t_x_77,0.33679519038950717,28,15.022566
294,32,t_x_13,0.32947148876779175,75,15.064776
295,33,t_x_2,0.3292931030611546,74,15.115044
296,34,t_x_400,0.3277550551348225,33,15.150557
297,35,t_x_14,0.3274421151063002,32,15.172545
298,36,t_x_10,0.3272199581788964,31,15.204541
299,37,t_x_19,0.32721141007081767,30,15.225913
300,38,t_x_22,0.32643339157926643,29,15.247543
301,39,t_x_339,0.3264010485281532,28,15.268975
302,34,t_x_139,0.32800220097911803,73,15.304981
303,35,t_x_142,0.3279009411221477,72,15.354017
304,36,t_x_176,0.32783752541092237,71,15.382526
305,37,t_x_400,0.3277550551348225,70,15.431535
306,38,t_x_411,0.32753300194262525,69,15.459409
307,39,t_x_14,0.3274421151063002,34,15.495071
308,40,t_x_236,0.3274205406343998,33,15.517600
309,41,t_x_145,0.32726340919038455,32,15.540955
310,42,t_x_10,0.3272199581788964,31,15.563766
311,43,t_x_192,0.3270128963252965,30,15.585922
312,44,t_x_237,0.32638683091703363,29,15.618210
313,45,t_x_286,0.32463937627479783,28,15.640761
314,17,t_x_64,0.33373433301465677,49,15.683816
315,18,t_x_407,0.3335813800840952,48,15.709448
316,19,t_x_7,0.3333504982591583,47,15.745566
317,20,t_x_86,0.33251677012533615,46,15.768659
318,26,t_x_98,0.3410733321474508,424,15.814832
319,27,t_x_67,0.33840693255154114,101,15.984492
320,28,t_x_83,0.3381592926679389,100,16.015014
321,29,t_x_200,0.3375840595031447,99,16.074926
322,30,t_x_20,0.3353069744273539,98,16.133716
323,31,t_x_7,0.3333504982591583,97,16.197078
324,32,t_x_102,0.3327795616365271,96,16.256011
325,33,t_x_144,0.33260950631875075,46,16.300643
326,34,t_x_100,0.33060072836282683,45,16.324768
327,35,t_x_373,0.3291839228566644,29,16.348361
328,36,t_x_97,0.3290778133744423,28,16.369125
329,37,t_x_318,0.3286139811380062,27,16.399478
330,38,t_x_129,0.3285813450795422,26,16.419994
331,35,t_x_373,0.3291839228566644,44,16.450951
332,36,t_x_97,0.3290778133744423,43,16.473196
333,37,t_x_318,0.3286139811380062,42,16.508756
334,38,t_x_129,0.3285813450795422,41,16.530855
335,39,t_x_149,0.3281587594035913,40,16.564482
336,40,t_x_140,0.3279708210237213,39,16.586376
337,41,t_x_142,0.3279009411221477,38,16.608329
338,42,t_x_148,0.32773032536471913,37,16.629811
339,43,t_x_172,0.32742867952012167,36,16.651080
340,44,t_x_169,0.32737452520812826,35,16.672269
341,45,t_x_145,0.32726340919038455,34,16.693670
342,46,t_x_10,0.3272199581788964,33,16.715112
343,47,t_x_104,0.3270224657044486,32,16.736291
344,48,t_x_101,0.32643855400786287,31,16.767446
345,49,t_x_366,0.32490447930058935,30,16.799032
346,50,t_x_194,0.3239518020251907,29,16.819416
347,51,t_x_328,0.3235503395467524,28,16.839616
348,33,t_x_144,0.33260950631875075,95,16.874459
349,34,t_x_65,0.3322614622728081,94,16.931925
350,35,t_x_100,0.33060072836282683,93,16.987851
351,36,t_x_177,0.3304125989308909,51,17.028226
352,37,t_x_2,0.3292931030611546,50,17.067633
353,38,t_x_373,0.3291839228566644,49,17.108168
354,39,t_x_97,0.3290778133744423,48,17.131451
355,40,t_x_318,0.3286139811380062,47,17.169679
356,41,t_x_129,0.3285813450795422,46,17.191967
357,42,t_x_149,0.3281587594035913,45,17.226990
358,43,t_x_122,0.3281171678472218,44,17.261450
359,44,t_x_139,0.32800220097911803,43,17.295358
360,45,t_x_142,0.3279009411221477,42,17.318987
361,46,t_x_176,0.32783752541092237,41,17.341195
362,47,t_x_270,0.32783001401543077,40,17.363219
363,48,t_x_148,0.32773032536471913,39,17.396410
364,49,t_x_172,0.32742867952012167,38,17.418090
365,50,t_x_10,0.3272199581788964,37,17.439710
366,51,t_x_104,0.3270224657044486,36,17.472086
367,52,t_x_192,0.3270128963252965,35,17.504410
368,53,t_x_15,0.3268669079888928,34,17.525840
369,54,t_x_132,0.3268587771808999,33,17.547490
370,55,t_x_101,0.32643855400786287,32,17.568162
371,56,t_x_180,0.32508066064641833,31,17.599887
372,57,t_x_194,0.3239518020251907,30,17.620819
373,58,t_x_99,0.3215428667997927,29,17.641929
374,59,t_x_91,0.32105979179969935,28,17.672934
375,39,t_x_14,0.3274421151063002,68,17.727294
376,40,t_x_172,0.32742867952012167,67,17.775903
377,41,t_x_236,0.3274205406343998,66,17.806515
378,42,t_x_145,0.32726340919038455,65,17.833877
379,43,t_x_10,0.3272199581788964,64,17.861292
380,44,t_x_19,0.32721141007081767,63,17.907626
381,36,t_x_177,0.3304125989308909,92,17.945462
382,37,t_x_13,0.32947148876779175,91,18.002395
383,38,t_x_2,0.3292931030611546,90,18.057511
384,39,t_x_373,0.3291839228566644,89,18.111920
385,40,t_x_97,0.3290778133744423,88,18.164726
386,41,t_x_318,0.3286139811380062,44,18.205368
387,42,t_x_149,0.3281587594035913,43,18.228074
388,43,t_x_68,0.32792695399343874,42,18.250528
389,44,t_x_270,0.32783001401543077,41,18.273275
390,45,t_x_145,0.32726340919038455,40,18.295065
391,46,t_x_10,0.3272199581788964,39,18.317395
392,47,t_x_19,0.32721141007081767,38,18.350882
393,48,t_x_104,0.3270224657044486,37,18.372688
394,49,t_x_132,0.3268587771808999,36,18.404817
395,50,t_x_101,0.32643855400786287,35,18.426208
396,51,t_x_8,0.3252872337777598,34,18.458256
397,52,t_x_130,0.3237189430626469,33,18.479651
398,53,t_x_328,0.3235503395467524,32,18.500537
399,54,t_x_99,0.3215428667997927,31,18.521950
400,55,t_x_91,0.32105979179969935,30,18.553419
401,56,t_x_375,0.32083768524015677,29,18.584127
402,57,t_x_95,0.32077476127869986,28,18.605057
403,21,t_x_164,0.33768298287911286,52,18.656395
404,22,t_x_26,0.33710634432496456,51,18.694096
405,23,t_x_159,0.3369646913562073,50,18.732665
406,24,t_x_21,0.33674725056917193,49,18.768258
407,25,t_x_165,0.3325348186944436,48,18.803705
408,26,t_x_65,0.3322614622728081,47,18.825817
409,29,t_x_26,0.33710634432496456,61,18.858208
410,30,t_x_77,0.33679519038950717,60,18.883242
411,31,t_x_86,0.33251677012533615,59,18.907971
412,32,t_x_65,0.3322614622728081,58,18.932245
413,33,t_x_13,0.32947148876779175,57,18.960021
414,34,t_x_201,0.3291212094295495,56,19.002759
415,41,t_x_318,0.3286139811380062,87,19.052575
416,42,t_x_129,0.3285813450795422,86,19.104312
417,43,t_x_442,0.3284343996107425,33,19.146342
418,44,t_x_149,0.3281587594035913,32,19.167919
419,45,t_x_122,0.3281171678472218,31,19.189004
420,46,t_x_142,0.3279009411221477,30,19.220379
421,47,t_x_176,0.32783752541092237,29,19.241048
422,48,t_x_148,0.32773032536471913,28,19.261921
423,26,t_x_68,0.32792695399343874,41,19.301434
424,27,t_x_236,0.3274205406343998,40,19.322801
425,28,t_x_10,0.3272199581788964,39,19.343554
426,29,t_x_19,0.32721141007081767,38,19.365074
427,30,t_x_168,0.3271013922953005,37,19.385679
428,31,t_x_239,0.32682813220844253,36,19.407073
429,43,t_x_442,0.3284343996107425,85,19.448838
430,44,t_x_149,0.3281587594035913,84,19.500243
431,45,t_x_122,0.3281171678472218,83,19.551245
432,46,t_x_142,0.3279009411221477,28,19.590191
433,21,t_x_62,0.32853857799150243,45,19.631537
434,22,t_x_149,0.3281587594035913,44,19.666017
435,23,t_x_45,0.32813523944670725,43,19.689119
436,24,t_x_140,0.3279708210237213,42,19.711999
437,25,t_x_68,0.32792695399343874,41,19.734910
438,26,t_x_400,0.3277550551348225,40,19.756671
439,46,t_x_139,0.32800220097911803,82,19.799868
440,47,t_x_140,0.3279708210237213,81,19.851039
441,48,t_x_68,0.32792695399343874,80,19.901845
442,49,t_x_142,0.3279009411221477,79,19.929554
443,50,t_x_176,0.32783752541092237,78,19.958637
444,51,t_x_270,0.32783001401543077,77,20.009454
445,52,t_x_148,0.32773032536471913,76,20.060934
446,53,t_x_172,0.32742867952012167,75,20.109658
447,54,t_x_169,0.32737452520812826,74,20.158096
448,55,t_x_145,0.32726340919038455,73,20.205913
449,56,t_x_10,0.3272199581788964,72,20.232719
450,57,t_x_19,0.32721141007081767,71,20.282931
451,58,t_x_104,0.3270224657044486,70,20.330068
452,59,t_x_192,0.3270128963252965,37,20.364535
453,60,t_x_101,0.32643855400786287,36,20.386359
454,61,t_x_8,0.3252872337777598,35,20.420306
455,62,t_x_180,0.32508066064641833,34,20.442327
456,63,t_x_366,0.32490447930058935,33,20.474975
457,64,t_x_194,0.3239518020251907,32,20.496725
458,65,t_x_130,0.3237189430626469,31,20.518506
459,66,t_x_328,0.3235503395467524,30,20.550332
460,67,t_x_99,0.3215428667997927,29,20.571307
461,68,t_x_91,0.32105979179969935,28,20.601136
462,35,t_x_420,0.328837001787633,55,20.651385
463,36,t_x_66,0.32837626014866994,54,20.675561
464,37,t_x_149,0.3281587594035913,53,20.699164
465,38,t_x_139,0.32800220097911803,52,20.722605
466,39,t_x_68,0.32792695399343874,51,20.745714
467,40,t_x_169,0.32737452520812826,50,20.769343
468,41,t_x_79,0.3273105193088242,49,20.792428
469,42,t_x_10,0.3272199581788964,48,20.816396
470,43,t_x_15,0.3268669079888928,47,20.852650
471,44,t_x_432,0.32631918216853084,46,20.876551
472,45,t_x_167,0.3242644250523776,45,20.899077
473,46,t_x_194,0.3239518020251907,44,20.921890
474,47,t_x_345,0.32350193897925106,43,20.944456
475,48,t_x_6,0.32156760061632716,42,20.966320
476,27,t_x_156,0.3322492503371881,46,20.997725
477,28,t_x_13,0.32947148876779175,45,21.018624
478,29,t_x_2,0.3292931030611546,44,21.040410
479,30,t_x_66,0.32837626014866994,43,21.061978
480,31,t_x_68,0.32792695399343874,42,21.082919
481,32,t_x_71,0.32765571981761243,41,21.103915
482,27,t_x_14,0.3274421151063002,39,21.134340
483,28,t_x_79,0.3273105193088242,38,21.156481
484,29,t_x_10,0.3272199581788964,37,21.178776
485,30,t_x_339,0.3264010485281532,36,21.200939
486,31,t_x_8,0.3252872337777598,35,21.223181
487,32,t_x_336,0.32462792849298816,34,21.245194
488,8,t_x_88,0.36565753033657356,104,21.280968
489,9,t_x_89,0.3418552133182626,51,21.325926
490,10,t_x_76,0.3397542609479636,50,21.367398
491,11,t_x_83,0.3381592926679389,49,21.408454
492,12,t_x_26,0.33710634432496456,48,21.445998
493,13,t_x_77,0.33679519038950717,30,21.471186
494,14,t_x_21,0.33674725056917193,29,21.502868
495,15,t_x_80,0.33654528594539296,28,21.535122
496,16,t_x_78,0.33629539686852905,27,21.566775
497,17,t_x_20,0.3353069744273539,26,21.597951
498,13,t_x_159,0.3369646913562073,47,21.640448
499,14,t_x_77,0.33679519038950717,46,21.663754
500,15,t_x_21,0.33674725056917193,45,21.698700
501,16,t_x_80,0.33654528594539296,44,21.734623
502,17,t_x_78,0.33629539686852905,43,21.769230
503,18,t_x_20,0.3353069744273539,42,21.802980
504,19,t_x_85,0.3329427103660081,41,21.837989
505,20,t_x_86,0.33251677012533615,40,21.872219
506,21,t_x_75,0.3306908869598732,39,21.896646
507,22,t_x_201,0.3291212094295495,38,21.919276
508,23,t_x_129,0.3285813450795422,37,21.942094
509,24,t_x_367,0.32833040353733933,36,21.964867
510,25,t_x_374,0.32811552122135923,35,21.987371
511,26,t_x_68,0.32792695399343874,34,22.009314
512,27,t_x_172,0.32742867952012167,33,22.031523
513,28,t_x_79,0.3273105193088242,32,22.053083
514,29,t_x_19,0.32721141007081767,31,22.084614
515,30,t_x_15,0.3268669079888928,30,22.116405
516,31,t_x_22,0.32643339157926643,29,22.139438
517,32,t_x_301,0.32545457191610666,28,22.161025
518,33,t_x_14,0.3274421151063002,40,22.202384
519,34,t_x_236,0.3274205406343998,39,22.223392
520,35,t_x_169,0.32737452520812826,38,22.244403
521,36,t_x_10,0.3272199581788964,37,22.265558
522,37,t_x_168,0.3271013922953005,36,22.286466
523,38,t_x_234,0.32669830148764506,35,22.307764
524,39,t_x_8,0.3252872337777598,34,22.328375
525,40,t_x_163,0.32498562062928704,33,22.349340
526,41,t_x_18,0.3246724231025938,32,22.369972
527,42,t_x_16,0.3238783027854283,31,22.389972
528,15,t_x_89,0.3418552133182626,112,22.426331
529,16,t_x_76,0.3397542609479636,35,22.477837
530,17,t_x_365,0.3384154625966223,34,22.510293
531,18,t_x_83,0.3381592926679389,33,22.531571
532,19,t_x_159,0.3369646913562073,32,22.563468
533,20,t_x_77,0.33679519038950717,31,22.585113
534,21,t_x_80,0.33654528594539296,30,22.616874
535,22,t_x_78,0.33629539686852905,29,22.637937
536,23,t_x_85,0.3329427103660081,28,22.668525
537,10,t_x_170,0.33769692936302953,101,22.713498
538,11,t_x_200,0.3375840595031447,47,22.760774
539,12,t_x_80,0.33654528594539296,46,22.785215
540,13,t_x_173,0.33433990479887415,45,22.821552
541,14,t_x_178,0.33370108203626037,27,22.846016
542,15,t_x_407,0.3335813800840952,26,22.875901
543,14,t_x_178,0.33370108203626037,44,22.909317
544,15,t_x_407,0.3335813800840952,43,22.946326
545,16,t_x_165,0.3325348186944436,42,22.969228
546,17,t_x_264,0.3315550653762067,41,23.002612
547,18,t_x_177,0.3304125989308909,40,23.036135
548,19,t_x_176,0.32783752541092237,39,23.069194
549,20,t_x_172,0.32742867952012167,38,23.102037
550,21,t_x_169,0.32737452520812826,37,23.134218
551,22,t_x_145,0.32726340919038455,36,23.166937
552,23,t_x_168,0.3271013922953005,35,23.188368
553,24,t_x_192,0.3270128963252965,34,23.220422
554,25,t_x_239,0.32682813220844253,33,23.241929
555,26,t_x_171,0.32614527961942785,32,23.263431
556,27,t_x_226,0.3256741836549671,31,23.314364
557,28,t_x_166,0.32545563514268605,30,23.339643
558,29,t_x_167,0.3242644250523776,29,23.363595
559,30,t_x_251,0.32383884010279435,28,23.387369
560,11,t_x_88,0.36565753033657356,113,23.440867
561,12,t_x_335,0.35159119477102835,55,23.498843
562,13,t_x_89,0.3418552133182626,54,23.528415
563,14,t_x_76,0.3397542609479636,53,23.576770
564,15,t_x_365,0.3384154625966223,52,23.625873
565,16,t_x_83,0.3381592926679389,51,23.654580
566,17,t_x_77,0.33679519038950717,50,23.702469
567,18,t_x_80,0.33654528594539296,49,23.751189
568,19,t_x_78,0.33629539686852905,48,23.796695
569,20,t_x_20,0.3353069744273539,47,23.839945
570,21,t_x_85,0.3329427103660081,46,23.880905
571,22,t_x_86,0.33251677012533615,45,23.921511
572,23,t_x_75,0.3306908869598732,44,23.962816
573,24,t_x_129,0.3285813450795422,43,24.002192
574,25,t_x_66,0.32837626014866994,42,24.029284
575,26,t_x_122,0.3281171678472218,41,24.056436
576,27,t_x_68,0.32792695399343874,40,24.082995
577,28,t_x_172,0.32742867952012167,39,24.110251
578,29,t_x_79,0.3273105193088242,38,24.137360
579,30,t_x_19,0.32721141007081767,37,24.174508
580,31,t_x_341,0.32680349009166004,36,24.200604
581,32,t_x_301,0.32545457191610666,35,24.228045
582,33,t_x_287,0.324896557933668,34,24.253680
583,34,t_x_328,0.3235503395467524,33,24.280194
584,35,t_x_408,0.3235294581808897,32,24.305330
585,36,t_x_36,0.32315741763196254,31,24.331225
586,37,t_x_27,0.3226116951650698,30,24.355960
587,38,t_x_91,0.32105979179969935,29,24.380845
588,39,t_x_324,0.3205857039195655,28,24.406487
589,13,t_x_438,0.3565528845738105,97,24.461958
590,14,t_x_216,0.3521249995622725,96,24.533972
591,15,t_x_335,0.35159119477102835,95,24.605309
592,16,t_x_330,0.3364988573519652,39,24.660887
593,17,t_x_342,0.33409322479786047,38,24.701044
594,18,t_x_407,0.3335813800840952,37,24.742372
595,19,t_x_333,0.3316796543199385,36,24.774387
596,20,t_x_332,0.33044324480598997,35,24.813315
597,21,t_x_343,0.32851280584207715,34,24.852401
598,22,t_x_236,0.3274205406343998,33,24.879557
599,23,t_x_331,0.3274126242838769,32,24.907353
600,24,t_x_229,0.32710653484174335,31,24.943797
601,25,t_x_239,0.32682813220844253,30,24.971081
602,26,t_x_341,0.32680349009166004,29,24.998037
603,27,t_x_339,0.3264010485281532,28,25.024788
604,8,t_x_334,0.3669507080339,89,25.078059
605,9,t_x_88,0.36565753033657356,88,25.139530
606,10,t_x_355,0.3604684222607647,87,25.200522
607,11,t_x_335,0.35159119477102835,86,25.235756
608,12,t_x_83,0.3381592926679389,85,25.297482
609,13,t_x_164,0.33768298287911286,84,25.357391
610,14,t_x_64,0.33373433301465677,28,25.403393
611,17,t_x_67,0.33840693255154114,66,25.451223
612,18,t_x_200,0.3375840595031447,65,25.505479
613,19,t_x_372,0.33630744661103745,64,25.559865
614,20,t_x_173,0.33433990479887415,63,25.592229
615,21,t_x_64,0.33373433301465677,62,25.628000
616,22,t_x_407,0.3335813800840952,61,25.679574
617,12,t_x_67,0.33840693255154114,83,25.740792
618,13,t_x_170,0.33769692936302953,82,25.800507
619,14,t_x_330,0.3364988573519652,81,25.859521
620,15,t_x_293,0.33349881435358497,80,25.918445
621,16,t_x_165,0.3325348186944436,79,25.952487
622,17,t_x_65,0.3322614622728081,78,26.010831
623,16,t_x_365,0.3384154625966223,71,26.055086
624,17,t_x_77,0.33679519038950717,29,26.098998
625,18,t_x_21,0.33674725056917193,28,26.123643
626,19,t_x_173,0.33433990479887415,84,26.174563
627,20,t_x_430,0.3340991054175165,83,26.234750
628,21,t_x_144,0.33260950631875075,31,26.279674
629,22,t_x_425,0.33238127630915515,30,26.315752
630,23,t_x_426,0.32934656915668087,29,26.351147
631,24,t_x_420,0.328837001787633,28,26.385210
632,24,t_x_407,0.3335813800840952,55,26.445045
633,25,t_x_213,0.33049205655507957,54,26.479033
634,26,t_x_332,0.33044324480598997,28,26.515802
635,27,t_x_365,0.3384154625966223,99,26.569994
636,28,t_x_83,0.3381592926679389,98,26.641273
637,29,t_x_77,0.33679519038950717,38,26.697485
638,30,t_x_80,0.33654528594539296,37,26.736120
639,31,t_x_330,0.3364988573519652,36,26.761924
640,32,t_x_78,0.33629539686852905,35,26.787571
641,33,t_x_85,0.3329427103660081,34,26.824493
642,34,t_x_86,0.33251677012533615,33,26.862040
643,35,t_x_361,0.33157642028416945,32,26.898972
644,36,t_x_75,0.3306908869598732,31,26.924046
645,37,t_x_373,0.3291839228566644,30,26.949125
646,38,t_x_97,0.3290778133744423,29,26.974594
647,39,t_x_122,0.3281171678472218,28,27.000243
648,21,t_x_423,0.33279429776079117,64,27.052536
649,22,t_x_425,0.33238127630915515,63,27.105895
650,23,t_x_100,0.33060072836282683,62,27.143039
651,24,t_x_177,0.3304125989308909,61,27.196259
652,25,t_x_426,0.32934656915668087,60,27.248107
653,26,t_x_97,0.3290778133744423,59,27.279839
654,26,t_x_330,0.3364988573519652,78,27.325664
655,27,t_x_342,0.33409322479786047,33,27.371547
656,28,t_x_407,0.3335813800840952,32,27.408890
657,29,t_x_417,0.33220260282135483,31,27.438800
658,30,t_x_333,0.3316796543199385,30,27.465239
659,31,t_x_332,0.33044324480598997,29,27.501577
660,32,t_x_343,0.32851280584207715,28,27.537342
661,23,t_x_200,0.3375840595031447,63,27.597903
662,24,t_x_78,0.33629539686852905,62,27.630345
663,25,t_x_430,0.3340991054175165,61,27.665093
664,26,t_x_293,0.33349881435358497,60,27.717126
665,27,t_x_423,0.33279429776079117,59,27.768745
666,28,t_x_361,0.33157642028416945,58,27.819581
667,27,t_x_76,0.3397542609479636,423,27.881979
668,28,t_x_25,0.3388881960489056,93,28.059982
669,29,t_x_83,0.3381592926679389,92,28.123739
670,30,t_x_77,0.33679519038950717,34,28.167005
671,31,t_x_80,0.33654528594539296,33,28.199519
672,32,t_x_78,0.33629539686852905,32,28.220485
673,33,t_x_85,0.3329427103660081,31,28.241587
674,34,t_x_86,0.33251677012533615,30,28.273005
675,35,t_x_75,0.3306908869598732,29,28.295126
676,36,t_x_37,0.32979972676975927,28,28.320426
677,9,t_x_288,0.35556806203507985,103,28.375681
678,10,t_x_89,0.3418552133182626,102,28.444327
679,11,t_x_76,0.3397542609479636,36,28.499095
680,12,t_x_83,0.3381592926679389,35,28.536500
681,13,t_x_159,0.3369646913562073,34,28.573535
682,14,t_x_77,0.33679519038950717,33,28.598918
683,15,t_x_80,0.33654528594539296,32,28.634937
684,16,t_x_78,0.33629539686852905,31,28.660110
685,17,t_x_407,0.3335813800840952,30,28.694853
686,18,t_x_85,0.3329427103660081,29,28.719974
687,19,t_x_86,0.33251677012533615,28,28.743821
688,16,t_x_76,0.3397542609479636,111,28.799573
689,17,t_x_83,0.3381592926679389,37,28.856592
690,18,t_x_77,0.33679519038950717,36,28.893354
691,19,t_x_80,0.33654528594539296,35,28.930321
692,20,t_x_78,0.33629539686852905,34,28.967296
693,21,t_x_85,0.3329427103660081,33,29.004219
694,22,t_x_86,0.33251677012533615,32,29.031375
695,23,t_x_75,0.3306908869598732,31,29.058192
696,24,t_x_373,0.3291839228566644,30,29.083177
697,25,t_x_367,0.32833040353733933,29,29.107537
698,26,t_x_172,0.32742867952012167,28,29.133061
699,28,t_x_25,0.3388881960489056,422,29.203423
700,29,t_x_365,0.3384154625966223,81,29.382557
701,30,t_x_83,0.3381592926679389,80,29.438193
702,31,t_x_23,0.33750992239639216,79,29.499262
703,32,t_x_26,0.33710634432496456,35,29.540143
704,33,t_x_21,0.33674725056917193,34,29.575027
705,34,t_x_78,0.33629539686852905,33,29.609697
706,35,t_x_20,0.3353069744273539,32,29.645001
707,36,t_x_85,0.3329427103660081,31,29.679149
708,37,t_x_75,0.3306908869598732,30,29.702660
709,38,t_x_373,0.3291839228566644,29,29.736523
710,39,t_x_270,0.32783001401543077,28,29.760381
711,32,t_x_26,0.33710634432496456,78,29.799139
712,33,t_x_21,0.33674725056917193,43,29.842778
713,34,t_x_80,0.33654528594539296,42,29.881374
714,35,t_x_78,0.33629539686852905,41,29.920333
715,36,t_x_20,0.3353069744273539,40,29.958943
716,37,t_x_85,0.3329427103660081,39,29.995679
717,38,t_x_86,0.33251677012533615,38,30.021296
718,39,t_x_75,0.3306908869598732,37,30.047250
719,40,t_x_373,0.3291839228566644,36,30.084183
720,41,t_x_97,0.3290778133744423,35,30.109567
721,42,t_x_374,0.32811552122135923,34,30.135702
722,43,t_x_270,0.32783001401543077,33,30.161270
723,44,t_x_19,0.32721141007081767,32,30.186115
724,45,t_x_15,0.3268669079888928,31,30.220896
725,46,t_x_22,0.32643339157926643,30,30.256650
726,47,t_x_56,0.32519348547158655,29,30.283124
727,48,t_x_163,0.32498562062928704,28,30.308172
728,33,t_x_21,0.33674725056917193,77,30.346670
729,34,t_x_20,0.3353069744273539,31,30.388229
730,35,t_x_75,0.3306908869598732,30,30.424361
731,36,t_x_45,0.32813523944670725,29,30.449578
732,37,t_x_270,0.32783001401543077,28,30.473985
733,34,t_x_80,0.33654528594539296,76,30.513007
734,35,t_x_78,0.33629539686852905,75,30.566574
735,36,t_x_20,0.3353069744273539,74,30.622193
736,37,t_x_85,0.3329427103660081,36,30.660543
737,38,t_x_86,0.33251677012533615,35,30.697374
738,39,t_x_75,0.3306908869598732,34,30.722430
739,40,t_x_13,0.32947148876779175,33,30.746054
740,41,t_x_373,0.3291839228566644,32,30.770151
741,42,t_x_97,0.3290778133744423,31,30.794752
742,43,t_x_45,0.32813523944670725,30,30.820034
743,44,t_x_374,0.32811552122135923,29,30.844541
744,45,t_x_19,0.32721141007081767,28,30.868559
745,37,t_x_85,0.3329427103660081,73,30.908291
746,38,t_x_86,0.33251677012533615,72,30.960876
747,39,t_x_133,0.3319127428670663,71,31.013379
748,40,t_x_75,0.3306908869598732,70,31.044662
749,41,t_x_13,0.32947148876779175,69,31.094815
750,42,t_x_2,0.3292931030611546,68,31.147346
751,43,t_x_373,0.3291839228566644,67,31.199328
752,44,t_x_97,0.3290778133744423,66,31.232336
753,45,t_x_45,0.32813523944670725,65,31.263232
754,46,t_x_374,0.32811552122135923,64,31.295679
755,47,t_x_270,0.32783001401543077,63,31.325825
756,48,t_x_79,0.3273105193088242,62,31.375769
757,49,t_x_10,0.3272199581788964,61,31.424522
758,50,t_x_19,0.32721141007081767,60,31.454253
759,51,t_x_15,0.3268669079888928,59,31.501815
760,52,t_x_22,0.32643339157926643,58,31.548678
761,53,t_x_8,0.3252872337777598,57,31.596610
762,54,t_x_56,0.32519348547158655,56,31.625569
763,55,t_x_163,0.32498562062928704,55,31.654371
764,17,t_x_365,0.3384154625966223,110,31.717660
765,18,t_x_83,0.3381592926679389,109,31.793253
766,19,t_x_26,0.33710634432496456,44,31.844807
767,20,t_x_77,0.33679519038950717,43,31.886495
768,21,t_x_80,0.33654528594539296,42,31.926655
769,22,t_x_78,0.33629539686852905,41,31.967305
770,23,t_x_20,0.3353069744273539,40,32.006563
771,24,t_x_293,0.33349881435358497,39,32.044920
772,25,t_x_85,0.3329427103660081,38,32.072967
773,26,t_x_86,0.33251677012533615,37,32.111583
774,27,t_x_156,0.3322492503371881,36,32.140662
775,28,t_x_268,0.3320393451891257,35,32.168215
776,29,t_x_75,0.3306908869598732,34,32.194820
777,30,t_x_373,0.3291839228566644,33,32.220824
778,31,t_x_122,0.3281171678472218,32,32.247265
779,32,t_x_374,0.32811552122135923,31,32.273685
780,33,t_x_400,0.3277550551348225,30,32.300214
781,34,t_x_79,0.3273105193088242,29,32.326164
782,35,t_x_15,0.3268669079888928,28,32.350251
783,25,t_x_26,0.33710634432496456,43,32.398448
784,26,t_x_21,0.33674725056917193,42,32.435874
785,27,t_x_20,0.3353069744273539,41,32.472404
786,28,t_x_173,0.33433990479887415,40,32.508492
787,29,t_x_177,0.3304125989308909,39,32.533504
788,30,t_x_176,0.32783752541092237,38,32.558290
789,11,t_x_76,0.3397542609479636,101,32.600564
790,12,t_x_25,0.3388881960489056,41,32.653184
791,13,t_x_83,0.3381592926679389,40,32.692049
792,14,t_x_77,0.33679519038950717,39,32.728926
793,15,t_x_80,0.33654528594539296,38,32.765691
794,16,t_x_78,0.33629539686852905,37,32.803519
795,17,t_x_85,0.3329427103660081,36,32.840356
796,18,t_x_86,0.33251677012533615,35,32.867601
797,19,t_x_417,0.33220260282135483,34,32.894050
798,20,t_x_75,0.3306908869598732,33,32.916146
799,21,t_x_37,0.32979972676975927,32,32.948116
800,22,t_x_367,0.32833040353733933,31,32.970030
801,23,t_x_71,0.32765571981761243,30,32.991039
802,24,t_x_172,0.32742867952012167,29,33.011671
803,25,t_x_79,0.3273105193088242,28,33.032223
804,29,t_x_23,0.33750992239639216,97,33.085631
805,30,t_x_159,0.3369646913562073,28,33.136197
806,30,t_x_170,0.33769692936302953,91,33.181606
807,31,t_x_23,0.33750992239639216,90,33.242350
808,32,t_x_77,0.33679519038950717,89,33.300076
809,33,t_x_80,0.33654528594539296,35,33.344953
810,34,t_x_78,0.33629539686852905,34,33.377488
811,35,t_x_85,0.3329427103660081,33,33.409227
812,36,t_x_86,0.33251677012533615,32,33.440591
813,37,t_x_417,0.33220260282135483,31,33.463236
814,38,t_x_333,0.3316796543199385,30,33.484715
815,39,t_x_75,0.3306908869598732,29,33.505795
816,40,t_x_37,0.32979972676975927,28,33.536046
817,23,t_x_417,0.33220260282135483,60,33.578344
818,24,t_x_213,0.33049205655507957,59,33.607281
819,25,t_x_177,0.3304125989308909,58,33.632609
820,26,t_x_201,0.3291212094295495,57,33.660196
821,27,t_x_367,0.32833040353733933,56,33.703605
822,28,t_x_176,0.32783752541092237,55,33.728135
823,26,t_x_332,0.33044324480598997,53,33.777250
824,27,t_x_367,0.32833040353733933,52,33.819116
825,28,t_x_68,0.32792695399343874,51,33.843703
826,29,t_x_411,0.32753300194262525,50,33.869110
827,30,t_x_331,0.3274126242838769,49,33.895676
828,31,t_x_192,0.3270128963252965,48,33.932627
829,38,t_x_101,0.32643855400786287,58,33.977838
830,39,t_x_22,0.32643339157926643,57,34.002138
831,40,t_x_369,0.3257086592576262,56,34.043405
832,41,t_x_366,0.32490447930058935,55,34.067905
833,42,t_x_18,0.3246724231025938,54,34.092896
834,43,t_x_53,0.323954494307468,53,34.129800
835,19,t_x_164,0.33768298287911286,108,34.166720
836,20,t_x_159,0.3369646913562073,33,34.213169
837,21,t_x_21,0.33674725056917193,32,34.233682
838,22,t_x_20,0.3353069744273539,31,34.266109
839,23,t_x_156,0.3322492503371881,30,34.287078
840,24,t_x_373,0.3291839228566644,29,34.307684
841,25,t_x_367,0.32833040353733933,28,34.328742
842,17,t_x_26,0.33710634432496456,70,34.371087
843,18,t_x_159,0.3369646913562073,69,34.419703
844,19,t_x_77,0.33679519038950717,68,34.468421
845,20,t_x_21,0.33674725056917193,67,34.515761
846,21,t_x_330,0.3364988573519652,66,34.562690
847,22,t_x_372,0.33630744661103745,65,34.588519
848,12,t_x_25,0.3388881960489056,100,34.643713
849,13,t_x_83,0.3381592926679389,33,34.692739
850,14,t_x_26,0.33710634432496456,32,34.723879
851,15,t_x_21,0.33674725056917193,31,34.755340
852,16,t_x_80,0.33654528594539296,30,34.787163
853,17,t_x_78,0.33629539686852905,29,34.818440
854,18,t_x_20,0.3353069744273539,28,34.839515
855,33,t_x_80,0.33654528594539296,88,34.892707
856,34,t_x_78,0.33629539686852905,33,34.935122
857,35,t_x_85,0.3329427103660081,32,34.966988
858,36,t_x_86,0.33251677012533615,31,34.998961
859,37,t_x_333,0.3316796543199385,30,35.021267
860,38,t_x_75,0.3306908869598732,29,35.042356
861,39,t_x_318,0.3286139811380062,28,35.073114
862,30,t_x_159,0.3369646913562073,96,35.116690
863,31,t_x_77,0.33679519038950717,95,35.174515
864,32,t_x_80,0.33654528594539296,34,35.218050
865,33,t_x_78,0.33629539686852905,33,35.251230
866,34,t_x_85,0.3329427103660081,32,35.283395
867,35,t_x_86,0.33251677012533615,31,35.315340
868,36,t_x_417,0.33220260282135483,30,35.338217
869,37,t_x_333,0.3316796543199385,29,35.359868
870,38,t_x_361,0.33157642028416945,28,35.381449
871,20,t_x_26,0.33710634432496456,107,35.425326
872,21,t_x_77,0.33679519038950717,44,35.473115
873,22,t_x_21,0.33674725056917193,43,35.510049
874,23,t_x_80,0.33654528594539296,42,35.543996
875,24,t_x_78,0.33629539686852905,41,35.578169
876,25,t_x_20,0.3353069744273539,40,35.612382
877,26,t_x_85,0.3329427103660081,39,35.645906
878,27,t_x_86,0.33251677012533615,38,35.680006
879,28,t_x_156,0.3322492503371881,37,35.713723
880,29,t_x_75,0.3306908869598732,36,35.736161
881,30,t_x_373,0.3291839228566644,35,35.758092
882,31,t_x_129,0.3285813450795422,34,35.780182
883,32,t_x_367,0.32833040353733933,33,35.802778
884,33,t_x_374,0.32811552122135923,32,35.824780
885,34,t_x_19,0.32721141007081767,31,35.846593
886,35,t_x_15,0.3268669079888928,30,35.877865
887,36,t_x_22,0.32643339157926643,29,35.909679
888,37,t_x_16,0.3238783027854283,28,35.941282
889,21,t_x_159,0.3369646913562073,106,35.989503
890,22,t_x_77,0.33679519038950717,105,36.049950
891,23,t_x_80,0.33654528594539296,42,36.096295
892,24,t_x_78,0.33629539686852905,41,36.131044
893,25,t_x_20,0.3353069744273539,40,36.165449
894,26,t_x_85,0.3329427103660081,39,36.199392
895,27,t_x_86,0.33251677012533615,38,36.233519
896,28,t_x_75,0.3306908869598732,37,36.267756
897,29,t_x_201,0.3291212094295495,36,36.289469
898,30,t_x_129,0.3285813450795422,35,36.312255
899,31,t_x_367,0.32833040353733933,34,36.334645
900,32,t_x_374,0.32811552122135923,33,36.356328
901,33,t_x_79,0.3273105193088242,32,36.378031
902,34,t_x_19,0.32721141007081767,31,36.409988
903,35,t_x_22,0.32643339157926643,30,36.430804
904,36,t_x_237,0.32638683091703363,29,36.451364
905,37,t_x_301,0.32545457191610666,28,36.472772
906,45,t_x_192,0.3270128963252965,62,36.516140
907,46,t_x_341,0.32680349009166004,61,36.562258
908,47,t_x_234,0.32669830148764506,60,36.592087
909,48,t_x_22,0.32643339157926643,59,36.619249
910,49,t_x_339,0.3264010485281532,58,36.646420
911,50,t_x_237,0.32638683091703363,57,36.672040
912,13,t_x_83,0.3381592926679389,99,36.710041
913,14,t_x_26,0.33710634432496456,38,36.753844
914,15,t_x_77,0.33679519038950717,37,36.786868
915,16,t_x_80,0.33654528594539296,36,36.819983
916,17,t_x_78,0.33629539686852905,35,36.842165
917,18,t_x_20,0.3353069744273539,34,36.864467
918,19,t_x_85,0.3329427103660081,33,36.885680
919,20,t_x_86,0.33251677012533615,32,36.909132
920,21,t_x_361,0.33157642028416945,31,36.930289
921,22,t_x_75,0.3306908869598732,30,36.952101
922,23,t_x_37,0.32979972676975927,29,36.973509
923,24,t_x_97,0.3290778133744423,28,36.995692
924,23,t_x_21,0.33674725056917193,104,37.039570
925,24,t_x_20,0.3353069744273539,36,37.086468
926,25,t_x_75,0.3306908869598732,35,37.119695
927,26,t_x_201,0.3291212094295495,34,37.141357
928,27,t_x_400,0.3277550551348225,33,37.163905
929,28,t_x_79,0.3273105193088242,32,37.185509
930,29,t_x_19,0.32721141007081767,31,37.207290
931,30,t_x_15,0.3268669079888928,30,37.238130
932,31,t_x_22,0.32643339157926643,29,37.269647
933,32,t_x_301,0.32545457191610666,28,37.300919
934,34,t_x_78,0.33629539686852905,87,37.344932
935,35,t_x_85,0.3329427103660081,32,37.384661
936,36,t_x_86,0.33251677012533615,31,37.416819
937,37,t_x_417,0.33220260282135483,30,37.438200
938,38,t_x_333,0.3316796543199385,29,37.459507
939,39,t_x_75,0.3306908869598732,28,37.480003
940,32,t_x_80,0.33654528594539296,94,37.531074
941,33,t_x_78,0.33629539686852905,30,37.575547
942,34,t_x_407,0.3335813800840952,29,37.596671
943,35,t_x_85,0.3329427103660081,28,37.617889
944,11,t_x_200,0.3375840595031447,100,37.661657
945,12,t_x_80,0.33654528594539296,99,37.691328
946,13,t_x_407,0.3335813800840952,37,37.736754
947,14,t_x_165,0.3325348186944436,36,37.758802
948,15,t_x_86,0.33251677012533615,35,37.791203
949,16,t_x_264,0.3315550653762067,34,37.823663
950,17,t_x_153,0.32837066835719786,33,37.845094
951,18,t_x_79,0.3273105193088242,32,37.866307
952,19,t_x_168,0.3271013922953005,31,37.887036
953,20,t_x_260,0.32650316371008,30,37.907994
954,21,t_x_166,0.32545563514268605,29,37.928950
955,22,t_x_41,0.32432807218660503,28,37.949918
956,24,t_x_80,0.33654528594539296,103,37.994342
957,25,t_x_78,0.33629539686852905,39,38.038685
958,26,t_x_20,0.3353069744273539,38,38.073025
959,27,t_x_85,0.3329427103660081,37,38.106907
960,28,t_x_86,0.33251677012533615,36,38.140023
961,29,t_x_75,0.3306908869598732,35,38.173067
962,30,t_x_66,0.32837626014866994,34,38.205146
963,31,t_x_122,0.3281171678472218,33,38.226317
964,32,t_x_236,0.3274205406343998,32,38.247473
965,33,t_x_79,0.3273105193088242,31,38.268961
966,34,t_x_15,0.3268669079888928,30,38.291597
967,35,t_x_237,0.32638683091703363,29,38.312505
968,36,t_x_167,0.3242644250523776,28,38.334616
969,25,t_x_78,0.33629539686852905,102,38.371643
970,26,t_x_293,0.33349881435358497,38,38.419557
971,27,t_x_85,0.3329427103660081,37,38.443070
972,28,t_x_86,0.33251677012533615,36,38.477254
973,29,t_x_156,0.3322492503371881,35,38.498970
974,30,t_x_268,0.3320393451891257,34,38.521005
975,31,t_x_75,0.3306908869598732,33,38.543160
976,32,t_x_172,0.32742867952012167,32,38.575676
977,33,t_x_79,0.3273105193088242,31,38.597450
978,34,t_x_19,0.32721141007081767,30,38.620230
979,35,t_x_15,0.3268669079888928,29,38.640934
980,36,t_x_341,0.32680349009166004,28,38.661793
981,26,t_x_20,0.3353069744273539,101,38.699331
982,27,t_x_85,0.3329427103660081,34,38.746552
983,28,t_x_86,0.33251677012533615,33,38.779691
984,29,t_x_156,0.3322492503371881,32,38.800805
985,30,t_x_75,0.3306908869598732,31,38.822370
986,31,t_x_373,0.3291839228566644,30,38.843448
987,32,t_x_122,0.3281171678472218,29,38.864512
988,33,t_x_374,0.32811552122135923,28,38.885931
989,27,t_x_293,0.33349881435358497,100,38.922073
990,28,t_x_85,0.3329427103660081,99,38.953288
991,29,t_x_86,0.33251677012533615,34,38.999078
992,30,t_x_156,0.3322492503371881,33,39.031227
993,31,t_x_268,0.3320393451891257,32,39.052338
994,32,t_x_75,0.3306908869598732,31,39.072975
995,33,t_x_129,0.3285813450795422,30,39.093375
996,34,t_x_122,0.3281171678472218,29,39.113785
997,35,t_x_79,0.3273105193088242,28,39.133808
998,29,t_x_86,0.33251677012533615,98,39.169582
999,30,t_x_75,0.3306908869598732,35,39.218904
1000,31,t_x_373,0.3291839228566644,34,39.251540
1001,32,t_x_129,0.3285813450795422,33,39.273782
1002,33,t_x_122,0.3281171678472218,32,39.295519
1003,34,t_x_79,0.3273105193088242,31,39.317510
1004,35,t_x_19,0.32721141007081767,30,39.338898
1005,36,t_x_22,0.32643339157926643,29,39.359842
1006,37,t_x_167,0.3242644250523776,28,39.380603
1007,30,t_x_156,0.3322492503371881,97,39.417774
1008,31,t_x_268,0.3320393451891257,96,39.476084
1009,32,t_x_75,0.3306908869598732,95,39.532979
1010,33,t_x_122,0.3281171678472218,28,39.575596
1011,33,t_x_373,0.3291839228566644,94,39.611451
1012,34,t_x_201,0.3291212094295495,93,39.668305
1013,35,t_x_129,0.3285813450795422,92,39.698911
1014,36,t_x_66,0.32837626014866994,91,39.754219
1015,37,t_x_367,0.32833040353733933,90,39.810894
1016,38,t_x_122,0.3281171678472218,89,39.865636
1017,39,t_x_374,0.32811552122135923,88,39.921937
1018,40,t_x_68,0.32792695399343874,87,39.975256
1019,41,t_x_400,0.3277550551348225,86,40.038657
1020,42,t_x_172,0.32742867952012167,85,40.073355
1021,43,t_x_236,0.3274205406343998,84,40.126139
1022,14,t_x_26,0.33710634432496456,98,40.166945
1023,15,t_x_77,0.33679519038950717,42,40.211331
1024,16,t_x_21,0.33674725056917193,41,40.246479
1025,17,t_x_80,0.33654528594539296,40,40.281327
1026,18,t_x_78,0.33629539686852905,39,40.315375
1027,19,t_x_20,0.3353069744273539,38,40.353029
1028,20,t_x_407,0.3335813800840952,37,40.388319
1029,21,t_x_85,0.3329427103660081,36,40.411005
1030,22,t_x_86,0.33251677012533615,35,40.444420
1031,23,t_x_361,0.33157642028416945,34,40.477274
1032,24,t_x_75,0.3306908869598732,33,40.499484
1033,25,t_x_97,0.3290778133744423,32,40.521104
1034,26,t_x_129,0.3285813450795422,31,40.543309
1035,27,t_x_367,0.32833040353733933,30,40.565652
1036,28,t_x_374,0.32811552122135923,29,40.588010
1037,29,t_x_270,0.32783001401543077,28,40.609819
1038,23,t_x_78,0.33629539686852905,64,40.654788
1039,24,t_x_20,0.3353069744273539,63,40.683501
1040,25,t_x_430,0.3340991054175165,62,40.728677
1041,26,t_x_423,0.33279429776079117,61,40.774745
1042,27,t_x_144,0.33260950631875075,60,40.819249
1043,28,t_x_361,0.33157642028416945,59,40.844566
1044,59,t_x_192,0.3270128963252965,69,40.897254
1045,60,t_x_15,0.3268669079888928,68,40.944149
1046,61,t_x_132,0.3268587771808999,67,40.970285
1047,62,t_x_101,0.32643855400786287,66,41.015992
1048,63,t_x_171,0.32614527961942785,29,41.058441
1049,64,t_x_130,0.3237189430626469,28,41.082035
1050,35,t_x_178,0.33370108203626037,86,41.127641
1051,36,t_x_85,0.3329427103660081,85,41.182249
1052,37,t_x_86,0.33251677012533615,35,41.223299
1053,38,t_x_333,0.3316796543199385,34,41.255614
1054,39,t_x_75,0.3306908869598732,33,41.277072
1055,40,t_x_37,0.32979972676975927,32,41.297450
1056,41,t_x_153,0.32837066835719786,31,41.318584
1057,42,t_x_176,0.32783752541092237,30,41.339382
1058,43,t_x_71,0.32765571981761243,29,41.359982
1059,44,t_x_79,0.3273105193088242,28,41.380732
1060,33,t_x_330,0.3364988573519652,93,41.433053
1061,34,t_x_78,0.33629539686852905,92,41.488998
1062,35,t_x_407,0.3335813800840952,35,41.533871
1063,36,t_x_85,0.3329427103660081,34,41.555965
1064,37,t_x_86,0.33251677012533615,33,41.588470
1065,38,t_x_417,0.33220260282135483,32,41.612036
1066,39,t_x_133,0.3319127428670663,31,41.634203
1067,40,t_x_333,0.3316796543199385,30,41.656219
1068,41,t_x_75,0.3306908869598732,29,41.677954
1069,42,t_x_79,0.3273105193088242,28,41.704294
1070,16,t_x_365,0.3384154625966223,94,41.761307
1071,17,t_x_80,0.33654528594539296,93,41.821650
1072,18,t_x_330,0.3364988573519652,92,41.881696
1073,19,t_x_342,0.33409322479786047,41,41.928241
1074,20,t_x_407,0.3335813800840952,40,41.964343
1075,21,t_x_425,0.33238127630915515,39,41.987642
1076,22,t_x_333,0.3316796543199385,38,42.013587
1077,23,t_x_361,0.33157642028416945,37,42.047017
1078,24,t_x_332,0.33044324480598997,36,42.070663
1079,25,t_x_343,0.32851280584207715,35,42.103929
1080,26,t_x_411,0.32753300194262525,34,42.137373
1081,27,t_x_331,0.3274126242838769,33,42.159704
1082,28,t_x_229,0.32710653484174335,32,42.191819
1083,29,t_x_341,0.32680349009166004,31,42.214040
1084,30,t_x_234,0.32669830148764506,30,42.236133
1085,31,t_x_339,0.3264010485281532,29,42.258576
1086,32,t_x_340,0.32488452727089095,28,42.280102
1087,15,t_x_159,0.3369646913562073,97,42.325378
1088,16,t_x_77,0.33679519038950717,96,42.383000
1089,17,t_x_80,0.33654528594539296,39,42.430155
1090,18,t_x_372,0.33630744661103745,38,42.463955
1091,19,t_x_78,0.33629539686852905,37,42.486426
1092,20,t_x_20,0.3353069744273539,36,42.508214
1093,21,t_x_85,0.3329427103660081,35,42.529552
1094,22,t_x_86,0.33251677012533615,34,42.561999
1095,23,t_x_417,0.33220260282135483,33,42.594154
1096,24,t_x_361,0.33157642028416945,32,42.616446
1097,25,t_x_75,0.3306908869598732,31,42.637965
1098,26,t_x_37,0.32979972676975927,30,42.658737
1099,27,t_x_201,0.3291212094295495,29,42.680208
1100,28,t_x_129,0.3285813450795422,28,42.701905
1101,12,t_x_413,0.3576240767639526,112,42.747061
1102,13,t_x_335,0.35159119477102835,111,42.810042
1103,14,t_x_89,0.3418552133182626,110,42.875773
1104,15,t_x_76,0.3397542609479636,49,42.925557
1105,16,t_x_365,0.3384154625966223,48,42.968347
1106,17,t_x_83,0.3381592926679389,47,42.992640
1107,18,t_x_23,0.33750992239639216,46,43.031968
1108,19,t_x_77,0.33679519038950717,45,43.079425
1109,20,t_x_80,0.33654528594539296,44,43.114716
1110,21,t_x_330,0.3364988573519652,43,43.151016
1111,22,t_x_78,0.33629539686852905,42,43.173859
1112,23,t_x_85,0.3329427103660081,41,43.209109
1113,24,t_x_102,0.3327795616365271,40,43.243378
1114,25,t_x_86,0.33251677012533615,39,43.266399
1115,26,t_x_417,0.33220260282135483,38,43.300498
1116,27,t_x_133,0.3319127428670663,37,43.322746
1117,28,t_x_333,0.3316796543199385,36,43.345237
1118,29,t_x_361,0.33157642028416945,35,43.367081
1119,30,t_x_75,0.3306908869598732,34,43.388703
1120,31,t_x_97,0.3290778133744423,33,43.409715
1121,32,t_x_62,0.32853857799150243,32,43.432001
1122,33,t_x_122,0.3281171678472218,31,43.453369
1123,34,t_x_68,0.32792695399343874,30,43.477368
1124,35,t_x_71,0.32765571981761243,29,43.499076
1125,36,t_x_331,0.3274126242838769,28,43.520527
1126,17,t_x_21,0.33674725056917193,95,43.567356
1127,18,t_x_20,0.3353069744273539,29,43.608676
1128,19,t_x_361,0.33157642028416945,28,43.640164
1129,37,t_x_86,0.33251677012533615,84,43.684487
1130,38,t_x_75,0.3306908869598732,32,43.727560
1131,39,t_x_373,0.3291839228566644,31,43.750157
1132,40,t_x_318,0.3286139811380062,30,43.771172
1133,41,t_x_79,0.3273105193088242,29,43.792089
1134,42,t_x_229,0.32710653484174335,28,43.812201
1135,18,t_x_80,0.33654528594539296,94,43.856452
1136,19,t_x_372,0.33630744661103745,37,43.901564
1137,20,t_x_78,0.33629539686852905,36,43.924473
1138,21,t_x_20,0.3353069744273539,35,43.957169
1139,22,t_x_407,0.3335813800840952,34,43.979000
1140,23,t_x_85,0.3329427103660081,33,44.001383
1141,24,t_x_86,0.33251677012533615,32,44.023093
1142,25,t_x_75,0.3306908869598732,31,44.044213
1143,26,t_x_79,0.3273105193088242,30,44.065367
1144,27,t_x_168,0.3271013922953005,29,44.086218
1145,28,t_x_15,0.3268669079888928,28,44.107502
1146,19,t_x_372,0.33630744661103745,93,44.142886
1147,20,t_x_78,0.33629539686852905,92,44.198647
1148,21,t_x_407,0.3335813800840952,35,44.245434
1149,22,t_x_85,0.3329427103660081,34,44.267495
1150,23,t_x_86,0.33251677012533615,33,44.300226
1151,24,t_x_417,0.33220260282135483,32,44.321775
1152,25,t_x_75,0.3306908869598732,31,44.343834
1153,26,t_x_172,0.32742867952012167,30,44.365010
1154,27,t_x_79,0.3273105193088242,29,44.390159
1155,28,t_x_19,0.32721141007081767,28,44.411003
1156,21,t_x_20,0.3353069744273539,91,44.446992
1157,22,t_x_407,0.3335813800840952,90,44.504072
1158,23,t_x_85,0.3329427103660081,89,44.533310
1159,24,t_x_86,0.33251677012533615,30,44.574598
1160,25,t_x_75,0.3306908869598732,29,44.595086
1161,26,t_x_37,0.32979972676975927,28,44.615888
1162,24,t_x_86,0.33251677012533615,88,44.652754
1163,25,t_x_361,0.33157642028416945,30,44.694120
1164,26,t_x_75,0.3306908869598732,29,44.715321
1165,27,t_x_129,0.3285813450795422,28,44.737434
1166,25,t_x_417,0.33220260282135483,87,44.773030
1167,26,t_x_361,0.33157642028416945,86,44.801951
1168,27,t_x_75,0.3306908869598732,85,44.854602
1169,28,t_x_37,0.32979972676975927,84,44.908954
1170,29,t_x_201,0.3291212094295495,83,44.938342
1171,30,t_x_97,0.3290778133744423,82,44.966911
1172,31,t_x_129,0.3285813450795422,81,45.018444
1173,32,t_x_62,0.32853857799150243,80,45.078722
1174,33,t_x_367,0.32833040353733933,79,45.134553
1175,34,t_x_374,0.32811552122135923,78,45.163062
1176,35,t_x_68,0.32792695399343874,77,45.213470
1177,36,t_x_270,0.32783001401543077,76,45.241723
1178,37,t_x_71,0.32765571981761243,75,45.292253
1179,38,t_x_172,0.32742867952012167,74,45.341074
1180,39,t_x_79,0.3273105193088242,73,45.390739
1181,40,t_x_19,0.32721141007081767,29,45.428385
1182,41,t_x_168,0.3271013922953005,28,45.446612
1183,35,t_x_173,0.33433990479887415,91,45.493547
1184,36,t_x_407,0.3335813800840952,90,45.549327
1185,37,t_x_85,0.3329427103660081,89,45.602249
1186,38,t_x_86,0.33251677012533615,34,45.642953
1187,39,t_x_133,0.3319127428670663,33,45.675566
1188,40,t_x_333,0.3316796543199385,32,45.697668
1189,41,t_x_75,0.3306908869598732,31,45.719402
1190,42,t_x_97,0.3290778133744423,30,45.743824
1191,43,t_x_122,0.3281171678472218,29,45.765771
1192,44,t_x_71,0.32765571981761243,28,45.787218
1193,38,t_x_417,0.33220260282135483,83,45.830512
1194,39,t_x_333,0.3316796543199385,82,45.858009
1195,40,t_x_75,0.3306908869598732,81,45.885157
1196,41,t_x_100,0.33060072836282683,34,45.924753
1197,42,t_x_37,0.32979972676975927,33,45.947054
1198,43,t_x_79,0.3273105193088242,32,45.968411
1199,44,t_x_15,0.3268669079888928,31,46.000529
1200,45,t_x_163,0.32498562062928704,30,46.022055
1201,46,t_x_366,0.32490447930058935,29,46.043597
1202,47,t_x_18,0.3246724231025938,28,46.065230
1203,41,t_x_100,0.33060072836282683,80,46.099879
1204,42,t_x_37,0.32979972676975927,79,46.151190
1205,43,t_x_373,0.3291839228566644,78,46.202565
1206,44,t_x_318,0.3286139811380062,77,46.253721
1207,45,t_x_153,0.32837066835719786,76,46.281601
1208,46,t_x_367,0.32833040353733933,75,46.331726
1209,47,t_x_176,0.32783752541092237,74,46.358202
1210,48,t_x_71,0.32765571981761243,73,46.407896
1211,49,t_x_172,0.32742867952012167,72,46.433995
1212,50,t_x_79,0.3273105193088242,71,46.462713
1213,51,t_x_168,0.3271013922953005,31,46.500780
1214,52,t_x_15,0.3268669079888928,30,46.522374
1215,53,t_x_22,0.32643339157926643,29,46.543556
1216,54,t_x_366,0.32490447930058935,28,46.564020
1217,38,t_x_102,0.3327795616365271,88,46.606872
1218,39,t_x_86,0.33251677012533615,87,46.635966
1219,40,t_x_361,0.33157642028416945,38,46.680735
1220,41,t_x_75,0.3306908869598732,37,46.702175
1221,42,t_x_177,0.3304125989308909,36,46.734359
1222,43,t_x_373,0.3291839228566644,35,46.755945
1223,44,t_x_318,0.3286139811380062,34,46.777056
1224,45,t_x_62,0.32853857799150243,33,46.798658
1225,46,t_x_122,0.3281171678472218,32,46.820078
1226,47,t_x_79,0.3273105193088242,31,46.841115
1227,48,t_x_19,0.32721141007081767,30,46.871945
1228,49,t_x_22,0.32643339157926643,29,46.893139
1229,50,t_x_171,0.32614527961942785,28,46.913466
1230,29,t_x_365,0.3384154625966223,421,46.968440
1231,30,t_x_83,0.3381592926679389,78,47.138878
1232,31,t_x_23,0.33750992239639216,77,47.195235
1233,32,t_x_77,0.33679519038950717,76,47.246345
1234,33,t_x_21,0.33674725056917193,75,47.297184
1235,34,t_x_372,0.33630744661103745,74,47.346784
1236,35,t_x_361,0.33157642028416945,31,47.385505
1237,36,t_x_332,0.33044324480598997,30,47.403737
1238,37,t_x_373,0.3291839228566644,29,47.425153
1239,38,t_x_150,0.3286823076073712,28,47.455878
1240,29,t_x_264,0.3315550653762067,58,47.499933
1241,30,t_x_75,0.3306908869598732,57,47.524889
1242,31,t_x_426,0.32934656915668087,56,47.551050
1243,32,t_x_373,0.3291839228566644,55,47.579126
1244,33,t_x_150,0.3286823076073712,54,47.621672
1245,34,t_x_66,0.32837626014866994,53,47.664598
1246,30,t_x_67,0.33840693255154114,420,47.716301
1247,31,t_x_164,0.33768298287911286,87,47.882352
1248,32,t_x_64,0.33373433301465677,86,47.940749
1249,33,t_x_65,0.3322614622728081,38,47.980176
1250,34,t_x_62,0.32853857799150243,37,48.013759
1251,35,t_x_66,0.32837626014866994,36,48.046691
1252,36,t_x_68,0.32792695399343874,35,48.080210
1253,37,t_x_71,0.32765571981761243,34,48.112687
1254,38,t_x_236,0.3274205406343998,33,48.144487
1255,39,t_x_239,0.32682813220844253,32,48.166049
1256,40,t_x_234,0.32669830148764506,31,48.187965
1257,41,t_x_41,0.32432807218660503,30,48.209500
1258,42,t_x_256,0.32401288646770043,29,48.231045
1259,43,t_x_72,0.32396974378127846,28,48.252738
1260,33,t_x_85,0.3329427103660081,85,48.298992
1261,34,t_x_86,0.33251677012533615,84,48.352743
1262,35,t_x_65,0.3322614622728081,83,48.404403
1263,36,t_x_361,0.33157642028416945,35,48.452365
1264,37,t_x_150,0.3286823076073712,34,48.474766
1265,38,t_x_62,0.32853857799150243,33,48.505371
1266,39,t_x_66,0.32837626014866994,32,48.541011
1267,40,t_x_140,0.3279708210237213,31,48.576157
1268,41,t_x_68,0.32792695399343874,30,48.597927
1269,42,t_x_71,0.32765571981761243,29,48.629567
1270,43,t_x_104,0.3270224657044486,28,48.660013
1271,36,t_x_156,0.3322492503371881,82,48.696569
1272,37,t_x_268,0.3320393451891257,81,48.749849
1273,38,t_x_361,0.33157642028416945,80,48.779907
1274,39,t_x_37,0.32979972676975927,79,48.833022
1275,40,t_x_373,0.3291839228566644,78,48.861187
1276,41,t_x_201,0.3291212094295495,77,48.911836
1277,42,t_x_97,0.3290778133744423,76,48.939085
1278,43,t_x_150,0.3286823076073712,75,48.966496
1279,44,t_x_62,0.32853857799150243,74,49.016387
1280,45,t_x_66,0.32837626014866994,33,49.053987
1281,46,t_x_68,0.32792695399343874,32,49.086291
1282,47,t_x_71,0.32765571981761243,31,49.118916
1283,48,t_x_239,0.32682813220844253,30,49.150878
1284,49,t_x_232,0.32481809607848655,29,49.173078
1285,50,t_x_72,0.32396974378127846,28,49.194724
1286,45,t_x_66,0.32837626014866994,73,49.238697
1287,46,t_x_140,0.3279708210237213,30,49.274336
1288,47,t_x_68,0.32792695399343874,29,49.295660
1289,48,t_x_71,0.32765571981761243,28,49.326624
1290,46,t_x_367,0.32833040353733933,72,49.369831
1291,47,t_x_140,0.3279708210237213,71,49.417756
1292,48,t_x_68,0.32792695399343874,70,49.444534
1293,49,t_x_71,0.32765571981761243,30,49.482427
1294,50,t_x_234,0.32669830148764506,29,49.513441
1295,51,t_x_232,0.32481809607848655,28,49.534778
1296,49,t_x_354,0.3213662439305996,41,49.577601
1297,50,t_x_324,0.3205857039195655,40,49.599386
1298,51,t_x_190,0.3203893311707023,39,49.621608
1299,52,t_x_143,0.3203363352962292,38,49.643931
1300,53,t_x_4,0.32030328407467384,37,49.665453
1301,54,t_x_90,0.31975708337557535,36,49.687498
1302,40,t_x_417,0.33220260282135483,86,49.722482
1303,41,t_x_133,0.3319127428670663,85,49.751496
1304,42,t_x_333,0.3316796543199385,84,49.780363
1305,43,t_x_361,0.33157642028416945,83,49.808449
1306,44,t_x_75,0.3306908869598732,82,49.860818
1307,45,t_x_62,0.32853857799150243,29,49.899873
1308,46,t_x_122,0.3281171678472218,28,49.921054
1309,35,t_x_78,0.33629539686852905,73,49.965082
1310,36,t_x_64,0.33373433301465677,72,50.014595
1311,37,t_x_268,0.3320393451891257,71,50.042608
1312,38,t_x_361,0.33157642028416945,70,50.073192
1313,39,t_x_373,0.3291839228566644,32,50.113538
1314,40,t_x_420,0.328837001787633,31,50.146004
1315,41,t_x_367,0.32833040353733933,30,50.177951
1316,42,t_x_374,0.32811552122135923,29,50.208755
1317,43,t_x_148,0.32773032536471913,28,50.239339
1318,27,t_x_342,0.33409322479786047,77,50.283162
1319,28,t_x_407,0.3335813800840952,76,50.336746
1320,29,t_x_85,0.3329427103660081,75,50.390496
1321,30,t_x_417,0.33220260282135483,74,50.441736
1322,31,t_x_268,0.3320393451891257,73,50.492257
1323,32,t_x_333,0.3316796543199385,72,50.544358
1324,18,t_x_417,0.33220260282135483,77,50.602392
1325,19,t_x_177,0.3304125989308909,76,50.652649
1326,20,t_x_411,0.32753300194262525,28,50.693873
1327,45,t_x_332,0.33044324480598997,81,50.738152
1328,46,t_x_177,0.3304125989308909,80,50.769219
1329,47,t_x_373,0.3291839228566644,79,50.797503
1330,48,t_x_97,0.3290778133744423,78,50.848011
1331,49,t_x_318,0.3286139811380062,77,50.875585
1332,50,t_x_62,0.32853857799150243,76,50.903302
1333,21,t_x_407,0.3335813800840952,82,50.960393
1334,22,t_x_293,0.33349881435358497,81,50.989003
1335,23,t_x_102,0.3327795616365271,80,51.040511
1336,24,t_x_144,0.33260950631875075,79,51.100176
1337,25,t_x_133,0.3319127428670663,40,51.139787
1338,26,t_x_426,0.32934656915668087,39,51.174714
1339,27,t_x_97,0.3290778133744423,38,51.209017
1340,28,t_x_420,0.328837001787633,37,51.231294
1341,29,t_x_149,0.3281587594035913,36,51.255124
1342,30,t_x_139,0.32800220097911803,35,51.288307
1343,31,t_x_140,0.3279708210237213,34,51.321186
1344,32,t_x_434,0.32795547383667734,33,51.353976
1345,33,t_x_142,0.3279009411221477,32,51.386911
1346,34,t_x_148,0.32773032536471913,31,51.418908
1347,35,t_x_145,0.32726340919038455,30,51.446110
1348,36,t_x_132,0.3268587771808999,29,51.469207
1349,37,t_x_147,0.32449028000274377,28,51.490228
1350,14,t_x_80,0.33654528594539296,83,51.534929
1351,15,t_x_342,0.33409322479786047,82,51.591807
1352,16,t_x_64,0.33373433301465677,81,51.642728
1353,17,t_x_407,0.3335813800840952,80,51.693212
1354,18,t_x_85,0.3329427103660081,79,51.720145
1355,19,t_x_165,0.3325348186944436,78,51.769314
1356,32,t_x_22,0.32643339157926643,35,51.824601
1357,33,t_x_237,0.32638683091703363,34,51.845700
1358,34,t_x_171,0.32614527961942785,33,51.866521
1359,35,t_x_226,0.3256741836549671,32,51.887624
1360,36,t_x_225,0.32404935223887216,31,51.908143
1361,37,t_x_16,0.3238783027854283,30,51.928407
1362,39,t_x_332,0.33044324480598997,69,51.961699
1363,40,t_x_426,0.32934656915668087,68,52.009351
1364,41,t_x_373,0.3291839228566644,67,52.055718
1365,42,t_x_97,0.3290778133744423,28,52.090160
1366,51,t_x_367,0.32833040353733933,75,52.146701
1367,52,t_x_122,0.3281171678472218,74,52.173800
1368,53,t_x_374,0.32811552122135923,73,52.203018
1369,54,t_x_68,0.32792695399343874,72,52.232516
1370,55,t_x_400,0.3277550551348225,71,52.280429
1371,56,t_x_71,0.32765571981761243,70,52.307204
1372,35,t_x_367,0.32833040353733933,52,52.361547
1373,36,t_x_374,0.32811552122135923,51,52.402832
1374,37,t_x_140,0.3279708210237213,50,52.443215
1375,38,t_x_142,0.3279009411221477,49,52.467506
1376,39,t_x_145,0.32726340919038455,48,52.492002
1377,40,t_x_229,0.32710653484174335,47,52.516680
1378,42,t_x_97,0.3290778133744423,66,52.554062
1379,43,t_x_420,0.328837001787633,65,52.580739
1380,44,t_x_150,0.3286823076073712,64,52.628040
1381,45,t_x_367,0.32833040353733933,63,52.674020
1382,46,t_x_374,0.32811552122135923,29,52.707199
1383,47,t_x_139,0.32800220097911803,28,52.738594
1384,29,t_x_75,0.3306908869598732,57,52.785816
1385,30,t_x_374,0.32811552122135923,56,52.815365
1386,31,t_x_434,0.32795547383667734,55,52.839642
1387,32,t_x_369,0.3257086592576262,54,52.881407
1388,33,t_x_287,0.324896557933668,53,52.906765
1389,34,t_x_286,0.32463937627479783,52,52.948365
1390,46,t_x_374,0.32811552122135923,62,53.001629
1391,47,t_x_148,0.32773032536471913,28,53.034378
1392,27,t_x_442,0.3284343996107425,58,53.077518
1393,28,t_x_434,0.32795547383667734,28,53.109241
1394,33,t_x_41,0.32432807218660503,33,53.151512
1395,34,t_x_72,0.32396974378127846,32,53.173602
1396,35,t_x_74,0.323802536529808,31,53.194654
1397,36,t_x_408,0.3235294581808897,30,53.215716
1398,13,t_x_173,0.33433990479887415,98,53.262687
1399,14,t_x_178,0.33370108203626037,49,53.303584
1400,15,t_x_407,0.3335813800840952,48,53.343696
1401,16,t_x_165,0.3325348186944436,47,53.367489
1402,17,t_x_264,0.3315550653762067,46,53.409015
1403,18,t_x_177,0.3304125989308909,45,53.433832
1404,19,t_x_37,0.32979972676975927,44,53.470120
1405,20,t_x_176,0.32783752541092237,43,53.492607
1406,21,t_x_172,0.32742867952012167,42,53.528299
1407,22,t_x_169,0.32737452520812826,41,53.562244
1408,23,t_x_79,0.3273105193088242,40,53.596386
1409,24,t_x_145,0.32726340919038455,39,53.619238
1410,25,t_x_168,0.3271013922953005,38,53.641454
1411,26,t_x_192,0.3270128963252965,37,53.674443
1412,27,t_x_260,0.32650316371008,36,53.696639
1413,28,t_x_171,0.32614527961942785,35,53.719001
1414,29,t_x_166,0.32545563514268605,34,53.740802
1415,30,t_x_167,0.3242644250523776,33,53.772435
1416,31,t_x_253,0.3240743066028985,32,53.793567
1417,32,t_x_194,0.3239518020251907,31,53.814859
1418,33,t_x_91,0.32105979179969935,30,53.837320
1419,34,t_x_409,0.32060591343907036,29,53.858753
1420,35,t_x_39,0.3197549282209896,28,53.881083
1421,31,t_x_83,0.3381592926679389,419,53.934891
1422,32,t_x_26,0.33710634432496456,87,54.110138
1423,33,t_x_77,0.33679519038950717,32,54.164698
1424,34,t_x_80,0.33654528594539296,31,54.187133
1425,35,t_x_78,0.33629539686852905,30,54.208556
1426,36,t_x_20,0.3353069744273539,29,54.229916
1427,37,t_x_85,0.3329427103660081,28,54.260689
1428,56,t_x_366,0.32490447930058935,54,54.303610
1429,57,t_x_18,0.3246724231025938,53,54.328045
1430,58,t_x_53,0.323954494307468,52,54.367652
1431,59,t_x_16,0.3238783027854283,51,54.392015
1432,60,t_x_130,0.3237189430626469,50,54.430233
1433,61,t_x_1,0.3237047946964038,49,54.453969
1434,43,t_x_74,0.323802536529808,30,54.486059
1435,44,t_x_79,0.3273105193088242,83,54.530275
1436,45,t_x_19,0.32721141007081767,29,54.571686
1437,46,t_x_15,0.3268669079888928,28,54.592650
1438,44,t_x_16,0.3238783027854283,52,54.635202
1439,45,t_x_130,0.3237189430626469,51,54.673361
1440,46,t_x_304,0.3231550820374737,50,54.696919
1441,47,t_x_27,0.3226116951650698,49,54.721827
1442,48,t_x_99,0.3215428667997927,48,54.757456
1443,49,t_x_91,0.32105979179969935,47,54.780808
1444,19,t_x_372,0.33630744661103745,91,54.819076
1445,20,t_x_430,0.3340991054175165,90,54.876853
1446,21,t_x_425,0.33238127630915515,28,54.920376
1447,29,t_x_71,0.32765571981761243,54,54.967869
1448,30,t_x_168,0.3271013922953005,53,55.009258
1449,31,t_x_171,0.32614527961942785,52,55.034697
1450,32,t_x_226,0.3256741836549671,51,55.059843
1451,33,t_x_366,0.32490447930058935,50,55.084367
1452,34,t_x_352,0.3243614895021832,49,55.108686
1453,51,t_x_286,0.32463937627479783,56,55.152709
1454,52,t_x_194,0.3239518020251907,55,55.179367
1455,53,t_x_1,0.3237047946964038,54,55.222899
1456,54,t_x_408,0.3235294581808897,53,55.261844
1457,55,t_x_345,0.32350193897925106,52,55.301478
1458,56,t_x_181,0.32346568703913375,51,55.341041
1459,32,t_x_339,0.3264010485281532,47,55.385104
1460,33,t_x_369,0.3257086592576262,46,55.409803
1461,34,t_x_180,0.32508066064641833,45,55.433572
1462,35,t_x_352,0.3243614895021832,44,55.473744
1463,36,t_x_408,0.3235294581808897,43,55.500189
1464,37,t_x_181,0.32346568703913375,42,55.523226
1465,63,t_x_171,0.32614527961942785,65,55.566344
1466,64,t_x_8,0.3252872337777598,64,55.612143
1467,65,t_x_180,0.32508066064641833,63,55.638829
1468,66,t_x_366,0.32490447930058935,62,55.684085
1469,67,t_x_194,0.3239518020251907,61,55.710363
1470,68,t_x_130,0.3237189430626469,60,55.737611
1471,32,t_x_170,0.33769692936302953,418,55.802971
1472,33,t_x_200,0.3375840595031447,101,55.960022
1473,34,t_x_159,0.3369646913562073,100,55.990881
1474,35,t_x_80,0.33654528594539296,99,56.047537
1475,36,t_x_407,0.3335813800840952,33,56.093675
1476,37,t_x_165,0.3325348186944436,32,56.115490
1477,38,t_x_264,0.3315550653762067,31,56.137836
1478,39,t_x_236,0.3274205406343998,30,56.158306
1479,40,t_x_168,0.3271013922953005,29,56.179219
1480,41,t_x_166,0.32545563514268605,28,56.199846
1481,40,t_x_19,0.32721141007081767,72,56.243684
1482,41,t_x_168,0.3271013922953005,71,56.294255
1483,42,t_x_15,0.3268669079888928,70,56.321735
1484,43,t_x_132,0.3268587771808999,69,56.369000
1485,44,t_x_234,0.32669830148764506,68,56.396317
1486,45,t_x_22,0.32643339157926643,67,56.423252
1487,15,t_x_98,0.3410733321474508,109,56.479963
1488,16,t_x_76,0.3397542609479636,108,56.540490
1489,17,t_x_83,0.3381592926679389,47,56.592668
1490,18,t_x_23,0.33750992239639216,46,56.630477
1491,19,t_x_77,0.33679519038950717,45,56.669234
1492,20,t_x_80,0.33654528594539296,44,56.706342
1493,21,t_x_78,0.33629539686852905,43,56.742160
1494,22,t_x_85,0.3329427103660081,42,56.776791
1495,23,t_x_86,0.33251677012533615,41,56.810755
1496,24,t_x_417,0.33220260282135483,40,56.845102
1497,25,t_x_333,0.3316796543199385,39,56.867202
1498,26,t_x_75,0.3306908869598732,38,56.889524
1499,27,t_x_37,0.32979972676975927,37,56.922455
1500,28,t_x_176,0.32783752541092237,36,56.944165
1501,29,t_x_71,0.32765571981761243,35,56.965740
1502,30,t_x_172,0.32742867952012167,34,56.987157
1503,31,t_x_79,0.3273105193088242,33,57.008473
1504,32,t_x_132,0.3268587771808999,32,57.039695
1505,33,t_x_366,0.32490447930058935,31,57.060979
1506,34,t_x_31,0.32473594029234726,30,57.082689
1507,35,t_x_18,0.3246724231025938,29,57.103843
1508,36,t_x_41,0.32432807218660503,28,57.124985
1509,51,t_x_229,0.32710653484174335,70,57.166206
1510,52,t_x_168,0.3271013922953005,69,57.194994
1511,53,t_x_15,0.3268669079888928,68,57.243097
1512,54,t_x_132,0.3268587771808999,67,57.286999
1513,55,t_x_22,0.32643339157926643,66,57.313394
1514,56,t_x_369,0.3257086592576262,65,57.359069
1515,14,t_x_178,0.33370108203626037,97,57.396584
1516,15,t_x_165,0.3325348186944436,36,57.439916
1517,16,t_x_86,0.33251677012533615,35,57.472562
1518,17,t_x_264,0.3315550653762067,34,57.494523
1519,18,t_x_177,0.3304125989308909,33,57.517400
1520,19,t_x_176,0.32783752541092237,32,57.548858
1521,20,t_x_148,0.32773032536471913,31,57.580362
1522,21,t_x_172,0.32742867952012167,30,57.601593
1523,22,t_x_169,0.32737452520812826,29,57.632071
1524,23,t_x_79,0.3273105193088242,28,57.653062
1525,49,t_x_71,0.32765571981761243,69,57.696300
1526,50,t_x_256,0.32401288646770043,29,57.732755
1527,51,t_x_72,0.32396974378127846,28,57.754619
1528,31,t_x_71,0.32765571981761243,37,57.804494
1529,32,t_x_14,0.3274421151063002,36,57.825271
1530,33,t_x_236,0.3274205406343998,35,57.846574
1531,34,t_x_22,0.32643339157926643,34,57.867018
1532,35,t_x_237,0.32638683091703363,33,57.887403
1533,36,t_x_226,0.3256741836549671,32,57.908007
1534,45,t_x_19,0.32721141007081767,82,57.941298
1535,46,t_x_15,0.3268669079888928,30,57.982165
1536,47,t_x_22,0.32643339157926643,29,58.013635
1537,48,t_x_16,0.3238783027854283,28,58.036350
1538,33,t_x_332,0.33044324480598997,71,58.090247
1539,34,t_x_426,0.32934656915668087,70,58.149684
1540,35,t_x_343,0.32851280584207715,69,58.182205
1541,36,t_x_442,0.3284343996107425,68,58.230693
1542,37,t_x_236,0.3274205406343998,67,58.259251
1543,38,t_x_331,0.3274126242838769,66,58.308120
1544,39,t_x_229,0.32710653484174335,29,58.342325
1545,40,t_x_341,0.32680349009166004,28,58.360746
1546,20,t_x_13,0.32947148876779175,75,58.407259
1547,21,t_x_2,0.3292931030611546,74,58.457888
1548,22,t_x_97,0.3290778133744423,73,58.507926
1549,23,t_x_45,0.32813523944670725,72,58.555595
1550,24,t_x_411,0.32753300194262525,71,58.603163
1551,25,t_x_168,0.3271013922953005,70,58.650231
1552,33,t_x_164,0.33768298287911286,417,58.716026
1553,34,t_x_23,0.33750992239639216,94,58.891485
1554,35,t_x_159,0.3369646913562073,93,58.951645
1555,36,t_x_21,0.33674725056917193,40,58.995292
1556,37,t_x_430,0.3340991054175165,39,59.028761
1557,38,t_x_64,0.33373433301465677,38,59.061949
1558,39,t_x_425,0.33238127630915515,37,59.083720
1559,40,t_x_156,0.3322492503371881,36,59.105482
1560,41,t_x_426,0.32934656915668087,35,59.138011
1561,42,t_x_373,0.3291839228566644,34,59.158988
1562,43,t_x_420,0.328837001787633,33,59.181981
1563,44,t_x_150,0.3286823076073712,32,59.203392
1564,45,t_x_153,0.32837066835719786,31,59.235311
1565,46,t_x_79,0.3273105193088242,30,59.266665
1566,47,t_x_239,0.32682813220844253,29,59.287601
1567,48,t_x_171,0.32614527961942785,28,59.308249
1568,36,t_x_21,0.33674725056917193,92,59.344981
1569,37,t_x_372,0.33630744661103745,91,59.405434
1570,38,t_x_20,0.3353069744273539,90,59.465624
1571,39,t_x_430,0.3340991054175165,89,59.519322
1572,40,t_x_144,0.33260950631875075,28,59.562012
1573,40,t_x_64,0.33373433301465677,88,59.597549
1574,41,t_x_144,0.33260950631875075,87,59.652906
1575,42,t_x_165,0.3325348186944436,86,59.707109
1576,43,t_x_425,0.33238127630915515,85,59.737625
1577,44,t_x_156,0.3322492503371881,84,59.790673
1578,45,t_x_426,0.32934656915668087,32,59.833116
1579,46,t_x_373,0.3291839228566644,31,59.854038
1580,47,t_x_150,0.3286823076073712,30,59.874400
1581,48,t_x_153,0.32837066835719786,29,59.905372
1582,49,t_x_71,0.32765571981761243,28,59.935121
1583,45,t_x_361,0.33157642028416945,83,59.970152
1584,46,t_x_373,0.3291839228566644,30,60.011747
1585,47,t_x_420,0.328837001787633,29,60.042967
1586,48,t_x_153,0.32837066835719786,28,60.073423
1587,46,t_x_426,0.32934656915668087,82,60.107763
1588,47,t_x_373,0.3291839228566644,81,60.158119
1589,48,t_x_420,0.328837001787633,80,60.208646
1590,49,t_x_150,0.3286823076073712,79,60.260496
1591,50,t_x_153,0.32837066835719786,36,60.300604
1592,51,t_x_149,0.3281587594035913,35,60.333572
1593,52,t_x_434,0.32795547383667734,34,60.354636
1594,53,t_x_236,0.3274205406343998,33,60.375212
1595,54,t_x_19,0.32721141007081767,32,60.396234
1596,55,t_x_237,0.32638683091703363,31,60.417376
1597,56,t_x_166,0.32545563514268605,30,60.438419
1598,57,t_x_163,0.32498562062928704,29,60.459658
1599,58,t_x_167,0.3242644250523776,28,60.490162
1600,50,t_x_153,0.32837066835719786,78,60.525555
1601,51,t_x_434,0.32795547383667734,30,60.565021
1602,52,t_x_71,0.32765571981761243,29,60.585290
1603,53,t_x_236,0.3274205406343998,28,60.606266
1604,51,t_x_367,0.32833040353733933,77,60.640254
1605,52,t_x_149,0.3281587594035913,76,60.689856
1606,53,t_x_434,0.32795547383667734,75,60.739584
1607,54,t_x_68,0.32792695399343874,74,60.786764
1608,55,t_x_142,0.3279009411221477,73,60.840117
1609,56,t_x_71,0.32765571981761243,72,60.866319
1610,57,t_x_172,0.32742867952012167,71,60.913269
1611,36,t_x_173,0.33433990479887415,98,60.950510
1612,37,t_x_178,0.33370108203626037,40,60.994341
1613,38,t_x_407,0.3335813800840952,39,61.029021
1614,39,t_x_165,0.3325348186944436,38,61.052104
1615,40,t_x_264,0.3315550653762067,37,61.085777
1616,41,t_x_177,0.3304125989308909,36,61.107440
1617,42,t_x_139,0.32800220097911803,35,61.140410
1618,43,t_x_176,0.32783752541092237,34,61.161719
1619,44,t_x_172,0.32742867952012167,33,61.194168
1620,45,t_x_169,0.32737452520812826,32,61.226308
1621,46,t_x_145,0.32726340919038455,31,61.258372
1622,47,t_x_168,0.3271013922953005,30,61.279657
1623,48,t_x_192,0.3270128963252965,29,61.310959
1624,49,t_x_234,0.32669830148764506,28,61.331978
1625,21,t_x_342,0.33409322479786047,89,61.379702
1626,22,t_x_333,0.3316796543199385,38,61.422550
1627,23,t_x_332,0.33044324480598997,37,61.456639
1628,24,t_x_343,0.32851280584207715,36,61.490475
1629,25,t_x_434,0.32795547383667734,35,61.525024
1630,26,t_x_428,0.32790863073303644,34,61.559031
1631,27,t_x_270,0.32783001401543077,33,61.582462
1632,28,t_x_411,0.32753300194262525,32,61.605634
1633,29,t_x_236,0.3274205406343998,31,61.628515
1634,30,t_x_331,0.3274126242838769,30,61.650795
1635,31,t_x_341,0.32680349009166004,29,61.672368
1636,32,t_x_339,0.3264010485281532,28,61.696948
1637,35,t_x_292,0.3244666037562576,51,61.741147
1638,36,t_x_194,0.3239518020251907,50,61.782057
1639,37,t_x_304,0.3231550820374737,49,61.806216
1640,38,t_x_191,0.3231065965073835,48,61.830137
1641,39,t_x_419,0.323059624125218,47,61.854477
1642,40,t_x_433,0.3218899203392841,46,61.879003
1643,46,t_x_15,0.3268669079888928,81,61.914869
1644,47,t_x_22,0.32643339157926643,29,61.952856
1645,48,t_x_301,0.32545457191610666,28,61.974095
1646,57,t_x_331,0.3274126242838769,69,62.018799
1647,58,t_x_79,0.3273105193088242,68,62.045262
1648,59,t_x_19,0.32721141007081767,29,62.079774
1649,60,t_x_341,0.32680349009166004,28,62.101576
1650,15,t_x_407,0.3335813800840952,96,62.148164
1651,16,t_x_165,0.3325348186944436,95,62.179697
1652,17,t_x_86,0.33251677012533615,39,62.222810
1653,18,t_x_264,0.3315550653762067,38,62.245256
1654,19,t_x_177,0.3304125989308909,37,62.267260
1655,20,t_x_37,0.32979972676975927,36,62.300958
1656,21,t_x_176,0.32783752541092237,35,62.323123
1657,22,t_x_270,0.32783001401543077,34,62.355427
1658,23,t_x_172,0.32742867952012167,33,62.387731
1659,24,t_x_169,0.32737452520812826,32,62.419361
1660,25,t_x_168,0.3271013922953005,31,62.451321
1661,26,t_x_192,0.3270128963252965,30,62.474463
1662,27,t_x_239,0.32682813220844253,29,62.496189
1663,28,t_x_171,0.32614527961942785,28,62.517559
1664,69,t_x_328,0.3235503395467524,59,62.561046
1665,70,t_x_191,0.3231065965073835,58,62.585724
1666,71,t_x_99,0.3215428667997927,57,62.628435
1667,72,t_x_91,0.32105979179969935,28,62.659017
1668,46,t_x_369,0.3257086592576262,66,62.713423
1669,47,t_x_301,0.32545457191610666,65,62.759264
1670,48,t_x_232,0.32481809607848655,64,62.786023
1671,49,t_x_286,0.32463937627479783,63,62.812196
1672,50,t_x_167,0.3242644250523776,62,62.838946
1673,51,t_x_256,0.32401288646770043,61,62.865761
1674,52,t_x_16,0.3238783027854283,60,62.891920
1675,25,t_x_425,0.33238127630915515,78,62.928784
1676,26,t_x_133,0.3319127428670663,77,62.982021
1677,27,t_x_361,0.33157642028416945,76,63.032869
1678,28,t_x_100,0.33060072836282683,75,63.082068
1679,29,t_x_426,0.32934656915668087,74,63.132754
1680,30,t_x_97,0.3290778133744423,73,63.182290
1681,31,t_x_420,0.328837001787633,72,63.209990
1682,37,t_x_178,0.33370108203626037,97,63.268790
1683,38,t_x_165,0.3325348186944436,42,63.315326
1684,39,t_x_264,0.3315550653762067,41,63.350349
1685,40,t_x_177,0.3304125989308909,40,63.384438
1686,41,t_x_176,0.32783752541092237,39,63.417465
1687,42,t_x_172,0.32742867952012167,38,63.450355
1688,43,t_x_169,0.32737452520812826,37,63.482436
1689,44,t_x_145,0.32726340919038455,36,63.515362
1690,45,t_x_168,0.3271013922953005,35,63.536647
1691,46,t_x_239,0.32682813220844253,34,63.568437
1692,47,t_x_171,0.32614527961942785,33,63.589775
1693,48,t_x_166,0.32545563514268605,32,63.621685
1694,49,t_x_245,0.32478719540614975,31,63.643892
1695,50,t_x_167,0.3242644250523776,30,63.672258
1696,51,t_x_225,0.32404935223887216,29,63.696418
1697,52,t_x_350,0.3220023172227456,28,63.720869
1698,47,t_x_341,0.32680349009166004,80,63.774672
1699,48,t_x_22,0.32643339157926643,79,63.805722
1700,49,t_x_237,0.32638683091703363,78,63.859595
1701,50,t_x_301,0.32545457191610666,77,63.888099
1702,51,t_x_287,0.324896557933668,76,63.940180
1703,52,t_x_336,0.32462792849298816,75,63.968860
1704,53,t_x_167,0.3242644250523776,74,63.996380
1705,54,t_x_256,0.32401288646770043,73,64.045182
1706,55,t_x_16,0.3238783027854283,72,64.072987
1707,56,t_x_251,0.32383884010279435,71,64.122653
1708,57,t_x_328,0.3235503395467524,70,64.149977
1709,58,t_x_408,0.3235294581808897,69,64.177886
1710,59,t_x_300,0.32343917332278554,68,64.205448
1711,60,t_x_36,0.32315741763196254,67,64.231697
1712,61,t_x_415,0.32298385976283783,66,64.258376
1713,62,t_x_27,0.3226116951650698,65,64.285272
1714,63,t_x_99,0.3215428667997927,64,64.331067
1715,64,t_x_91,0.32105979179969935,63,64.357809
1716,65,t_x_61,0.3206324300073691,62,64.384515
1717,66,t_x_324,0.3205857039195655,61,64.410947
1718,67,t_x_317,0.32030211942610837,60,64.437254
1719,68,t_x_363,0.3201927993523778,59,64.463445
1720,69,t_x_128,0.3201485176076543,58,64.489200
1721,70,t_x_155,0.3200636541751233,57,64.514649
1722,71,t_x_29,0.31970262399898997,56,64.540292
1723,72,t_x_282,0.3196933056683402,55,64.568291
1724,28,t_x_434,0.32795547383667734,57,64.618923
1725,29,t_x_71,0.32765571981761243,56,64.662448
1726,30,t_x_172,0.32742867952012167,55,64.689114
1727,31,t_x_145,0.32726340919038455,54,64.732598
1728,32,t_x_341,0.32680349009166004,53,64.774334
1729,33,t_x_171,0.32614527961942785,52,64.800266
1730,34,t_x_340,0.32488452727089095,51,64.825705
1731,47,t_x_139,0.32800220097911803,61,64.860858
1732,48,t_x_428,0.32790863073303644,60,64.906492
1733,49,t_x_148,0.32773032536471913,59,64.951375
1734,50,t_x_331,0.3274126242838769,58,64.977556
1735,51,t_x_79,0.3273105193088242,57,65.003185
1736,52,t_x_104,0.3270224657044486,56,65.031190
1737,53,t_x_15,0.3268669079888928,55,65.059357
1738,57,t_x_419,0.323059624125218,50,65.095340
1739,58,t_x_415,0.32298385976283783,49,65.132993
1740,59,t_x_338,0.32264023726710334,48,65.169864
1741,60,t_x_350,0.3220023172227456,47,65.194118
1742,61,t_x_6,0.32156760061632716,46,65.230155
1743,62,t_x_354,0.3213662439305996,45,65.255177
1744,63,t_x_375,0.32083768524015677,44,65.291134
1745,38,t_x_407,0.3335813800840952,96,65.327992
1746,39,t_x_165,0.3325348186944436,95,65.356550
1747,40,t_x_264,0.3315550653762067,32,65.400964
1748,41,t_x_177,0.3304125989308909,31,65.422079
1749,42,t_x_176,0.32783752541092237,30,65.453433
1750,43,t_x_172,0.32742867952012167,29,65.484000
1751,44,t_x_236,0.3274205406343998,28,65.513960
1752,20,t_x_156,0.3322492503371881,77,65.557234
1753,21,t_x_417,0.33220260282135483,76,65.605883
1754,22,t_x_133,0.3319127428670663,75,65.632975
1755,23,t_x_333,0.3316796543199385,74,65.680497
1756,24,t_x_264,0.3315550653762067,73,65.710788
1757,25,t_x_332,0.33044324480598997,72,65.759228
1758,26,t_x_373,0.3291839228566644,71,65.806071
1759,17,t_x_86,0.33251677012533615,94,65.861985
1760,18,t_x_264,0.3315550653762067,93,65.919924
1761,19,t_x_177,0.3304125989308909,92,65.978273
1762,20,t_x_37,0.32979972676975927,38,66.020015
1763,21,t_x_149,0.3281587594035913,37,66.041613
1764,22,t_x_176,0.32783752541092237,36,66.064295
1765,23,t_x_270,0.32783001401543077,35,66.096732
1766,24,t_x_172,0.32742867952012167,34,66.129427
1767,25,t_x_169,0.32737452520812826,33,66.172278
1768,26,t_x_79,0.3273105193088242,32,66.204698
1769,27,t_x_145,0.32726340919038455,31,66.225534
1770,28,t_x_168,0.3271013922953005,30,66.246299
1771,29,t_x_192,0.3270128963252965,29,66.276963
1772,30,t_x_260,0.32650316371008,28,66.297370
1773,50,t_x_95,0.32077476127869986,46,66.341071
1774,51,t_x_162,0.32046107090717313,45,66.363965
1775,52,t_x_249,0.3203398526266621,44,66.386443
1776,53,t_x_4,0.32030328407467384,43,66.409249
1777,54,t_x_155,0.3200636541751233,42,66.432190
1778,55,t_x_272,0.3200110872880186,41,66.455096
1779,56,t_x_371,0.31997869627072717,40,66.480975
1780,22,t_x_407,0.3335813800840952,88,66.520192
1781,23,t_x_425,0.33238127630915515,87,66.579328
1782,24,t_x_333,0.3316796543199385,86,66.634843
1783,25,t_x_332,0.33044324480598997,36,66.677068
1784,26,t_x_343,0.32851280584207715,35,66.711239
1785,27,t_x_434,0.32795547383667734,34,66.744837
1786,28,t_x_411,0.32753300194262525,33,66.770761
1787,29,t_x_331,0.3274126242838769,32,66.793475
1788,30,t_x_341,0.32680349009166004,31,66.826554
1789,31,t_x_339,0.3264010485281532,30,66.859457
1790,32,t_x_340,0.32488452727089095,29,66.881124
1791,33,t_x_336,0.32462792849298816,28,66.902908
1792,62,t_x_151,0.32337424325993264,48,66.946715
1793,63,t_x_415,0.32298385976283783,47,66.969959
1794,64,t_x_27,0.3226116951650698,46,66.993749
1795,65,t_x_6,0.32156760061632716,45,67.028460
1796,66,t_x_368,0.32082819954508945,44,67.051152
1797,67,t_x_162,0.32046107090717313,43,67.074163
1798,68,t_x_4,0.32030328407467384,42,67.096711
1799,39,t_x_229,0.32710653484174335,65,67.130742
1800,40,t_x_239,0.32682813220844253,64,67.192107
1801,41,t_x_341,0.32680349009166004,63,67.219918
1802,42,t_x_260,0.32650316371008,62,67.266408
1803,43,t_x_339,0.3264010485281532,61,67.294452
1804,44,t_x_301,0.32545457191610666,60,67.339888
1805,45,t_x_340,0.32488452727089095,59,67.367168
1806,50,t_x_236,0.3274205406343998,68,67.419650
1807,51,t_x_104,0.3270224657044486,67,67.465997
1808,52,t_x_239,0.32682813220844253,66,67.492429
1809,53,t_x_234,0.32669830148764506,65,67.520836
1810,54,t_x_237,0.32638683091703363,64,67.546555
1811,55,t_x_232,0.32481809607848655,63,67.572834
1812,56,t_x_352,0.3243614895021832,62,67.598829
1813,73,t_x_93,0.31969098511900007,54,67.650258
1814,74,t_x_319,0.3196661549508256,53,67.676213
1815,75,t_x_28,0.31963977817813943,52,67.702569
1816,76,t_x_370,0.3195182550040618,51,67.741347
1817,77,t_x_312,0.31948945754507085,50,67.766952
1818,78,t_x_279,0.3193139926659193,49,67.792192
1819,79,t_x_32,0.31928257804655796,48,67.817207
1820,80,t_x_244,0.31920743172188837,47,67.845701
1821,26,t_x_104,0.3270224657044486,69,67.881719
1822,27,t_x_192,0.3270128963252965,68,67.926354
1823,28,t_x_341,0.32680349009166004,36,67.958329
1824,29,t_x_180,0.32508066064641833,35,67.980190
1825,30,t_x_194,0.3239518020251907,34,68.012670
1826,31,t_x_345,0.32350193897925106,33,68.044492
1827,32,t_x_181,0.32346568703913375,32,68.065257
1828,33,t_x_191,0.3231065965073835,31,68.096815
1829,34,t_x_95,0.32077476127869986,30,68.127505
1830,35,t_x_184,0.3204442243710062,29,68.148123
1831,36,t_x_190,0.3203893311707023,28,68.178467
1832,53,t_x_74,0.323802536529808,59,68.231211
1833,54,t_x_130,0.3237189430626469,58,68.259135
1834,55,t_x_35,0.323694450763153,57,68.285627
1835,56,t_x_408,0.3235294581808897,56,68.312001
1836,57,t_x_300,0.32343917332278554,55,68.337633
1837,58,t_x_419,0.323059624125218,54,68.363343
1838,59,t_x_368,0.32082819954508945,53,68.388843
1839,60,t_x_324,0.3205857039195655,52,68.414767
1840,57,t_x_163,0.32498562062928704,64,68.450794
1841,58,t_x_366,0.32490447930058935,63,68.478326
1842,59,t_x_31,0.32473594029234726,62,68.503730
1843,60,t_x_18,0.3246724231025938,61,68.530748
1844,61,t_x_336,0.32462792849298816,60,68.556323
1845,62,t_x_41,0.32432807218660503,59,68.581917
1846,63,t_x_167,0.3242644250523776,58,68.607193
1847,64,t_x_130,0.3237189430626469,57,68.632318
1848,55,t_x_93,0.31969098511900007,35,68.664903
1849,56,t_x_319,0.3196661549508256,34,68.686678
1850,57,t_x_358,0.31957730052731464,33,68.714004
1851,58,t_x_182,0.3192603059870898,32,68.739059
1852,59,t_x_427,0.3192083979091698,31,68.760262
1853,60,t_x_329,0.3191806753137926,30,68.782651
1854,72,t_x_91,0.32105979179969935,56,68.824733
1855,73,t_x_375,0.32083768524015677,55,68.867233
1856,74,t_x_368,0.32082819954508945,54,68.908667
1857,75,t_x_95,0.32077476127869986,53,68.934379
1858,76,t_x_135,0.32055137576989046,52,68.976668
1859,77,t_x_184,0.3204442243710062,51,69.000992
1860,78,t_x_190,0.3203893311707023,50,69.025387
1861,79,t_x_376,0.3203565634718892,49,69.061513
1862,34,t_x_200,0.3375840595031447,416,69.117828
1863,35,t_x_23,0.33750992239639216,52,69.276582
1864,36,t_x_26,0.33710634432496456,51,69.304386
1865,37,t_x_77,0.33679519038950717,50,69.329045
1866,38,t_x_21,0.33674725056917193,49,69.352188
1867,39,t_x_20,0.3353069744273539,48,69.376439
1868,40,t_x_144,0.33260950631875075,47,69.400343
1869,41,t_x_165,0.3325348186944436,46,69.423118
1870,17,t_x_365,0.3384154625966223,107,69.463801
1871,18,t_x_83,0.3381592926679389,106,69.529299
1872,19,t_x_77,0.33679519038950717,37,69.579621
1873,20,t_x_80,0.33654528594539296,36,69.612956
1874,21,t_x_330,0.3364988573519652,35,69.634858
1875,22,t_x_78,0.33629539686852905,34,69.656088
1876,23,t_x_20,0.3353069744273539,33,69.678854
1877,24,t_x_85,0.3329427103660081,32,69.699663
1878,25,t_x_86,0.33251677012533615,31,69.732024
1879,26,t_x_361,0.33157642028416945,30,69.753098
1880,27,t_x_75,0.3306908869598732,29,69.774238
1881,28,t_x_37,0.32979972676975927,28,69.794339
1882,33,t_x_77,0.33679519038950717,86,69.838371
1883,34,t_x_80,0.33654528594539296,30,69.881314
1884,35,t_x_78,0.33629539686852905,29,69.901889
1885,36,t_x_20,0.3353069744273539,28,69.922798
1886,35,t_x_225,0.32404935223887216,48,69.964867
1887,36,t_x_72,0.32396974378127846,47,69.989228
1888,37,t_x_408,0.3235294581808897,46,70.012800
1889,38,t_x_345,0.32350193897925106,45,70.036256
1890,39,t_x_350,0.3220023172227456,44,70.070775
1891,40,t_x_6,0.32156760061632716,43,70.105179
1892,41,t_x_354,0.3213662439305996,42,70.129202
1893,42,t_x_375,0.32083768524015677,41,70.163328
1894,40,t_x_264,0.3315550653762067,94,70.208561
1895,41,t_x_100,0.33060072836282683,93,70.269858
1896,42,t_x_177,0.3304125989308909,92,70.324820
1897,43,t_x_176,0.32783752541092237,36,70.366843
1898,44,t_x_172,0.32742867952012167,35,70.399685
1899,45,t_x_236,0.3274205406343998,34,70.431936
1900,46,t_x_169,0.32737452520812826,33,70.453409
1901,47,t_x_145,0.32726340919038455,32,70.485107
1902,48,t_x_168,0.3271013922953005,31,70.505861
1903,49,t_x_192,0.3270128963252965,30,70.537146
1904,50,t_x_171,0.32614527961942785,29,70.559109
1905,51,t_x_226,0.3256741836549671,28,70.589889
1906,38,t_x_300,0.32343917332278554,41,70.631458
1907,39,t_x_191,0.3231065965073835,40,70.654870
1908,40,t_x_327,0.3211406740627265,39,70.677587
1909,41,t_x_324,0.3205857039195655,38,70.700293
1910,42,t_x_184,0.3204442243710062,37,70.722655
1911,43,t_x_190,0.3203893311707023,36,70.745162
1912,44,t_x_317,0.32030211942610837,35,70.769232
1913,45,t_x_363,0.3201927993523778,34,70.791373
1914,41,t_x_429,0.32064953327757917,45,70.823568
1915,42,t_x_184,0.3204442243710062,44,70.847344
1916,43,t_x_363,0.3201927993523778,43,70.875752
1917,44,t_x_39,0.3197549282209896,42,70.899570
1918,45,t_x_431,0.3195293554421153,41,70.923142
1919,46,t_x_250,0.31910493517402994,40,70.946000
1920,47,t_x_406,0.3187332588205406,39,70.968835
1921,48,t_x_310,0.3186284145331494,38,70.991772
1922,20,t_x_37,0.32979972676975927,91,71.027554
1923,21,t_x_153,0.32837066835719786,90,71.082213
1924,22,t_x_149,0.3281587594035913,89,71.138059
1925,23,t_x_176,0.32783752541092237,88,71.192014
1926,24,t_x_270,0.32783001401543077,39,71.237209
1927,25,t_x_148,0.32773032536471913,38,71.270223
1928,26,t_x_172,0.32742867952012167,37,71.292527
1929,27,t_x_169,0.32737452520812826,36,71.325712
1930,28,t_x_168,0.3271013922953005,35,71.358000
1931,29,t_x_192,0.3270128963252965,34,71.390213
1932,30,t_x_239,0.32682813220844253,33,71.411412
1933,31,t_x_171,0.32614527961942785,32,71.432521
1934,32,t_x_166,0.32545563514268605,31,71.453168
1935,33,t_x_41,0.32432807218660503,30,71.474154
1936,34,t_x_167,0.3242644250523776,29,71.495243
1937,35,t_x_194,0.3239518020251907,28,71.516094
1938,35,t_x_167,0.3242644250523776,50,71.559097
1939,36,t_x_446,0.32394544265052777,49,71.586745
1940,37,t_x_99,0.3215428667997927,29,71.611751
1941,38,t_x_91,0.32105979179969935,28,71.634034
1942,59,t_x_19,0.32721141007081767,67,71.678690
1943,60,t_x_341,0.32680349009166004,66,71.705815
1944,61,t_x_22,0.32643339157926643,65,71.732187
1945,62,t_x_339,0.3264010485281532,64,71.757449
1946,63,t_x_171,0.32614527961942785,63,71.783160
1947,64,t_x_369,0.3257086592576262,62,71.811435
1948,65,t_x_166,0.32545563514268605,61,71.837001
1949,66,t_x_301,0.32545457191610666,60,71.862670
1950,58,t_x_236,0.3274205406343998,70,71.898192
1951,59,t_x_79,0.3273105193088242,69,71.926767
1952,60,t_x_19,0.32721141007081767,68,71.972074
1953,61,t_x_15,0.3268669079888928,67,72.018292
1954,62,t_x_239,0.32682813220844253,66,72.063007
1955,63,t_x_22,0.32643339157926643,65,72.107232
1956,64,t_x_237,0.32638683091703363,64,72.150699
1957,65,t_x_171,0.32614527961942785,63,72.176445
1958,81,t_x_250,0.31910493517402994,46,72.222691
1959,82,t_x_246,0.3190836364520209,45,72.250704
1960,83,t_x_33,0.31907745609654115,44,72.274744
1961,84,t_x_344,0.31900478376110813,43,72.299280
1962,85,t_x_414,0.31898229808373346,42,72.323530
1963,86,t_x_321,0.3189184288017534,41,72.347662
1964,87,t_x_263,0.318706573347225,40,72.372081
1965,88,t_x_127,0.31864984704845123,39,72.395597
1966,57,t_x_41,0.32432807218660503,61,72.432495
1967,58,t_x_256,0.32401288646770043,60,72.457902
1968,59,t_x_72,0.32396974378127846,59,72.483147
1969,60,t_x_53,0.323954494307468,58,72.525809
1970,61,t_x_194,0.3239518020251907,57,72.551058
1971,62,t_x_74,0.323802536529808,56,72.576124
1972,63,t_x_345,0.32350193897925106,55,72.618340
1973,64,t_x_151,0.32337424325993264,54,72.660173
1974,32,t_x_62,0.32853857799150243,71,72.696005
1975,33,t_x_149,0.3281587594035913,70,72.743500
1976,34,t_x_139,0.32800220097911803,31,72.778555
1977,35,t_x_140,0.3279708210237213,30,72.810138
1978,36,t_x_142,0.3279009411221477,29,72.841260
1979,37,t_x_148,0.32773032536471913,28,72.872324
1980,41,t_x_239,0.32682813220844253,46,72.923663
1981,42,t_x_341,0.32680349009166004,45,72.947653
1982,43,t_x_22,0.32643339157926643,44,72.971452
1983,44,t_x_339,0.3264010485281532,43,72.994975
1984,45,t_x_369,0.3257086592576262,42,73.018345
1985,46,t_x_366,0.32490447930058935,41,73.052108
1986,47,t_x_232,0.32481809607848655,40,73.085926
1987,48,t_x_151,0.32337424325993264,39,73.108493
1988,64,t_x_409,0.32060591343907036,43,73.142019
1989,65,t_x_135,0.32055137576989046,42,73.176850
1990,66,t_x_184,0.3204442243710062,41,73.201507
1991,67,t_x_376,0.3203565634718892,40,73.225794
1992,68,t_x_11,0.32017864898743276,39,73.252234
1993,69,t_x_357,0.3201529313354039,38,73.276092
1994,70,t_x_447,0.3201059070916388,37,73.301683
1995,71,t_x_351,0.3198275341993695,36,73.325459
1996,61,t_x_363,0.3201927993523778,51,73.378963
1997,62,t_x_272,0.3200110872880186,50,73.403928
1998,63,t_x_161,0.31993337202310457,49,73.428774
1999,64,t_x_90,0.31975708337557535,48,73.453286
2000,65,t_x_29,0.31970262399898997,47,73.476983
2001,66,t_x_257,0.3196862469239287,46,73.501021
2002,67,t_x_28,0.31963977817813943,45,73.525134
2003,68,t_x_252,0.31946986491772833,44,73.553883
2004,43,t_x_150,0.3286823076073712,91,73.591997
2005,44,t_x_139,0.32800220097911803,90,73.645493
2006,45,t_x_176,0.32783752541092237,89,73.700797
2007,46,t_x_172,0.32742867952012167,36,73.741627
2008,47,t_x_169,0.32737452520812826,35,73.773884
2009,48,t_x_168,0.3271013922953005,34,73.797072
2010,49,t_x_192,0.3270128963252965,33,73.819729
2011,50,t_x_239,0.32682813220844253,32,73.841267
2012,51,t_x_171,0.32614527961942785,31,73.862312
2013,52,t_x_166,0.32545563514268605,30,73.883093
2014,53,t_x_180,0.32508066064641833,29,73.904155
2015,54,t_x_232,0.32481809607848655,28,73.924477
2016,46,t_x_232,0.32481809607848655,58,73.968114
2017,47,t_x_336,0.32462792849298816,57,73.997487
2018,48,t_x_225,0.32404935223887216,56,74.027151
2019,49,t_x_191,0.3231065965073835,55,74.053996
2020,50,t_x_419,0.323059624125218,54,74.081090
2021,51,t_x_415,0.32298385976283783,53,74.106956
2022,52,t_x_338,0.32264023726710334,52,74.149285
2023,53,t_x_433,0.3218899203392841,51,74.188784
2024,25,t_x_361,0.33157642028416945,85,74.226160
2025,26,t_x_332,0.33044324480598997,84,74.260070
2026,27,t_x_343,0.32851280584207715,34,74.302456
2027,28,t_x_411,0.32753300194262525,33,74.336002
2028,29,t_x_331,0.3274126242838769,32,74.358916
2029,30,t_x_341,0.32680349009166004,31,74.392106
2030,31,t_x_234,0.32669830148764506,30,74.413957
2031,32,t_x_339,0.3264010485281532,29,74.436450
2032,33,t_x_226,0.3256741836549671,28,74.457585
2033,54,t_x_239,0.32682813220844253,54,74.503409
2034,55,t_x_22,0.32643339157926643,53,74.531516
2035,56,t_x_369,0.3257086592576262,52,74.557602
2036,57,t_x_163,0.32498562062928704,51,74.597061
2037,58,t_x_366,0.32490447930058935,50,74.635387
2038,59,t_x_340,0.32488452727089095,49,74.672107
2039,60,t_x_232,0.32481809607848655,48,74.696758
2040,61,t_x_225,0.32404935223887216,47,74.721026
2041,57,t_x_112,0.3197033375206849,39,74.755946
2042,58,t_x_29,0.31970262399898997,38,74.777949
2043,59,t_x_28,0.31963977817813943,37,74.810444
2044,60,t_x_370,0.3195182550040618,36,74.832458
2045,61,t_x_242,0.3193170507532921,35,74.855108
2046,62,t_x_244,0.31920743172188837,34,74.877288
2047,63,t_x_281,0.3191887990043659,33,74.899211
2048,64,t_x_121,0.31900809173540023,32,74.920855
2049,65,t_x_138,0.3221951617760623,53,74.954248
2050,66,t_x_99,0.3215428667997927,52,74.978492
2051,67,t_x_61,0.3206324300073691,51,75.003837
2052,68,t_x_184,0.3204442243710062,50,75.041272
2053,69,t_x_357,0.3201529313354039,49,75.065337
2054,70,t_x_371,0.31997869627072717,48,75.091143
2055,71,t_x_158,0.3198822175572763,47,75.115171
2056,72,t_x_348,0.319840074379505,46,75.138735
2057,35,t_x_23,0.33750992239639216,415,75.187308
2058,36,t_x_26,0.33710634432496456,81,75.360832
2059,37,t_x_77,0.33679519038950717,40,75.403633
2060,38,t_x_21,0.33674725056917193,39,75.437765
2061,39,t_x_78,0.33629539686852905,38,75.471849
2062,40,t_x_20,0.3353069744273539,37,75.505406
2063,41,t_x_85,0.3329427103660081,36,75.537670
2064,42,t_x_75,0.3306908869598732,35,75.570515
2065,43,t_x_373,0.3291839228566644,34,75.602920
2066,44,t_x_129,0.3285813450795422,33,75.624680
2067,45,t_x_367,0.32833040353733933,32,75.646968
2068,46,t_x_270,0.32783001401543077,31,75.668644
2069,47,t_x_411,0.32753300194262525,30,75.690581
2070,48,t_x_19,0.32721141007081767,29,75.712394
2071,49,t_x_15,0.3268669079888928,28,75.743800
2072,37,t_x_159,0.3369646913562073,80,75.789062
2073,38,t_x_77,0.33679519038950717,79,75.839150
2074,39,t_x_372,0.33630744661103745,34,75.876797
2075,40,t_x_78,0.33629539686852905,33,75.898411
2076,41,t_x_20,0.3353069744273539,32,75.930336
2077,42,t_x_85,0.3329427103660081,31,75.951456
2078,43,t_x_417,0.33220260282135483,30,75.974743
2079,44,t_x_75,0.3306908869598732,29,75.996373
2080,45,t_x_201,0.3291212094295495,28,76.018872
2081,39,t_x_21,0.33674725056917193,78,76.054021
2082,40,t_x_20,0.3353069744273539,37,76.091416
2083,41,t_x_75,0.3306908869598732,36,76.124379
2084,42,t_x_201,0.3291212094295495,35,76.157183
2085,43,t_x_270,0.32783001401543077,34,76.180139
2086,44,t_x_400,0.3277550551348225,33,76.202445
2087,45,t_x_79,0.3273105193088242,32,76.233111
2088,46,t_x_19,0.32721141007081767,31,76.258050
2089,47,t_x_15,0.3268669079888928,30,76.289410
2090,48,t_x_101,0.32643855400786287,29,76.321129
2091,49,t_x_22,0.32643339157926643,28,76.343114
2092,40,t_x_372,0.33630744661103745,77,76.388650
2093,41,t_x_78,0.33629539686852905,76,76.439181
2094,42,t_x_20,0.3353069744273539,75,76.490263
2095,43,t_x_85,0.3329427103660081,36,76.524086
2096,44,t_x_417,0.33220260282135483,35,76.547489
2097,45,t_x_75,0.3306908869598732,34,76.569412
2098,46,t_x_373,0.3291839228566644,33,76.601336
2099,47,t_x_400,0.3277550551348225,32,76.623052
2100,48,t_x_411,0.32753300194262525,31,76.644302
2101,49,t_x_19,0.32721141007081767,30,76.665809
2102,50,t_x_15,0.3268669079888928,29,76.696849
2103,51,t_x_101,0.32643855400786287,28,76.718890
2104,43,t_x_85,0.3329427103660081,74,76.753508
2105,44,t_x_417,0.33220260282135483,73,76.802222
2106,45,t_x_75,0.3306908869598732,72,76.828665
2107,46,t_x_373,0.3291839228566644,71,76.877136
2108,47,t_x_201,0.3291212094295495,70,76.903081
2109,48,t_x_129,0.3285813450795422,69,76.930202
2110,49,t_x_367,0.32833040353733933,68,76.956843
2111,50,t_x_270,0.32783001401543077,67,76.982897
2112,51,t_x_400,0.3277550551348225,66,77.029319
2113,52,t_x_411,0.32753300194262525,65,77.055003
2114,53,t_x_79,0.3273105193088242,64,77.080455
2115,54,t_x_19,0.32721141007081767,63,77.125125
2116,55,t_x_15,0.3268669079888928,29,77.157774
2117,56,t_x_22,0.32643339157926643,28,77.189123
2118,80,t_x_4,0.32030328407467384,48,77.242281
2119,81,t_x_363,0.3201927993523778,47,77.266342
2120,82,t_x_128,0.3201485176076543,46,77.290074
2121,83,t_x_92,0.3201060406698506,45,77.326003
2122,84,t_x_280,0.31990873351166077,44,77.349104
2123,85,t_x_90,0.31975708337557535,43,77.383894
2124,86,t_x_93,0.31969098511900007,42,77.418921
2125,87,t_x_319,0.3196661549508256,41,77.453499
2126,69,t_x_128,0.3201485176076543,41,77.486547
2127,70,t_x_371,0.31997869627072717,40,77.509948
2128,71,t_x_90,0.31975708337557535,39,77.532903
2129,72,t_x_29,0.31970262399898997,38,77.555686
2130,73,t_x_282,0.3196933056683402,37,77.588464
2131,74,t_x_28,0.31963977817813943,36,77.611093
2132,75,t_x_312,0.31948945754507085,35,77.643061
2133,76,t_x_160,0.31941654628814786,34,77.665344
2134,28,t_x_341,0.32680349009166004,67,77.700369
2135,29,t_x_101,0.32643855400786287,66,77.726120
2136,30,t_x_166,0.32545563514268605,65,77.753875
2137,31,t_x_180,0.32508066064641833,64,77.778854
2138,32,t_x_292,0.3244666037562576,29,77.812205
2139,33,t_x_194,0.3239518020251907,28,77.832646
2140,65,t_x_35,0.323694450763153,56,77.885920
2141,66,t_x_408,0.3235294581808897,55,77.911384
2142,67,t_x_36,0.32315741763196254,54,77.936558
2143,68,t_x_304,0.3231550820374737,53,77.961411
2144,69,t_x_338,0.32264023726710334,52,77.985631
2145,70,t_x_27,0.3226116951650698,51,78.010749
2146,71,t_x_91,0.32105979179969935,50,78.046592
2147,72,t_x_368,0.32082819954508945,49,78.070465
2148,49,t_x_247,0.3185092782668806,37,78.103429
2149,50,t_x_424,0.3182253669639071,36,78.126302
2150,51,t_x_48,0.317348783240459,35,78.147879
2151,52,t_x_362,0.31656713007719534,34,78.169729
2152,53,t_x_57,0.3165656823873354,33,78.191838
2153,54,t_x_294,0.31638282770248616,32,78.213455
2154,55,t_x_254,0.3160609246666214,31,78.236347
2155,56,t_x_152,0.31596936175922885,30,78.257580
2156,89,t_x_278,0.31856550808332806,38,78.289187
2157,90,t_x_247,0.3185092782668806,37,78.312244
2158,91,t_x_364,0.31835288347826046,36,78.335593
2159,92,t_x_175,0.318348868548595,35,78.358930
2160,93,t_x_43,0.31810725726167277,34,78.381923
2161,94,t_x_248,0.3177753668134972,33,78.404523
2162,95,t_x_230,0.3177190400122357,32,78.427120
2163,96,t_x_275,0.31771745817028574,31,78.449953
2164,97,t_x_124,0.31766996104254247,30,78.471977
2165,24,t_x_270,0.32783001401543077,87,78.506731
2166,25,t_x_172,0.32742867952012167,35,78.544832
2167,26,t_x_79,0.3273105193088242,34,78.577395
2168,27,t_x_168,0.3271013922953005,33,78.598933
2169,28,t_x_171,0.32614527961942785,32,78.630789
2170,29,t_x_166,0.32545563514268605,31,78.661744
2171,30,t_x_167,0.3242644250523776,30,78.682143
2172,31,t_x_91,0.32105979179969935,29,78.702622
2173,32,t_x_269,0.3207389474023821,28,78.722972
2174,73,t_x_351,0.3198275341993695,45,78.764867
2175,74,t_x_255,0.31961596194100095,44,78.788169
2176,75,t_x_358,0.31957730052731464,43,78.817565
2177,76,t_x_187,0.3195347061135602,42,78.844771
2178,77,t_x_370,0.3195182550040618,41,78.871767
2179,78,t_x_160,0.31941654628814786,40,78.902332
2180,79,t_x_63,0.3193462006926152,39,78.925695
2181,80,t_x_242,0.3193170507532921,38,78.950159
2182,81,t_x_70,0.31875483678757077,37,78.973382
2183,69,t_x_279,0.3193139926659193,43,79.015771
2184,70,t_x_329,0.3191806753137926,42,79.039835
2185,71,t_x_33,0.31907745609654115,41,79.063409
2186,72,t_x_321,0.3189184288017534,40,79.087349
2187,73,t_x_120,0.31880171171540855,39,79.110902
2188,74,t_x_69,0.3187309179251806,38,79.134560
2189,75,t_x_127,0.31864984704845123,37,79.157257
2190,76,t_x_247,0.3185092782668806,36,79.180963
2191,77,t_x_405,0.3184748756480654,35,79.204329
2192,27,t_x_149,0.3281587594035913,70,79.239358
2193,28,t_x_45,0.32813523944670725,69,79.285512
2194,29,t_x_374,0.32811552122135923,68,79.330473
2195,30,t_x_434,0.32795547383667734,67,79.376446
2196,31,t_x_428,0.32790863073303644,66,79.401856
2197,32,t_x_71,0.32765571981761243,65,79.427408
2198,33,t_x_236,0.3274205406343998,64,79.454312
2199,34,t_x_331,0.3274126242838769,63,79.500995
2200,35,t_x_145,0.32726340919038455,62,79.526860
2201,37,t_x_301,0.32545457191610666,31,79.576694
2202,38,t_x_18,0.3246724231025938,30,79.607033
2203,43,t_x_61,0.3206324300073691,40,79.648278
2204,44,t_x_11,0.32017864898743276,39,79.671290
2205,45,t_x_357,0.3201529313354039,38,79.694865
2206,46,t_x_437,0.3199783566261846,37,79.719483
2207,47,t_x_348,0.319840074379505,36,79.742936
2208,48,t_x_351,0.3198275341993695,35,79.775115
2209,49,t_x_319,0.3196661549508256,34,79.807304
2210,50,t_x_358,0.31957730052731464,33,79.829403
2211,51,t_x_187,0.3195347061135602,32,79.852667
2212,36,t_x_26,0.33710634432496456,414,79.900227
2213,37,t_x_77,0.33679519038950717,92,80.084077
2214,38,t_x_80,0.33654528594539296,28,80.127337
2215,38,t_x_21,0.33674725056917193,91,80.172318
2216,39,t_x_20,0.3353069744273539,39,80.220067
2217,40,t_x_361,0.33157642028416945,38,80.253781
2218,41,t_x_75,0.3306908869598732,37,80.276397
2219,42,t_x_153,0.32837066835719786,36,80.299813
2220,43,t_x_270,0.32783001401543077,35,80.322289
2221,44,t_x_19,0.32721141007081767,34,80.355981
2222,45,t_x_15,0.3268669079888928,33,80.388468
2223,46,t_x_132,0.3268587771808999,32,80.420156
2224,47,t_x_22,0.32643339157926643,31,80.442153
2225,48,t_x_369,0.3257086592576262,30,80.473106
2226,49,t_x_366,0.32490447930058935,29,80.494960
2227,50,t_x_18,0.3246724231025938,28,80.516681
2228,39,t_x_80,0.33654528594539296,90,80.555475
2229,40,t_x_78,0.33629539686852905,31,80.601918
2230,41,t_x_20,0.3353069744273539,30,80.624836
2231,42,t_x_407,0.3335813800840952,29,80.647964
2232,43,t_x_85,0.3329427103660081,28,80.669061
2233,40,t_x_78,0.33629539686852905,89,80.708403
2234,41,t_x_407,0.3335813800840952,33,80.749767
2235,42,t_x_85,0.3329427103660081,32,80.771894
2236,43,t_x_86,0.33251677012533615,31,80.803948
2237,44,t_x_156,0.3322492503371881,30,80.825267
2238,45,t_x_75,0.3306908869598732,29,80.846632
2239,46,t_x_411,0.32753300194262525,28,80.877060
2240,41,t_x_20,0.3353069744273539,88,80.912765
2241,42,t_x_85,0.3329427103660081,39,80.959142
2242,43,t_x_86,0.33251677012533615,38,80.992556
2243,44,t_x_156,0.3322492503371881,37,81.014195
2244,45,t_x_75,0.3306908869598732,36,81.037551
2245,46,t_x_373,0.3291839228566644,35,81.058849
2246,47,t_x_97,0.3290778133744423,34,81.080468
2247,48,t_x_374,0.32811552122135923,33,81.102417
2248,49,t_x_411,0.32753300194262525,32,81.123998
2249,50,t_x_19,0.32721141007081767,31,81.145633
2250,51,t_x_15,0.3268669079888928,30,81.167993
2251,52,t_x_22,0.32643339157926643,29,81.198921
2252,53,t_x_369,0.3257086592576262,28,81.229874
2253,42,t_x_407,0.3335813800840952,87,81.265030
2254,43,t_x_85,0.3329427103660081,86,81.295622
2255,44,t_x_86,0.33251677012533615,31,81.338710
2256,45,t_x_156,0.3322492503371881,30,81.361150
2257,46,t_x_75,0.3306908869598732,29,81.382557
2258,47,t_x_97,0.3290778133744423,28,81.403737
2259,44,t_x_86,0.33251677012533615,85,81.439090
2260,45,t_x_361,0.33157642028416945,29,81.479995
2261,46,t_x_75,0.3306908869598732,28,81.501434
2262,45,t_x_156,0.3322492503371881,84,81.536005
2263,46,t_x_361,0.33157642028416945,83,81.587748
2264,47,t_x_75,0.3306908869598732,82,81.638377
2265,48,t_x_373,0.3291839228566644,81,81.692239
2266,49,t_x_97,0.3290778133744423,80,81.722118
2267,50,t_x_129,0.3285813450795422,79,81.750221
2268,51,t_x_153,0.32837066835719786,78,81.778238
2269,52,t_x_367,0.32833040353733933,77,81.807945
2270,53,t_x_374,0.32811552122135923,76,81.835020
2271,54,t_x_270,0.32783001401543077,75,81.861948
2272,55,t_x_411,0.32753300194262525,74,81.910675
2273,56,t_x_14,0.3274421151063002,73,81.937389
2274,57,t_x_19,0.32721141007081767,72,81.966275
2275,58,t_x_15,0.3268669079888928,32,82.006339
2276,59,t_x_132,0.3268587771808999,31,82.037674
2277,60,t_x_22,0.32643339157926643,30,82.059595
2278,61,t_x_369,0.3257086592576262,29,82.091190
2279,62,t_x_163,0.32498562062928704,28,82.112230
2280,37,t_x_350,0.3220023172227456,48,82.155966
2281,38,t_x_99,0.3215428667997927,47,82.181472
2282,39,t_x_91,0.32105979179969935,46,82.206228
2283,40,t_x_435,0.32023988121854285,45,82.231503
2284,41,t_x_357,0.3201529313354039,44,82.266511
2285,42,t_x_447,0.3201059070916388,43,82.291420
2286,43,t_x_449,0.3200522998991134,42,82.325786
2287,44,t_x_272,0.3200110872880186,41,82.360369
2288,45,t_x_437,0.3199783566261846,40,82.383525
2289,88,t_x_284,0.31956004451484066,40,82.425533
2290,89,t_x_187,0.3195347061135602,39,82.448349
2291,90,t_x_436,0.3195203958746361,38,82.471104
2292,91,t_x_281,0.3191887990043659,37,82.493026
2293,92,t_x_329,0.3191806753137926,36,82.515229
2294,93,t_x_384,0.3190740655960574,35,82.536608
2295,94,t_x_439,0.31905430647098704,34,82.558753
2296,95,t_x_188,0.31901848908761204,33,82.580460
2297,96,t_x_121,0.31900809173540023,32,82.602301
2298,46,t_x_172,0.32742867952012167,88,82.636939
2299,47,t_x_169,0.32737452520812826,34,82.677619
2300,48,t_x_145,0.32726340919038455,33,82.710860
2301,49,t_x_168,0.3271013922953005,32,82.732532
2302,50,t_x_192,0.3270128963252965,31,82.763913
2303,51,t_x_239,0.32682813220844253,30,82.785510
2304,52,t_x_171,0.32614527961942785,29,82.807204
2305,53,t_x_166,0.32545563514268605,28,82.827536
2306,46,t_x_357,0.3201529313354039,33,82.869258
2307,47,t_x_348,0.319840074379505,32,82.891098
2308,48,t_x_222,0.31980409393388687,31,82.912865
2309,49,t_x_370,0.3195182550040618,30,82.935678
2310,72,t_x_379,0.31970047243472205,35,82.977747
2311,73,t_x_358,0.31957730052731464,34,83.003515
2312,74,t_x_436,0.3195203958746361,33,83.036853
2313,75,t_x_188,0.31901848908761204,32,83.059813
2314,76,t_x_414,0.31898229808373346,31,83.082642
2315,77,t_x_382,0.31876090221757525,30,83.114394
2316,65,t_x_58,0.3188222732541668,31,83.158395
2317,66,t_x_120,0.31880171171540855,30,83.179971
2318,82,t_x_69,0.3187309179251806,36,83.222857
2319,83,t_x_364,0.31835288347826046,35,83.244415
2320,84,t_x_391,0.31818185738335797,34,83.266694
2321,85,t_x_60,0.318135541005953,33,83.288598
2322,86,t_x_43,0.31810725726167277,32,83.310940
2323,87,t_x_347,0.317349019525933,31,83.332664
2324,88,t_x_224,0.31695016743775284,30,83.354081
2325,77,t_x_279,0.3193139926659193,33,83.395558
2326,78,t_x_281,0.3191887990043659,32,83.417645
2327,79,t_x_9,0.31880382724696477,31,83.439410
2328,80,t_x_120,0.31880171171540855,30,83.461544
2329,67,t_x_163,0.32498562062928704,59,83.506455
2330,68,t_x_366,0.32490447930058935,58,83.531648
2331,69,t_x_340,0.32488452727089095,57,83.556625
2332,70,t_x_245,0.32478719540614975,56,83.582253
2333,71,t_x_31,0.32473594029234726,55,83.607455
2334,72,t_x_253,0.3240743066028985,54,83.650326
2335,73,t_x_72,0.32396974378127846,53,83.675604
2336,74,t_x_251,0.32383884010279435,52,83.700139
2337,75,t_x_74,0.323802536529808,51,83.724949
2338,73,t_x_409,0.32060591343907036,48,83.779039
2339,74,t_x_249,0.3203398526266621,47,83.803083
2340,75,t_x_161,0.31993337202310457,46,83.828135
2341,76,t_x_29,0.31970262399898997,45,83.851548
2342,77,t_x_257,0.3196862469239287,44,83.875166
2343,78,t_x_28,0.31963977817813943,43,83.898823
2344,79,t_x_370,0.3195182550040618,42,83.921498
2345,80,t_x_252,0.31946986491772833,41,83.944424
2346,81,t_x_242,0.3193170507532921,40,83.966850
2347,78,t_x_364,0.31835288347826046,34,83.999723
2348,79,t_x_322,0.31830740841254235,33,84.022810
2349,80,t_x_315,0.3183061176182019,32,84.045444
2350,81,t_x_248,0.3177753668134972,31,84.068131
2351,82,t_x_103,0.3177068122855853,30,84.090509
2352,54,t_x_6,0.32156760061632716,50,84.134808
2353,55,t_x_429,0.32064953327757917,49,84.172128
2354,56,t_x_409,0.32060591343907036,48,84.197797
2355,57,t_x_324,0.3205857039195655,47,84.230202
2356,58,t_x_11,0.32017864898743276,46,84.261370
2357,59,t_x_447,0.3201059070916388,45,84.286970
2358,60,t_x_272,0.3200110872880186,44,84.311184
2359,61,t_x_371,0.31997869627072717,43,84.335877
2360,62,t_x_282,0.3196933056683402,42,84.360677
2361,32,t_x_340,0.32488452727089095,63,84.397963
2362,33,t_x_292,0.3244666037562576,62,84.423196
2363,34,t_x_167,0.3242644250523776,61,84.447438
2364,35,t_x_53,0.323954494307468,60,84.472478
2365,36,t_x_194,0.3239518020251907,59,84.498946
2366,37,t_x_74,0.323802536529808,58,84.543269
2367,38,t_x_408,0.3235294581808897,57,84.571879
2368,39,t_x_345,0.32350193897925106,56,84.597029
2369,40,t_x_181,0.32346568703913375,55,84.621045
2370,52,t_x_32,0.31928257804655796,31,84.692669
2371,53,t_x_238,0.3192659625599451,30,84.714827
2372,42,t_x_65,0.3322614622728081,45,84.758902
2373,43,t_x_75,0.3306908869598732,44,84.794019
2374,44,t_x_100,0.33060072836282683,43,84.816885
2375,45,t_x_426,0.32934656915668087,42,84.851204
2376,46,t_x_201,0.3291212094295495,41,84.873902
2377,47,t_x_66,0.32837626014866994,40,84.907464
2378,48,t_x_140,0.3279708210237213,39,84.929412
2379,49,t_x_68,0.32792695399343874,38,84.951298
2380,50,t_x_148,0.32773032536471913,37,84.972900
2381,34,t_x_139,0.32800220097911803,69,85.006925
2382,35,t_x_140,0.3279708210237213,32,85.043480
2383,36,t_x_142,0.3279009411221477,31,85.075077
2384,37,t_x_148,0.32773032536471913,30,85.106516
2385,38,t_x_172,0.32742867952012167,29,85.128788
2386,39,t_x_145,0.32726340919038455,28,85.149341
2387,66,t_x_369,0.3257086592576262,62,85.191368
2388,67,t_x_166,0.32545563514268605,61,85.241130
2389,68,t_x_163,0.32498562062928704,60,85.273557
2390,69,t_x_366,0.32490447930058935,59,85.318172
2391,70,t_x_232,0.32481809607848655,58,85.343100
2392,71,t_x_41,0.32432807218660503,57,85.368174
2393,72,t_x_167,0.3242644250523776,56,85.411065
2394,73,t_x_253,0.3240743066028985,55,85.435904
2395,74,t_x_72,0.32396974378127846,54,85.460028
2396,27,t_x_343,0.32851280584207715,83,85.509875
2397,28,t_x_270,0.32783001401543077,32,85.553145
2398,29,t_x_411,0.32753300194262525,31,85.576305
2399,30,t_x_331,0.3274126242838769,30,85.598908
2400,31,t_x_341,0.32680349009166004,29,85.631378
2401,32,t_x_339,0.3264010485281532,28,85.663580
2402,97,t_x_389,0.3190051244560763,31,85.706337
2403,98,t_x_382,0.31876090221757525,30,85.728451
2404,34,t_x_80,0.33654528594539296,85,85.773699
2405,35,t_x_330,0.3364988573519652,84,85.827757
2406,36,t_x_78,0.33629539686852905,83,85.880888
2407,37,t_x_20,0.3353069744273539,82,85.942150
2408,38,t_x_293,0.33349881435358497,81,85.995625
2409,39,t_x_85,0.3329427103660081,80,86.024211
2410,40,t_x_86,0.33251677012533615,33,86.061743
2411,41,t_x_156,0.3322492503371881,32,86.093661
2412,42,t_x_268,0.3320393451891257,31,86.114683
2413,43,t_x_75,0.3306908869598732,30,86.135972
2414,44,t_x_37,0.32979972676975927,29,86.156655
2415,45,t_x_97,0.3290778133744423,28,86.177870
2416,55,t_x_15,0.3268669079888928,62,86.219738
2417,56,t_x_101,0.32643855400786287,61,86.266666
2418,57,t_x_22,0.32643339157926643,60,86.292579
2419,58,t_x_301,0.32545457191610666,59,86.337000
2420,59,t_x_163,0.32498562062928704,58,86.381589
2421,60,t_x_366,0.32490447930058935,57,86.408515
2422,61,t_x_245,0.32478719540614975,56,86.433594
2423,62,t_x_18,0.3246724231025938,55,86.458745
2424,63,t_x_16,0.3238783027854283,54,86.501802
2425,19,t_x_23,0.33750992239639216,105,86.551553
2426,20,t_x_77,0.33679519038950717,30,86.599344
2427,21,t_x_78,0.33629539686852905,29,86.630725
2428,22,t_x_20,0.3353069744273539,28,86.661533
2429,82,t_x_238,0.3192659625599451,39,86.714290
2430,83,t_x_244,0.31920743172188837,38,86.737471
2431,84,t_x_250,0.31910493517402994,37,86.760025
2432,85,t_x_33,0.31907745609654115,36,86.782479
2433,86,t_x_120,0.31880171171540855,35,86.804909
2434,87,t_x_127,0.31864984704845123,34,86.827274
2435,88,t_x_278,0.31856550808332806,33,86.849605
2436,89,t_x_405,0.3184748756480654,32,86.871992
2437,90,t_x_30,0.3183566377299701,31,86.894065
2438,91,t_x_364,0.31835288347826046,30,86.915762
2439,49,t_x_27,0.3226116951650698,38,86.960237
2440,50,t_x_350,0.3220023172227456,37,86.983411
2441,51,t_x_433,0.3218899203392841,36,87.005731
2442,52,t_x_99,0.3215428667997927,35,87.027802
2443,53,t_x_354,0.3213662439305996,34,87.050294
2444,54,t_x_368,0.32082819954508945,33,87.072983
2445,55,t_x_269,0.3207389474023821,32,87.094430
2446,56,t_x_324,0.3205857039195655,31,87.116905
2447,57,t_x_162,0.32046107090717313,30,87.138626
2448,25,t_x_148,0.32773032536471913,86,87.173167
2449,26,t_x_172,0.32742867952012167,85,87.225806
2450,27,t_x_169,0.32737452520812826,34,87.276296
2451,28,t_x_145,0.32726340919038455,33,87.302406
2452,29,t_x_168,0.3271013922953005,32,87.324075
2453,30,t_x_192,0.3270128963252965,31,87.355636
2454,31,t_x_239,0.32682813220844253,30,87.376931
2455,32,t_x_260,0.32650316371008,29,87.397956
2456,33,t_x_171,0.32614527961942785,28,87.419013
2457,37,t_x_159,0.3369646913562073,413,87.475681
2458,38,t_x_21,0.33674725056917193,78,87.639603
2459,39,t_x_80,0.33654528594539296,77,87.696961
2460,40,t_x_430,0.3340991054175165,76,87.748790
2461,41,t_x_64,0.33373433301465677,75,87.799046
2462,42,t_x_85,0.3329427103660081,74,87.848580
2463,43,t_x_423,0.33279429776079117,73,87.898187
2464,44,t_x_425,0.33238127630915515,72,87.947183
2465,45,t_x_156,0.3322492503371881,71,87.995210
2466,46,t_x_37,0.32979972676975927,28,88.032830
2467,62,t_x_16,0.3238783027854283,46,88.073521
2468,63,t_x_151,0.32337424325993264,45,88.099255
2469,64,t_x_338,0.32264023726710334,44,88.123504
2470,65,t_x_433,0.3218899203392841,43,88.147654
2471,66,t_x_327,0.3211406740627265,42,88.174065
2472,67,t_x_368,0.32082819954508945,41,88.197498
2473,68,t_x_95,0.32077476127869986,40,88.221168
2474,69,t_x_429,0.32064953327757917,39,88.245682
2475,70,t_x_61,0.3206324300073691,38,88.268868
2476,46,t_x_90,0.31975708337557535,39,88.302654
2477,47,t_x_282,0.3196933056683402,38,88.326732
2478,48,t_x_358,0.31957730052731464,37,88.352744
2479,49,t_x_284,0.31956004451484066,36,88.377058
2480,50,t_x_431,0.3195293554421153,35,88.400954
2481,51,t_x_436,0.3195203958746361,34,88.423793
2482,52,t_x_242,0.3193170507532921,33,88.456475
2483,53,t_x_427,0.3192083979091698,32,88.479109
2484,54,t_x_443,0.31919004525908323,31,88.501474
2485,58,t_x_15,0.3268669079888928,71,88.544172
2486,59,t_x_132,0.3268587771808999,31,88.582980
2487,60,t_x_22,0.32643339157926643,30,88.609168
2488,61,t_x_56,0.32519348547158655,29,88.632107
2489,62,t_x_366,0.32490447930058935,28,88.653477
2490,76,t_x_408,0.3235294581808897,50,88.695206
2491,77,t_x_151,0.32337424325993264,49,88.719845
2492,78,t_x_131,0.32326796846853334,48,88.743955
2493,79,t_x_36,0.32315741763196254,47,88.768410
2494,80,t_x_415,0.32298385976283783,46,88.792381
2495,81,t_x_241,0.3213790574644039,45,88.816623
2496,82,t_x_368,0.32082819954508945,44,88.840389
2497,83,t_x_61,0.3206324300073691,43,88.893109
2498,84,t_x_324,0.3205857039195655,42,88.920254
2499,55,t_x_281,0.3191887990043659,30,88.957606
2500,41,t_x_191,0.3231065965073835,54,89.003500
2501,42,t_x_375,0.32083768524015677,53,89.043690
2502,43,t_x_95,0.32077476127869986,52,89.066966
2503,44,t_x_409,0.32060591343907036,51,89.103398
2504,45,t_x_184,0.3204442243710062,50,89.138972
2505,46,t_x_190,0.3203893311707023,49,89.174006
2506,47,t_x_4,0.32030328407467384,48,89.208279
2507,48,t_x_11,0.32017864898743276,47,89.231197
2508,49,t_x_357,0.3201529313354039,46,89.253715
2509,50,t_x_92,0.3201060406698506,45,89.275896
2510,51,t_x_379,0.31970047243472205,44,89.298429
2511,52,t_x_358,0.31957730052731464,43,89.320597
2512,53,t_x_187,0.3195347061135602,42,89.342531
2513,54,t_x_182,0.3192603059870898,41,89.375933
2514,55,t_x_384,0.3190740655960574,40,89.409077
2515,56,t_x_188,0.31901848908761204,39,89.430799
2516,57,t_x_121,0.31900809173540023,38,89.452098
2517,58,t_x_9,0.31880382724696477,37,89.474443
2518,59,t_x_120,0.31880171171540855,36,89.496324
2519,60,t_x_382,0.31876090221757525,35,89.518337
2520,61,t_x_266,0.31875346140061533,34,89.539679
2521,62,t_x_406,0.3187332588205406,33,89.561320
2522,63,t_x_69,0.3187309179251806,32,89.582602
2523,64,t_x_12,0.3186774985671871,31,89.604188
2524,65,t_x_127,0.31864984704845123,30,89.625653
2525,64,t_x_419,0.323059624125218,53,89.670119
2526,65,t_x_27,0.3226116951650698,52,89.694543
2527,66,t_x_99,0.3215428667997927,51,89.730834
2528,67,t_x_368,0.32082819954508945,50,89.754937
2529,68,t_x_162,0.32046107090717313,49,89.778857
2530,69,t_x_249,0.3203398526266621,48,89.802724
2531,70,t_x_4,0.32030328407467384,47,89.826793
2532,71,t_x_363,0.3201927993523778,46,89.850026
2533,72,t_x_371,0.31997869627072717,45,89.873550
2534,73,t_x_280,0.31990873351166077,44,89.897125
2535,74,t_x_90,0.31975708337557535,43,89.920242
2536,75,t_x_112,0.3197033375206849,42,89.943435
2537,76,t_x_29,0.31970262399898997,41,89.965852
2538,77,t_x_28,0.31963977817813943,40,90.000407
2539,78,t_x_370,0.3195182550040618,39,90.024744
2540,79,t_x_312,0.31948945754507085,38,90.048494
2541,80,t_x_414,0.31898229808373346,37,90.070742
2542,81,t_x_58,0.3188222732541668,36,90.093998
2543,82,t_x_120,0.31880171171540855,35,90.116324
2544,83,t_x_276,0.3183400161444687,34,90.139066
2545,84,t_x_94,0.31824593329857287,33,90.161377
2546,85,t_x_391,0.31818185738335797,32,90.183378
2547,86,t_x_275,0.31771745817028574,31,90.204718
2548,87,t_x_124,0.31766996104254247,30,90.226608
2549,85,t_x_249,0.3203398526266621,41,90.269683
2550,86,t_x_231,0.32026074926974174,40,90.294095
2551,87,t_x_363,0.3201927993523778,39,90.317322
2552,88,t_x_161,0.31993337202310457,38,90.339586
2553,89,t_x_39,0.3197549282209896,37,90.363220
2554,90,t_x_257,0.3196862469239287,36,90.385517
2555,91,t_x_319,0.3196661549508256,35,90.408684
2556,92,t_x_255,0.31961596194100095,34,90.431602
2557,93,t_x_370,0.3195182550040618,33,90.454017
2558,94,t_x_242,0.3193170507532921,32,90.477045
2559,95,t_x_238,0.3192659625599451,31,90.499061
2560,96,t_x_33,0.31907745609654115,30,90.521192
2561,63,t_x_319,0.3196661549508256,41,90.564735
2562,64,t_x_187,0.3195347061135602,40,90.589530
2563,65,t_x_436,0.3195203958746361,39,90.613374
2564,66,t_x_312,0.31948945754507085,38,90.637564
2565,67,t_x_252,0.31946986491772833,37,90.662069
2566,68,t_x_242,0.3193170507532921,36,90.686139
2567,69,t_x_238,0.3192659625599451,35,90.708982
2568,70,t_x_244,0.31920743172188837,34,90.732918
2569,71,t_x_250,0.31910493517402994,33,90.756388
2570,72,t_x_344,0.31900478376110813,32,90.779734
2571,73,t_x_414,0.31898229808373346,31,90.801815
2572,74,t_x_9,0.31880382724696477,30,90.825389
2573,51,t_x_192,0.3270128963252965,36,90.868249
2574,52,t_x_15,0.3268669079888928,35,90.889276
2575,53,t_x_1,0.3237047946964038,34,90.911602
2576,54,t_x_345,0.32350193897925106,33,90.933455
2577,55,t_x_181,0.32346568703913375,32,90.956125
2578,56,t_x_354,0.3213662439305996,31,90.977897
2579,57,t_x_11,0.32017864898743276,30,90.998585
2580,36,t_x_229,0.32710653484174335,61,91.043020
2581,37,t_x_239,0.32682813220844253,28,91.077587
2582,59,t_x_132,0.3268587771808999,70,91.129603
2583,60,t_x_22,0.32643339157926643,69,91.156249
2584,61,t_x_369,0.3257086592576262,30,91.190260
2585,62,t_x_56,0.32519348547158655,29,91.211735
2586,63,t_x_18,0.3246724231025938,28,91.233491
2587,47,t_x_236,0.3274205406343998,87,91.277167
2588,48,t_x_169,0.32737452520812826,86,91.343545
2589,49,t_x_168,0.3271013922953005,36,91.384677
2590,50,t_x_171,0.32614527961942785,35,91.417406
2591,51,t_x_166,0.32545563514268605,34,91.450042
2592,52,t_x_180,0.32508066064641833,33,91.470728
2593,53,t_x_147,0.32449028000274377,32,91.491487
2594,54,t_x_167,0.3242644250523776,31,91.512759
2595,55,t_x_251,0.32383884010279435,30,91.533562
2596,56,t_x_184,0.3204442243710062,29,91.554630
2597,57,t_x_158,0.3198822175572763,28,91.575221
2598,71,t_x_162,0.32046107090717313,37,91.617349
2599,72,t_x_376,0.3203565634718892,36,91.645366
2600,73,t_x_363,0.3201927993523778,35,91.669110
2601,74,t_x_357,0.3201529313354039,34,91.693548
2602,75,t_x_371,0.31997869627072717,33,91.716704
2603,76,t_x_29,0.31970262399898997,32,91.740824
2604,77,t_x_319,0.3196661549508256,31,91.764194
2605,78,t_x_28,0.31963977817813943,30,91.786533
2606,75,t_x_16,0.3238783027854283,53,91.830116
2607,76,t_x_35,0.323694450763153,52,91.867090
2608,77,t_x_300,0.32343917332278554,51,91.891451
2609,78,t_x_151,0.32337424325993264,50,91.914992
2610,79,t_x_36,0.32315741763196254,49,91.951443
2611,80,t_x_59,0.3230693864089372,48,91.976703
2612,81,t_x_27,0.3226116951650698,47,92.000928
2613,82,t_x_433,0.3218899203392841,46,92.024197
2614,83,t_x_368,0.32082819954508945,45,92.047331
2615,84,t_x_429,0.32064953327757917,44,92.070573
2616,85,t_x_61,0.3206324300073691,43,92.093453
2617,86,t_x_135,0.32055137576989046,42,92.116100
2618,87,t_x_162,0.32046107090717313,41,92.139596
2619,88,t_x_143,0.3203363352962292,40,92.162611
2620,89,t_x_363,0.3201927993523778,39,92.184959
2621,90,t_x_155,0.3200636541751233,38,92.207524
2622,91,t_x_161,0.31993337202310457,37,92.229193
2623,92,t_x_158,0.3198822175572763,36,92.251167
2624,93,t_x_252,0.31946986491772833,35,92.273035
2625,94,t_x_160,0.31941654628814786,34,92.294956
2626,95,t_x_63,0.3193462006926152,33,92.328267
2627,96,t_x_238,0.3192659625599451,32,92.350781
2628,97,t_x_427,0.3192083979091698,31,92.373236
2629,98,t_x_329,0.3191806753137926,30,92.395542
2630,61,t_x_369,0.3257086592576262,68,92.441277
2631,62,t_x_56,0.32519348547158655,67,92.467510
2632,63,t_x_163,0.32498562062928704,66,92.494079
2633,64,t_x_366,0.32490447930058935,65,92.522195
2634,65,t_x_18,0.3246724231025938,64,92.548612
2635,66,t_x_16,0.3238783027854283,63,92.593765
2636,67,t_x_304,0.3231550820374737,28,92.626642
2637,67,t_x_408,0.3235294581808897,62,92.661202
2638,68,t_x_300,0.32343917332278554,61,92.687142
2639,69,t_x_131,0.32326796846853334,60,92.730333
2640,70,t_x_304,0.3231550820374737,59,92.755869
2641,71,t_x_27,0.3226116951650698,58,92.783333
2642,72,t_x_162,0.32046107090717313,57,92.825429
2643,73,t_x_363,0.3201927993523778,56,92.850861
2644,74,t_x_92,0.3201060406698506,55,92.876059
2645,75,t_x_371,0.31997869627072717,54,92.901497
2646,76,t_x_280,0.31990873351166077,53,92.926669
2647,77,t_x_29,0.31970262399898997,52,92.951147
2648,78,t_x_282,0.3196933056683402,51,92.993403
2649,79,t_x_28,0.31963977817813943,50,93.018498
2650,80,t_x_284,0.31956004451484066,49,93.042155
2651,81,t_x_370,0.3195182550040618,48,93.066595
2652,82,t_x_279,0.3193139926659193,47,93.091076
2653,83,t_x_244,0.31920743172188837,46,93.115183
2654,84,t_x_250,0.31910493517402994,45,93.138815
2655,85,t_x_121,0.31900809173540023,44,93.162478
2656,86,t_x_58,0.3188222732541668,43,93.186323
2657,87,t_x_52,0.3186162959873259,42,93.209703
2658,88,t_x_278,0.31856550808332806,41,93.232934
2659,89,t_x_247,0.3185092782668806,40,93.256253
2660,90,t_x_364,0.31835288347826046,39,93.279707
2661,91,t_x_276,0.3183400161444687,38,93.303678
2662,92,t_x_391,0.31818185738335797,37,93.326673
2663,93,t_x_0,0.3179572713585191,36,93.348686
2664,94,t_x_248,0.3177753668134972,35,93.371150
2665,95,t_x_123,0.3174736029149601,34,93.393572
2666,96,t_x_274,0.31741748645940737,33,93.416219
2667,97,t_x_48,0.317348783240459,32,93.438767
2668,98,t_x_24,0.31704158739102617,31,93.460921
2669,99,t_x_125,0.3167718374097416,30,93.482429
2670,27,t_x_169,0.32737452520812826,84,93.530447
2671,28,t_x_79,0.3273105193088242,83,93.586553
2672,29,t_x_145,0.32726340919038455,82,93.637392
2673,30,t_x_168,0.3271013922953005,81,93.687652
2674,31,t_x_192,0.3270128963252965,32,93.727297
2675,32,t_x_171,0.32614527961942785,31,93.748425
2676,33,t_x_166,0.32545563514268605,30,93.779580
2677,34,t_x_41,0.32432807218660503,29,93.800078
2678,35,t_x_167,0.3242644250523776,28,93.820695
2679,35,t_x_140,0.3279708210237213,68,93.885163
2680,36,t_x_434,0.32795547383667734,28,93.919409
2681,31,t_x_192,0.3270128963252965,80,93.972145
2682,32,t_x_239,0.32682813220844253,79,94.001702
2683,33,t_x_260,0.32650316371008,78,94.049707
2684,34,t_x_171,0.32614527961942785,77,94.098840
2685,35,t_x_166,0.32545563514268605,28,94.136710
2686,35,t_x_226,0.3256741836549671,76,94.171048
2687,36,t_x_166,0.32545563514268605,75,94.197566
2688,37,t_x_41,0.32432807218660503,74,94.245813
2689,38,t_x_167,0.3242644250523776,73,94.292911
2690,39,t_x_253,0.3240743066028985,72,94.356515
2691,40,t_x_194,0.3239518020251907,71,94.386153
2692,41,t_x_446,0.32394544265052777,70,94.413068
2693,42,t_x_251,0.32383884010279435,69,94.458896
2694,43,t_x_35,0.323694450763153,68,94.485663
2695,44,t_x_191,0.3231065965073835,67,94.531451
2696,45,t_x_415,0.32298385976283783,66,94.559382
2697,46,t_x_354,0.3213662439305996,65,94.584316
2698,47,t_x_91,0.32105979179969935,64,94.610085
2699,48,t_x_269,0.3207389474023821,63,94.635469
2700,49,t_x_409,0.32060591343907036,62,94.660546
2701,50,t_x_135,0.32055137576989046,61,94.685549
2702,51,t_x_376,0.3203565634718892,60,94.710536
2703,52,t_x_249,0.3203398526266621,59,94.738588
2704,53,t_x_272,0.3200110872880186,58,94.763026
2705,54,t_x_161,0.31993337202310457,57,94.804977
2706,55,t_x_280,0.31990873351166077,56,94.831061
2707,56,t_x_348,0.319840074379505,55,94.872965
2708,57,t_x_39,0.3197549282209896,54,94.897108
2709,58,t_x_282,0.3196933056683402,53,94.921259
2710,59,t_x_284,0.31956004451484066,52,94.958546
2711,60,t_x_279,0.3193139926659193,51,94.995133
2712,61,t_x_32,0.31928257804655796,50,95.020839
2713,62,t_x_238,0.3192659625599451,49,95.044533
2714,63,t_x_250,0.31910493517402994,48,95.067947
2715,64,t_x_246,0.3190836364520209,47,95.091440
2716,65,t_x_33,0.31907745609654115,46,95.114856
2717,66,t_x_188,0.31901848908761204,45,95.138232
2718,67,t_x_266,0.31875346140061533,44,95.161651
2719,68,t_x_127,0.31864984704845123,43,95.184553
2720,69,t_x_278,0.31856550808332806,42,95.208742
2721,70,t_x_247,0.3185092782668806,41,95.230943
2722,71,t_x_175,0.318348868548595,40,95.253508
2723,72,t_x_276,0.3183400161444687,39,95.286725
2724,73,t_x_146,0.3183069069966693,38,95.309072
2725,74,t_x_40,0.3182723724320793,37,95.331184
2726,75,t_x_228,0.31819200239238543,36,95.353374
2727,76,t_x_381,0.3181293905266548,35,95.375569
2728,77,t_x_243,0.3178222164750265,34,95.397110
2729,78,t_x_248,0.3177753668134972,33,95.419379
2730,79,t_x_275,0.31771745817028574,32,95.442034
2731,80,t_x_123,0.3174736029149601,31,95.463342
2732,81,t_x_274,0.31741748645940737,30,95.484731
2733,40,t_x_86,0.33251677012533615,79,95.531203
2734,41,t_x_361,0.33157642028416945,29,95.571980
2735,42,t_x_75,0.3306908869598732,28,95.593274
2736,37,t_x_168,0.3271013922953005,60,95.635680
2737,38,t_x_239,0.32682813220844253,59,95.682875
2738,39,t_x_234,0.32669830148764506,28,95.714298
2739,46,t_x_37,0.32979972676975927,70,95.766999
2740,47,t_x_426,0.32934656915668087,69,95.814473
2741,48,t_x_373,0.3291839228566644,68,95.861040
2742,49,t_x_420,0.328837001787633,67,95.906253
2743,50,t_x_150,0.3286823076073712,66,95.951723
2744,51,t_x_153,0.32837066835719786,65,95.996523
2745,52,t_x_374,0.32811552122135923,28,96.030805
2746,49,t_x_145,0.32726340919038455,85,96.073514
2747,50,t_x_168,0.3271013922953005,84,96.100962
2748,51,t_x_192,0.3270128963252965,29,96.140610
2749,52,t_x_171,0.32614527961942785,28,96.161568
2750,28,t_x_434,0.32795547383667734,82,96.208566
2751,29,t_x_428,0.32790863073303644,81,96.263246
2752,30,t_x_270,0.32783001401543077,80,96.316718
2753,31,t_x_411,0.32753300194262525,79,96.349334
2754,32,t_x_236,0.3274205406343998,78,96.401458
2755,33,t_x_331,0.3274126242838769,77,96.454326
2756,34,t_x_229,0.32710653484174335,30,96.494140
2757,35,t_x_341,0.32680349009166004,29,96.517274
2758,36,t_x_339,0.3264010485281532,28,96.539411
2759,39,t_x_234,0.32669830148764506,58,96.583066
2760,40,t_x_237,0.32638683091703363,57,96.626336
2761,41,t_x_432,0.32631918216853084,56,96.668140
2762,42,t_x_226,0.3256741836549671,55,96.692800
2763,43,t_x_166,0.32545563514268605,54,96.733823
2764,44,t_x_232,0.32481809607848655,53,96.757990
2765,45,t_x_253,0.3240743066028985,52,96.794489
2766,46,t_x_225,0.32404935223887216,51,96.818261
2767,47,t_x_256,0.32401288646770043,50,96.853768
2768,48,t_x_251,0.32383884010279435,49,96.877017
2769,49,t_x_328,0.3235503395467524,48,96.900395
2770,50,t_x_151,0.32337424325993264,47,96.924001
2771,51,t_x_59,0.3230693864089372,46,96.958814
2772,52,t_x_415,0.32298385976283783,45,96.982625
2773,53,t_x_138,0.3221951617760623,44,97.005515
2774,54,t_x_241,0.3213790574644039,43,97.028027
2775,55,t_x_354,0.3213662439305996,42,97.051108
2776,56,t_x_135,0.32055137576989046,41,97.073746
2777,57,t_x_162,0.32046107090717313,40,97.096083
2778,58,t_x_231,0.32026074926974174,39,97.118684
2779,59,t_x_155,0.3200636541751233,38,97.151666
2780,60,t_x_112,0.3197033375206849,37,97.173450
2781,61,t_x_257,0.3196862469239287,36,97.195199
2782,62,t_x_160,0.31941654628814786,35,97.216824
2783,63,t_x_235,0.3193493197656214,34,97.239161
2784,64,t_x_63,0.3193462006926152,33,97.260553
2785,65,t_x_238,0.3192659625599451,32,97.282490
2786,66,t_x_329,0.3191806753137926,31,97.303508
2787,67,t_x_250,0.31910493517402994,30,97.325110
2788,52,t_x_45,0.32813523944670725,64,97.369452
2789,53,t_x_374,0.32811552122135923,63,97.413611
2790,54,t_x_176,0.32783752541092237,62,97.457060
2791,55,t_x_169,0.32737452520812826,61,97.482941
2792,56,t_x_79,0.3273105193088242,60,97.508562
2793,57,t_x_239,0.32682813220844253,59,97.533519
2794,58,t_x_234,0.32669830148764506,58,97.575132
2795,59,t_x_171,0.32614527961942785,57,97.616995
2796,60,t_x_369,0.3257086592576262,56,97.643276
2797,61,t_x_226,0.3256741836549671,55,97.685355
2798,62,t_x_163,0.32498562062928704,54,97.727288
2799,63,t_x_366,0.32490447930058935,53,97.768428
2800,64,t_x_232,0.32481809607848655,52,97.793321
2801,65,t_x_245,0.32478719540614975,51,97.819901
2802,66,t_x_286,0.32463937627479783,50,97.844202
2803,67,t_x_147,0.32449028000274377,49,97.867773
2804,68,t_x_72,0.32396974378127846,48,97.893371
2805,69,t_x_16,0.3238783027854283,47,97.918407
2806,70,t_x_300,0.32343917332278554,46,97.954151
2807,71,t_x_151,0.32337424325993264,45,97.977086
2808,72,t_x_59,0.3230693864089372,44,98.011841
2809,73,t_x_138,0.3221951617760623,43,98.035372
2810,74,t_x_162,0.32046107090717313,42,98.058559
2811,75,t_x_231,0.32026074926974174,41,98.081418
2812,76,t_x_155,0.3200636541751233,40,98.104378
2813,77,t_x_371,0.31997869627072717,39,98.127134
2814,78,t_x_161,0.31993337202310457,38,98.150299
2815,79,t_x_158,0.3198822175572763,37,98.174640
2816,80,t_x_28,0.31963977817813943,36,98.207679
2817,81,t_x_160,0.31941654628814786,35,98.230029
2818,82,t_x_235,0.3193493197656214,34,98.251643
2819,83,t_x_63,0.3193462006926152,33,98.274033
2820,84,t_x_32,0.31928257804655796,32,98.296035
2821,85,t_x_238,0.3192659625599451,31,98.318016
2822,86,t_x_329,0.3191806753137926,30,98.348826
2823,36,t_x_434,0.32795547383667734,67,98.399652
2824,37,t_x_142,0.3279009411221477,66,98.445522
2825,38,t_x_148,0.32773032536471913,65,98.491336
2826,39,t_x_172,0.32742867952012167,64,98.536506
2827,40,t_x_145,0.32726340919038455,63,98.581892
2828,41,t_x_229,0.32710653484174335,62,98.626688
2829,42,t_x_168,0.3271013922953005,61,98.672358
2830,43,t_x_104,0.3270224657044486,60,98.698856
2831,44,t_x_132,0.3268587771808999,59,98.725649
2832,45,t_x_234,0.32669830148764506,58,98.751772
2833,46,t_x_171,0.32614527961942785,57,98.777808
2834,47,t_x_366,0.32490447930058935,56,98.803807
2835,48,t_x_287,0.324896557933668,55,98.829687
2836,49,t_x_245,0.32478719540614975,54,98.855206
2837,50,t_x_147,0.32449028000274377,53,98.881540
2838,51,t_x_72,0.32396974378127846,52,98.920647
2839,52,t_x_130,0.3237189430626469,51,98.945136
2840,53,t_x_408,0.3235294581808897,50,98.980917
2841,54,t_x_138,0.3221951617760623,49,99.011672
2842,55,t_x_433,0.3218899203392841,48,99.051689
2843,56,t_x_241,0.3213790574644039,47,99.078876
2844,57,t_x_429,0.32064953327757917,46,99.103567
2845,58,t_x_135,0.32055137576989046,45,99.128096
2846,59,t_x_162,0.32046107090717313,44,99.163550
2847,60,t_x_143,0.3203363352962292,43,99.188377
2848,61,t_x_128,0.3201485176076543,42,99.213998
2849,62,t_x_447,0.3201059070916388,41,99.238350
2850,63,t_x_437,0.3199783566261846,40,99.261493
2851,64,t_x_431,0.3195293554421153,39,99.284705
2852,65,t_x_370,0.3195182550040618,38,99.307960
2853,66,t_x_252,0.31946986491772833,37,99.331586
2854,67,t_x_160,0.31941654628814786,36,99.354219
2855,68,t_x_235,0.3193493197656214,35,99.377363
2856,69,t_x_242,0.3193170507532921,34,99.400537
2857,70,t_x_427,0.3192083979091698,33,99.423567
2858,71,t_x_246,0.3190836364520209,32,99.446440
2859,72,t_x_121,0.31900809173540023,31,99.468852
2860,73,t_x_70,0.31875483678757077,30,99.491751
2861,51,t_x_192,0.3270128963252965,83,99.537462
2862,52,t_x_239,0.32682813220844253,82,99.589408
2863,53,t_x_234,0.32669830148764506,81,99.640605
2864,54,t_x_171,0.32614527961942785,80,99.690176
2865,55,t_x_166,0.32545563514268605,31,99.728204
2866,56,t_x_147,0.32449028000274377,30,99.749500
2867,57,t_x_167,0.3242644250523776,29,99.770856
2868,58,t_x_251,0.32383884010279435,28,99.791461
2869,55,t_x_226,0.3256741836549671,79,99.826790
2870,56,t_x_166,0.32545563514268605,78,99.875934
2871,57,t_x_180,0.32508066064641833,77,99.924783
2872,58,t_x_232,0.32481809607848655,76,99.974230
2873,59,t_x_245,0.32478719540614975,75,100.000910
2874,60,t_x_147,0.32449028000274377,74,100.027748
2875,61,t_x_167,0.3242644250523776,73,100.054251
2876,62,t_x_225,0.32404935223887216,72,100.102342
2877,63,t_x_251,0.32383884010279435,71,100.149658
2878,64,t_x_408,0.3235294581808897,70,100.176137
2879,65,t_x_131,0.32326796846853334,69,100.202699
2880,66,t_x_36,0.32315741763196254,68,100.248144
2881,67,t_x_350,0.3220023172227456,67,100.275364
2882,68,t_x_91,0.32105979179969935,66,100.300231
2883,69,t_x_375,0.32083768524015677,65,100.344268
2884,70,t_x_269,0.3207389474023821,64,100.388515
2885,71,t_x_162,0.32046107090717313,63,100.413997
2886,72,t_x_184,0.3204442243710062,62,100.440804
2887,73,t_x_190,0.3203893311707023,61,100.484239
2888,74,t_x_92,0.3201060406698506,60,100.508700
2889,75,t_x_161,0.31993337202310457,59,100.533214
2890,76,t_x_280,0.31990873351166077,58,100.558061
2891,77,t_x_158,0.3198822175572763,57,100.582290
2892,78,t_x_351,0.3198275341993695,56,100.606759
2893,79,t_x_39,0.3197549282209896,55,100.631145
2894,80,t_x_112,0.3197033375206849,54,100.655044
2895,81,t_x_282,0.3196933056683402,53,100.680804
2896,82,t_x_257,0.3196862469239287,52,100.721421
2897,83,t_x_284,0.31956004451484066,51,100.745103
2898,84,t_x_187,0.3195347061135602,50,100.769197
2899,85,t_x_252,0.31946986491772833,49,100.794266
2900,86,t_x_160,0.31941654628814786,48,100.817603
2901,87,t_x_32,0.31928257804655796,47,100.841321
2902,88,t_x_244,0.31920743172188837,46,100.864846
2903,89,t_x_250,0.31910493517402994,45,100.888449
2904,90,t_x_188,0.31901848908761204,44,100.911708
2905,91,t_x_389,0.3190051244560763,43,100.934194
2906,92,t_x_414,0.31898229808373346,42,100.956190
2907,93,t_x_120,0.31880171171540855,41,100.978539
2908,94,t_x_266,0.31875346140061533,40,101.003858
2909,95,t_x_263,0.318706573347225,39,101.026505
2910,96,t_x_30,0.3183566377299701,38,101.048405
2911,97,t_x_175,0.318348868548595,37,101.070229
2912,98,t_x_94,0.31824593329857287,36,101.091450
2913,99,t_x_47,0.3182127841880249,35,101.113360
2914,100,t_x_96,0.3181829080367553,34,101.134813
2915,101,t_x_381,0.3181293905266548,33,101.155965
2916,102,t_x_43,0.31810725726167277,32,101.177885
2917,103,t_x_34,0.31800397427268234,31,101.199095
2918,104,t_x_248,0.3177753668134972,30,101.220880
2919,34,t_x_229,0.32710653484174335,76,101.268878
2920,35,t_x_239,0.32682813220844253,75,101.320709
2921,36,t_x_341,0.32680349009166004,74,101.372742
2922,37,t_x_234,0.32669830148764506,73,101.424482
2923,38,t_x_339,0.3264010485281532,72,101.453336
2924,39,t_x_226,0.3256741836549671,71,101.504797
2925,40,t_x_301,0.32545457191610666,70,101.555086
2926,41,t_x_8,0.3252872337777598,69,101.583737
2927,42,t_x_340,0.32488452727089095,68,101.615401
2928,43,t_x_336,0.32462792849298816,67,101.664557
2929,44,t_x_53,0.323954494307468,66,101.704792
2930,45,t_x_446,0.32394544265052777,65,101.734064
2931,46,t_x_251,0.32383884010279435,64,101.782006
2932,47,t_x_328,0.3235503395467524,63,101.810823
2933,48,t_x_408,0.3235294581808897,62,101.838182
2934,49,t_x_191,0.3231065965073835,61,101.868423
2935,50,t_x_419,0.323059624125218,60,101.896213
2936,51,t_x_338,0.32264023726710334,59,101.926067
2937,52,t_x_433,0.3218899203392841,58,101.971210
2938,53,t_x_429,0.32064953327757917,57,101.998487
2939,54,t_x_409,0.32060591343907036,56,102.025210
2940,55,t_x_324,0.3205857039195655,55,102.051791
2941,56,t_x_317,0.32030211942610837,54,102.078449
2942,57,t_x_435,0.32023988121854285,53,102.104539
2943,58,t_x_363,0.3201927993523778,52,102.130331
2944,59,t_x_447,0.3201059070916388,51,102.156946
2945,60,t_x_272,0.3200110872880186,50,102.184794
2946,61,t_x_280,0.31990873351166077,49,102.210882
2947,62,t_x_319,0.3196661549508256,48,102.236548
2948,63,t_x_284,0.31956004451484066,47,102.262444
2949,64,t_x_187,0.3195347061135602,46,102.288156
2950,65,t_x_431,0.3195293554421153,45,102.313316
2951,66,t_x_252,0.31946986491772833,44,102.338088
2952,67,t_x_235,0.3193493197656214,43,102.366768
2953,68,t_x_427,0.3192083979091698,42,102.392176
2954,69,t_x_443,0.31919004525908323,41,102.415953
2955,70,t_x_281,0.3191887990043659,40,102.439909
2956,71,t_x_250,0.31910493517402994,39,102.464192
2957,72,t_x_188,0.31901848908761204,38,102.488085
2958,73,t_x_389,0.3190051244560763,37,102.512152
2959,74,t_x_344,0.31900478376110813,36,102.536111
2960,75,t_x_321,0.3189184288017534,35,102.558413
2961,76,t_x_58,0.3188222732541668,34,102.582021
2962,77,t_x_9,0.31880382724696477,33,102.605838
2963,78,t_x_382,0.31876090221757525,32,102.628967
2964,79,t_x_388,0.31859982612148885,31,102.652063
2965,80,t_x_385,0.3182809165606692,30,102.674907
2966,41,t_x_65,0.3322614622728081,78,102.723631
2967,42,t_x_156,0.3322492503371881,77,102.773223
2968,43,t_x_268,0.3320393451891257,76,102.803410
2969,44,t_x_361,0.33157642028416945,75,102.833472
2970,45,t_x_75,0.3306908869598732,74,102.863338
2971,46,t_x_37,0.32979972676975927,73,102.912367
2972,47,t_x_373,0.3291839228566644,72,102.940641
2973,48,t_x_97,0.3290778133744423,71,102.967677
2974,49,t_x_343,0.32851280584207715,70,102.995282
2975,50,t_x_122,0.3281171678472218,69,103.042173
2976,51,t_x_374,0.32811552122135923,68,103.088980
2977,52,t_x_400,0.3277550551348225,67,103.115407
2978,53,t_x_71,0.32765571981761243,66,103.142043
2979,54,t_x_79,0.3273105193088242,65,103.169313
2980,55,t_x_229,0.32710653484174335,64,103.215312
2981,56,t_x_168,0.3271013922953005,63,103.243478
2982,57,t_x_15,0.3268669079888928,62,103.289429
2983,58,t_x_341,0.32680349009166004,61,103.315249
2984,59,t_x_234,0.32669830148764506,60,103.340947
2985,60,t_x_22,0.32643339157926643,59,103.367116
2986,61,t_x_369,0.3257086592576262,58,103.392759
2987,62,t_x_226,0.3256741836549671,57,103.417917
2988,63,t_x_301,0.32545457191610666,56,103.443196
2989,64,t_x_340,0.32488452727089095,55,103.468655
2990,65,t_x_245,0.32478719540614975,54,103.493598
2991,66,t_x_31,0.32473594029234726,53,103.518901
2992,67,t_x_130,0.3237189430626469,52,103.543499
2993,68,t_x_35,0.323694450763153,51,103.568049
2994,69,t_x_408,0.3235294581808897,50,103.593188
2995,70,t_x_419,0.323059624125218,49,103.618199
2996,71,t_x_241,0.3213790574644039,48,103.642190
2997,72,t_x_91,0.32105979179969935,47,103.666665
2998,73,t_x_368,0.32082819954508945,46,103.698593
2999,74,t_x_269,0.3207389474023821,45,103.729230
3000,75,t_x_409,0.32060591343907036,44,103.753561
3001,76,t_x_128,0.3201485176076543,43,103.776965
3002,77,t_x_93,0.31969098511900007,42,103.800648
3003,78,t_x_255,0.31961596194100095,41,103.825199
3004,79,t_x_32,0.31928257804655796,40,103.848612
3005,80,t_x_238,0.3192659625599451,39,103.872230
3006,81,t_x_244,0.31920743172188837,38,103.895388
3007,82,t_x_246,0.3190836364520209,37,103.918846
3008,83,t_x_121,0.31900809173540023,36,103.941551
3009,84,t_x_344,0.31900478376110813,35,103.964877
3010,85,t_x_414,0.31898229808373346,34,103.987213
3011,86,t_x_321,0.3189184288017534,33,104.016574
3012,87,t_x_266,0.31875346140061533,32,104.043003
3013,88,t_x_263,0.318706573347225,31,104.065561
3014,89,t_x_310,0.3186284145331494,30,104.088053
3015,20,t_x_77,0.33679519038950717,104,104.136355
3016,21,t_x_80,0.33654528594539296,43,104.182346
3017,22,t_x_78,0.33629539686852905,42,104.217507
3018,23,t_x_20,0.3353069744273539,41,104.252305
3019,24,t_x_85,0.3329427103660081,40,104.274441
3020,25,t_x_86,0.33251677012533615,39,104.307868
3021,26,t_x_417,0.33220260282135483,38,104.330038
3022,27,t_x_333,0.3316796543199385,37,104.352427
3023,28,t_x_361,0.33157642028416945,36,104.374666
3024,29,t_x_75,0.3306908869598732,35,104.396994
3025,30,t_x_37,0.32979972676975927,34,104.418185
3026,31,t_x_129,0.3285813450795422,33,104.439462
3027,32,t_x_176,0.32783752541092237,32,104.461074
3028,33,t_x_71,0.32765571981761243,31,104.482159
3029,34,t_x_79,0.3273105193088242,30,104.503553
3030,35,t_x_19,0.32721141007081767,29,104.535163
3031,36,t_x_301,0.32545457191610666,28,104.555848
3032,21,t_x_80,0.33654528594539296,103,104.592086
3033,22,t_x_78,0.33629539686852905,37,104.637800
3034,23,t_x_20,0.3353069744273539,36,104.670215
3035,24,t_x_64,0.33373433301465677,35,104.702596
3036,25,t_x_85,0.3329427103660081,34,104.724499
3037,26,t_x_102,0.3327795616365271,33,104.756907
3038,27,t_x_86,0.33251677012533615,32,104.778899
3039,28,t_x_333,0.3316796543199385,31,104.799883
3040,29,t_x_75,0.3306908869598732,30,104.821010
3041,30,t_x_66,0.32837626014866994,29,104.852375
3042,31,t_x_122,0.3281171678472218,28,104.873581
3043,22,t_x_330,0.3364988573519652,102,104.910881
3044,23,t_x_78,0.33629539686852905,101,104.943497
3045,24,t_x_64,0.33373433301465677,41,104.989671
3046,25,t_x_85,0.3329427103660081,40,105.012239
3047,26,t_x_86,0.33251677012533615,39,105.050889
3048,27,t_x_417,0.33220260282135483,38,105.073625
3049,28,t_x_133,0.3319127428670663,37,105.096244
3050,29,t_x_333,0.3316796543199385,36,105.118706
3051,30,t_x_75,0.3306908869598732,35,105.140237
3052,31,t_x_411,0.32753300194262525,34,105.172680
3053,32,t_x_172,0.32742867952012167,33,105.194612
3054,33,t_x_79,0.3273105193088242,32,105.215920
3055,34,t_x_19,0.32721141007081767,31,105.238227
3056,35,t_x_132,0.3268587771808999,30,105.258698
3057,36,t_x_341,0.32680349009166004,29,105.279823
3058,37,t_x_301,0.32545457191610666,28,105.301065
3059,38,t_x_77,0.33679519038950717,412,105.356225
3060,39,t_x_80,0.33654528594539296,85,105.510952
3061,40,t_x_372,0.33630744661103745,38,105.555227
3062,41,t_x_78,0.33629539686852905,37,105.578690
3063,42,t_x_20,0.3353069744273539,36,105.612216
3064,43,t_x_85,0.3329427103660081,35,105.633654
3065,44,t_x_86,0.33251677012533615,34,105.666188
3066,45,t_x_333,0.3316796543199385,33,105.698834
3067,46,t_x_75,0.3306908869598732,32,105.733334
3068,47,t_x_79,0.3273105193088242,31,105.756634
3069,48,t_x_237,0.32638683091703363,30,105.777964
3070,49,t_x_245,0.32478719540614975,29,105.800039
3071,50,t_x_41,0.32432807218660503,28,105.821401
3072,40,t_x_372,0.33630744661103745,84,105.858572
3073,41,t_x_78,0.33629539686852905,83,105.912238
3074,42,t_x_85,0.3329427103660081,34,105.955752
3075,43,t_x_86,0.33251677012533615,33,105.988320
3076,44,t_x_417,0.33220260282135483,32,106.009252
3077,45,t_x_333,0.3316796543199385,31,106.030936
3078,46,t_x_75,0.3306908869598732,30,106.052343
3079,47,t_x_79,0.3273105193088242,29,106.082929
3080,48,t_x_19,0.32721141007081767,28,106.103821
3081,42,t_x_20,0.3353069744273539,82,106.138901
3082,43,t_x_85,0.3329427103660081,81,106.191747
3083,44,t_x_86,0.33251677012533615,38,106.230965
3084,45,t_x_333,0.3316796543199385,37,106.263989
3085,46,t_x_75,0.3306908869598732,36,106.286208
3086,47,t_x_37,0.32979972676975927,35,106.318164
3087,48,t_x_129,0.3285813450795422,34,106.339682
3088,49,t_x_176,0.32783752541092237,33,106.361129
3089,50,t_x_71,0.32765571981761243,32,106.385893
3090,51,t_x_79,0.3273105193088242,31,106.407641
3091,52,t_x_19,0.32721141007081767,30,106.439606
3092,53,t_x_234,0.32669830148764506,29,106.460250
3093,54,t_x_22,0.32643339157926643,28,106.481750
3094,44,t_x_86,0.33251677012533615,80,106.516596
3095,45,t_x_361,0.33157642028416945,31,106.555159
3096,46,t_x_75,0.3306908869598732,30,106.576475
3097,47,t_x_129,0.3285813450795422,29,106.596461
3098,48,t_x_79,0.3273105193088242,28,106.617422
3099,45,t_x_417,0.33220260282135483,79,106.662476
3100,46,t_x_333,0.3316796543199385,78,106.690635
3101,47,t_x_361,0.33157642028416945,77,106.718016
3102,48,t_x_75,0.3306908869598732,76,106.744988
3103,49,t_x_37,0.32979972676975927,75,106.796971
3104,50,t_x_201,0.3291212094295495,74,106.846000
3105,51,t_x_129,0.3285813450795422,73,106.873900
3106,52,t_x_367,0.32833040353733933,72,106.900892
3107,53,t_x_374,0.32811552122135923,71,106.927685
3108,54,t_x_176,0.32783752541092237,70,106.953964
3109,55,t_x_71,0.32765571981761243,69,107.002961
3110,56,t_x_79,0.3273105193088242,68,107.032017
3111,57,t_x_19,0.32721141007081767,67,107.080060
3112,58,t_x_234,0.32669830148764506,66,107.125533
3113,59,t_x_22,0.32643339157926643,65,107.152553
3114,60,t_x_237,0.32638683091703363,64,107.196922
3115,61,t_x_301,0.32545457191610666,63,107.222968
3116,62,t_x_245,0.32478719540614975,62,107.250807
3117,63,t_x_41,0.32432807218660503,61,107.276638
3118,64,t_x_167,0.3242644250523776,60,107.321201
3119,65,t_x_253,0.3240743066028985,59,107.348610
3120,66,t_x_225,0.32404935223887216,58,107.373808
3121,67,t_x_74,0.323802536529808,57,107.399812
3122,68,t_x_130,0.3237189430626469,56,107.424688
3123,69,t_x_35,0.323694450763153,55,107.449387
3124,70,t_x_131,0.32326796846853334,54,107.475141
3125,71,t_x_36,0.32315741763196254,53,107.500066
3126,72,t_x_415,0.32298385976283783,52,107.524853
3127,73,t_x_27,0.3226116951650698,51,107.550313
3128,74,t_x_368,0.32082819954508945,50,107.586765
3129,75,t_x_324,0.3205857039195655,49,107.611032
3130,76,t_x_249,0.3203398526266621,48,107.635653
3131,77,t_x_272,0.3200110872880186,47,107.659622
3132,78,t_x_371,0.31997869627072717,46,107.683664
3133,79,t_x_280,0.31990873351166077,45,107.707600
3134,80,t_x_29,0.31970262399898997,44,107.739992
3135,81,t_x_319,0.3196661549508256,43,107.766694
3136,82,t_x_255,0.31961596194100095,42,107.790544
3137,83,t_x_312,0.31948945754507085,41,107.814396
3138,84,t_x_252,0.31946986491772833,40,107.837121
3139,85,t_x_160,0.31941654628814786,39,107.860443
3140,86,t_x_32,0.31928257804655796,38,107.883601
3141,87,t_x_281,0.3191887990043659,37,107.905949
3142,88,t_x_329,0.3191806753137926,36,107.929043
3143,89,t_x_250,0.31910493517402994,35,107.951811
3144,90,t_x_246,0.3190836364520209,34,107.974203
3145,91,t_x_414,0.31898229808373346,33,107.996292
3146,92,t_x_70,0.31875483678757077,32,108.018773
3147,93,t_x_406,0.3187332588205406,31,108.040690
3148,94,t_x_263,0.318706573347225,30,108.062645
3149,39,t_x_21,0.33674725056917193,411,108.125379
3150,40,t_x_20,0.3353069744273539,74,108.285675
3151,41,t_x_102,0.3327795616365271,34,108.320799
3152,42,t_x_75,0.3306908869598732,33,108.343081
3153,43,t_x_150,0.3286823076073712,32,108.364547
3154,44,t_x_45,0.32813523944670725,31,108.386295
3155,45,t_x_400,0.3277550551348225,30,108.407590
3156,46,t_x_19,0.32721141007081767,29,108.429003
3157,47,t_x_15,0.3268669079888928,28,108.459233
3158,41,t_x_102,0.3327795616365271,73,108.502895
3159,42,t_x_361,0.33157642028416945,72,108.529912
3160,43,t_x_75,0.3306908869598732,71,108.556432
3161,44,t_x_201,0.3291212094295495,70,108.603653
3162,45,t_x_150,0.3286823076073712,69,108.631042
3163,46,t_x_153,0.32837066835719786,68,108.659584
3164,47,t_x_45,0.32813523944670725,67,108.704956
3165,48,t_x_270,0.32783001401543077,66,108.750100
3166,49,t_x_400,0.3277550551348225,65,108.795924
3167,50,t_x_79,0.3273105193088242,64,108.821092
3168,51,t_x_19,0.32721141007081767,63,108.865459
3169,52,t_x_15,0.3268669079888928,34,108.895450
3170,53,t_x_132,0.3268587771808999,33,108.927824
3171,54,t_x_22,0.32643339157926643,32,108.949893
3172,55,t_x_369,0.3257086592576262,31,108.981560
3173,56,t_x_18,0.3246724231025938,30,109.003243
3174,57,t_x_16,0.3238783027854283,29,109.034647
3175,58,t_x_419,0.323059624125218,28,109.069504
3176,52,t_x_15,0.3268669079888928,62,109.104818
3177,53,t_x_132,0.3268587771808999,29,109.135740
3178,54,t_x_22,0.32643339157926643,28,109.157305
3179,53,t_x_132,0.3268587771808999,61,109.200773
3180,54,t_x_101,0.32643855400786287,60,109.226667
3181,55,t_x_22,0.32643339157926643,59,109.252459
3182,56,t_x_369,0.3257086592576262,32,109.282173
3183,57,t_x_18,0.3246724231025938,31,109.303550
3184,58,t_x_16,0.3238783027854283,30,109.335589
3185,59,t_x_300,0.32343917332278554,29,109.367015
3186,60,t_x_131,0.32326796846853334,28,109.388502
3187,56,t_x_369,0.3257086592576262,58,109.422698
3188,57,t_x_301,0.32545457191610666,57,109.448046
3189,58,t_x_366,0.32490447930058935,56,109.490119
3190,59,t_x_18,0.3246724231025938,55,109.515633
3191,60,t_x_16,0.3238783027854283,54,109.558331
3192,61,t_x_300,0.32343917332278554,53,109.599607
3193,62,t_x_131,0.32326796846853334,52,109.638879
3194,63,t_x_59,0.3230693864089372,51,109.663920
3195,64,t_x_419,0.323059624125218,50,109.688183
3196,65,t_x_27,0.3226116951650698,49,109.712216
3197,66,t_x_6,0.32156760061632716,48,109.747507
3198,67,t_x_368,0.32082819954508945,47,109.772175
3199,68,t_x_409,0.32060591343907036,46,109.796238
3200,69,t_x_162,0.32046107090717313,45,109.819381
3201,70,t_x_128,0.3201485176076543,44,109.843210
3202,71,t_x_272,0.3200110872880186,43,109.866639
3203,72,t_x_158,0.3198822175572763,42,109.889536
3204,73,t_x_29,0.31970262399898997,41,109.911943
3205,74,t_x_282,0.3196933056683402,40,109.945656
3206,75,t_x_93,0.31969098511900007,39,109.968257
3207,76,t_x_28,0.31963977817813943,38,109.991442
3208,77,t_x_370,0.3195182550040618,37,110.013326
3209,78,t_x_312,0.31948945754507085,36,110.036875
3210,79,t_x_252,0.31946986491772833,35,110.058816
3211,80,t_x_279,0.3193139926659193,34,110.082103
3212,81,t_x_414,0.31898229808373346,33,110.104519
3213,82,t_x_9,0.31880382724696477,32,110.127556
3214,83,t_x_310,0.3186284145331494,31,110.150469
3215,84,t_x_278,0.31856550808332806,30,110.171825
3216,24,t_x_20,0.3353069744273539,100,110.219744
3217,25,t_x_85,0.3329427103660081,30,110.262572
3218,26,t_x_102,0.3327795616365271,29,110.293770
3219,27,t_x_86,0.33251677012533615,28,110.314603
3220,25,t_x_64,0.33373433301465677,99,110.350325
3221,26,t_x_85,0.3329427103660081,98,110.408530
3222,27,t_x_86,0.33251677012533615,42,110.450323
3223,28,t_x_133,0.3319127428670663,41,110.484338
3224,29,t_x_333,0.3316796543199385,40,110.506607
3225,30,t_x_75,0.3306908869598732,39,110.528525
3226,31,t_x_37,0.32979972676975927,38,110.551189
3227,32,t_x_97,0.3290778133744423,37,110.572541
3228,33,t_x_129,0.3285813450795422,36,110.594174
3229,34,t_x_122,0.3281171678472218,35,110.615570
3230,35,t_x_176,0.32783752541092237,34,110.636678
3231,36,t_x_71,0.32765571981761243,33,110.657794
3232,37,t_x_331,0.3274126242838769,32,110.678748
3233,38,t_x_79,0.3273105193088242,31,110.699854
3234,39,t_x_19,0.32721141007081767,30,110.730822
3235,40,t_x_301,0.32545457191610666,29,110.751336
3236,41,t_x_366,0.32490447930058935,28,110.772119
3237,27,t_x_102,0.3327795616365271,97,110.807507
3238,28,t_x_86,0.33251677012533615,96,110.865102
3239,29,t_x_361,0.33157642028416945,35,110.912505
3240,30,t_x_75,0.3306908869598732,34,110.933724
3241,31,t_x_129,0.3285813450795422,33,110.965429
3242,32,t_x_62,0.32853857799150243,32,110.986975
3243,33,t_x_122,0.3281171678472218,31,111.008170
3244,34,t_x_79,0.3273105193088242,30,111.028700
3245,35,t_x_19,0.32721141007081767,29,111.049247
3246,36,t_x_132,0.3268587771808999,28,111.069897
3247,29,t_x_417,0.33220260282135483,95,111.106039
3248,30,t_x_133,0.3319127428670663,94,111.135188
3249,31,t_x_333,0.3316796543199385,93,111.190316
3250,32,t_x_361,0.33157642028416945,92,111.218829
3251,33,t_x_75,0.3306908869598732,91,111.273452
3252,34,t_x_37,0.32979972676975927,32,111.313712
3253,35,t_x_62,0.32853857799150243,31,111.335601
3254,36,t_x_122,0.3281171678472218,30,111.357162
3255,37,t_x_411,0.32753300194262525,29,111.378859
3256,38,t_x_79,0.3273105193088242,28,111.400464
3257,34,t_x_37,0.32979972676975927,90,111.435391
3258,35,t_x_97,0.3290778133744423,89,111.489373
3259,36,t_x_150,0.3286823076073712,88,111.541385
3260,37,t_x_129,0.3285813450795422,87,111.595630
3261,38,t_x_62,0.32853857799150243,86,111.647890
3262,39,t_x_66,0.32837626014866994,85,111.700264
3263,40,t_x_122,0.3281171678472218,84,111.765084
3264,41,t_x_68,0.32792695399343874,83,111.816449
3265,42,t_x_176,0.32783752541092237,82,111.846869
3266,43,t_x_71,0.32765571981761243,81,111.898126
3267,44,t_x_411,0.32753300194262525,80,111.925818
3268,45,t_x_172,0.32742867952012167,79,111.954556
3269,46,t_x_331,0.3274126242838769,78,111.984458
3270,47,t_x_79,0.3273105193088242,77,112.012435
3271,48,t_x_19,0.32721141007081767,31,112.048849
3272,49,t_x_341,0.32680349009166004,30,112.070310
3273,50,t_x_366,0.32490447930058935,29,112.092132
3274,51,t_x_31,0.32473594029234726,28,112.113197
3275,48,t_x_19,0.32721141007081767,76,112.147528
3276,49,t_x_132,0.3268587771808999,75,112.196819
3277,50,t_x_341,0.32680349009166004,74,112.224552
3278,51,t_x_301,0.32545457191610666,73,112.251828
3279,52,t_x_366,0.32490447930058935,72,112.278226
3280,53,t_x_287,0.324896557933668,71,112.304496
3281,54,t_x_232,0.32481809607848655,70,112.330437
3282,55,t_x_245,0.32478719540614975,69,112.357011
3283,56,t_x_31,0.32473594029234726,68,112.384967
3284,57,t_x_18,0.3246724231025938,67,112.431453
3285,58,t_x_41,0.32432807218660503,66,112.457160
3286,59,t_x_35,0.323694450763153,65,112.502315
3287,60,t_x_328,0.3235503395467524,64,112.528346
3288,61,t_x_408,0.3235294581808897,63,112.554160
3289,62,t_x_131,0.32326796846853334,62,112.579600
3290,63,t_x_36,0.32315741763196254,61,112.604793
3291,64,t_x_27,0.3226116951650698,60,112.629829
3292,65,t_x_241,0.3213790574644039,59,112.673845
3293,66,t_x_91,0.32105979179969935,58,112.699166
3294,67,t_x_409,0.32060591343907036,57,112.724673
3295,68,t_x_324,0.3205857039195655,56,112.749563
3296,69,t_x_249,0.3203398526266621,55,112.774564
3297,70,t_x_317,0.32030211942610837,54,112.798939
3298,71,t_x_363,0.3201927993523778,53,112.823721
3299,72,t_x_92,0.3201060406698506,52,112.848516
3300,73,t_x_371,0.31997869627072717,51,112.872537
3301,74,t_x_158,0.3198822175572763,50,112.896815
3302,75,t_x_90,0.31975708337557535,49,112.920141
3303,76,t_x_29,0.31970262399898997,48,112.943691
3304,77,t_x_282,0.3196933056683402,47,112.967571
3305,78,t_x_93,0.31969098511900007,46,112.991521
3306,79,t_x_28,0.31963977817813943,45,113.015187
3307,80,t_x_370,0.3195182550040618,44,113.037254
3308,81,t_x_312,0.31948945754507085,43,113.060746
3309,82,t_x_160,0.31941654628814786,42,113.083336
3310,83,t_x_63,0.3193462006926152,41,113.106923
3311,84,t_x_250,0.31910493517402994,40,113.129341
3312,85,t_x_246,0.3190836364520209,39,113.153012
3313,86,t_x_33,0.31907745609654115,38,113.175716
3314,87,t_x_121,0.31900809173540023,37,113.198533
3315,88,t_x_321,0.3189184288017534,36,113.221368
3316,89,t_x_263,0.318706573347225,35,113.244255
3317,90,t_x_405,0.3184748756480654,34,113.266598
3318,91,t_x_364,0.31835288347826046,33,113.288495
3319,92,t_x_40,0.3182723724320793,32,113.310944
3320,93,t_x_96,0.3181829080367553,31,113.333211
3321,94,t_x_391,0.31818185738335797,30,113.355066
3322,4,t_x_337,0.37388420445038456,92,113.403640
3323,5,t_x_233,0.37287977458525207,91,113.459239
3324,6,t_x_84,0.37220052237281115,41,113.502438
3325,7,t_x_82,0.3697496709659753,40,113.525273
3326,8,t_x_335,0.35159119477102835,39,113.547004
3327,9,t_x_156,0.3322492503371881,38,113.580436
3328,10,t_x_417,0.33220260282135483,37,113.604249
3329,11,t_x_133,0.3319127428670663,36,113.626384
3330,12,t_x_333,0.3316796543199385,35,113.647355
3331,13,t_x_264,0.3315550653762067,34,113.668371
3332,14,t_x_332,0.33044324480598997,33,113.689570
3333,15,t_x_373,0.3291839228566644,32,113.710842
3334,16,t_x_434,0.32795547383667734,31,113.731950
3335,17,t_x_71,0.32765571981761243,30,113.753004
3336,18,t_x_236,0.3274205406343998,29,113.774705
3337,19,t_x_331,0.3274126242838769,28,113.804888
3338,6,t_x_84,0.37220052237281115,90,113.841033
3339,7,t_x_82,0.3697496709659753,89,113.895234
3340,8,t_x_117,0.3601698291273393,88,113.950152
3341,9,t_x_413,0.3576240767639526,87,113.982376
3342,10,t_x_118,0.3562705793325379,86,114.036400
3343,11,t_x_335,0.35159119477102835,85,114.089835
3344,12,t_x_67,0.33840693255154114,84,114.144744
3345,13,t_x_159,0.3369646913562073,83,114.197479
3346,14,t_x_330,0.3364988573519652,82,114.251625
3347,15,t_x_423,0.33279429776079117,28,114.291346
3348,15,t_x_178,0.33370108203626037,81,114.326168
3349,16,t_x_423,0.33279429776079117,80,114.378333
3350,17,t_x_156,0.3322492503371881,79,114.434795
3351,18,t_x_417,0.33220260282135483,78,114.486055
3352,19,t_x_268,0.3320393451891257,77,114.514008
3353,20,t_x_133,0.3319127428670663,76,114.565758
3354,21,t_x_333,0.3316796543199385,75,114.614079
3355,22,t_x_361,0.33157642028416945,74,114.662549
3356,23,t_x_264,0.3315550653762067,73,114.710882
3357,24,t_x_332,0.33044324480598997,72,114.759838
3358,25,t_x_373,0.3291839228566644,71,114.807428
3359,26,t_x_150,0.3286823076073712,70,114.853465
3360,27,t_x_62,0.32853857799150243,69,114.899728
3361,28,t_x_343,0.32851280584207715,68,114.945770
3362,29,t_x_153,0.32837066835719786,67,114.974526
3363,30,t_x_139,0.32800220097911803,66,115.019887
3364,31,t_x_434,0.32795547383667734,65,115.065039
3365,32,t_x_176,0.32783752541092237,64,115.109594
3366,33,t_x_148,0.32773032536471913,63,115.154100
3367,34,t_x_71,0.32765571981761243,62,115.197601
3368,35,t_x_236,0.3274205406343998,61,115.223206
3369,36,t_x_331,0.3274126242838769,60,115.268004
3370,37,t_x_145,0.32726340919038455,59,115.292993
3371,38,t_x_229,0.32710653484174335,58,115.317789
3372,39,t_x_239,0.32682813220844253,29,115.349649
3373,40,t_x_234,0.32669830148764506,28,115.381469
3374,39,t_x_239,0.32682813220844253,57,115.425310
3375,40,t_x_234,0.32669830148764506,56,115.467712
3376,41,t_x_260,0.32650316371008,55,115.508836
3377,42,t_x_237,0.32638683091703363,54,115.536525
3378,43,t_x_369,0.3257086592576262,53,115.576026
3379,44,t_x_226,0.3256741836549671,52,115.613182
3380,45,t_x_56,0.32519348547158655,51,115.649739
3381,46,t_x_340,0.32488452727089095,50,115.673695
3382,47,t_x_232,0.32481809607848655,49,115.697642
3383,48,t_x_336,0.32462792849298816,48,115.733805
3384,49,t_x_147,0.32449028000274377,47,115.757674
3385,50,t_x_225,0.32404935223887216,46,115.781006
3386,51,t_x_72,0.32396974378127846,45,115.816258
3387,52,t_x_53,0.323954494307468,44,115.840038
3388,53,t_x_251,0.32383884010279435,43,115.863605
3389,54,t_x_74,0.323802536529808,42,115.886912
3390,55,t_x_151,0.32337424325993264,41,115.910300
3391,56,t_x_338,0.32264023726710334,40,115.933221
3392,57,t_x_429,0.32064953327757917,39,115.956500
3393,58,t_x_324,0.3205857039195655,38,115.978906
3394,59,t_x_249,0.3203398526266621,37,116.000788
3395,60,t_x_143,0.3203363352962292,36,116.022997
3396,61,t_x_317,0.32030211942610837,35,116.045372
3397,62,t_x_231,0.32026074926974174,34,116.067296
3398,63,t_x_357,0.3201529313354039,33,116.088424
3399,64,t_x_155,0.3200636541751233,32,116.110610
3400,65,t_x_319,0.3196661549508256,31,116.132359
3401,66,t_x_235,0.3193493197656214,30,116.154361
3402,6,t_x_334,0.3669507080339,94,116.200260
3403,7,t_x_335,0.35159119477102835,41,116.246669
3404,8,t_x_330,0.3364988573519652,40,116.283253
3405,9,t_x_342,0.33409322479786047,39,116.318061
3406,10,t_x_333,0.3316796543199385,38,116.353570
3407,11,t_x_332,0.33044324480598997,37,116.388044
3408,12,t_x_343,0.32851280584207715,36,116.421418
3409,13,t_x_428,0.32790863073303644,35,116.455903
3410,14,t_x_411,0.32753300194262525,34,116.479023
3411,15,t_x_331,0.3274126242838769,33,116.502088
3412,16,t_x_341,0.32680349009166004,32,116.534821
3413,17,t_x_339,0.3264010485281532,31,116.560217
3414,18,t_x_226,0.3256741836549671,30,116.592515
3415,19,t_x_301,0.32545457191610666,29,116.615219
3416,20,t_x_340,0.32488452727089095,28,116.638119
3417,7,t_x_401,0.36639890123245006,93,116.674762
3418,8,t_x_88,0.36565753033657356,92,116.706611
3419,9,t_x_335,0.35159119477102835,91,116.764009
3420,10,t_x_83,0.3381592926679389,37,116.807945
3421,11,t_x_330,0.3364988573519652,36,116.830756
3422,12,t_x_342,0.33409322479786047,35,116.864507
3423,13,t_x_417,0.33220260282135483,34,116.897835
3424,14,t_x_333,0.3316796543199385,33,116.920456
3425,15,t_x_332,0.33044324480598997,32,116.953856
3426,16,t_x_426,0.32934656915668087,31,116.986897
3427,17,t_x_343,0.32851280584207715,30,117.009159
3428,18,t_x_331,0.3274126242838769,29,117.041242
3429,19,t_x_341,0.32680349009166004,28,117.064494
3430,10,t_x_83,0.3381592926679389,90,117.101253
3431,11,t_x_330,0.3364988573519652,89,117.157533
3432,12,t_x_342,0.33409322479786047,39,117.204200
3433,13,t_x_423,0.33279429776079117,38,117.238737
3434,14,t_x_417,0.33220260282135483,37,117.262382
3435,15,t_x_333,0.3316796543199385,36,117.285507
3436,16,t_x_332,0.33044324480598997,35,117.319244
3437,17,t_x_343,0.32851280584207715,34,117.352868
3438,18,t_x_400,0.3277550551348225,33,117.385944
3439,19,t_x_411,0.32753300194262525,32,117.409492
3440,20,t_x_331,0.3274126242838769,31,117.431680
3441,21,t_x_341,0.32680349009166004,30,117.463984
3442,22,t_x_339,0.3264010485281532,29,117.485978
3443,23,t_x_432,0.32631918216853084,28,117.510054
3444,12,t_x_342,0.33409322479786047,88,117.547656
3445,13,t_x_417,0.33220260282135483,42,117.586854
3446,14,t_x_333,0.3316796543199385,41,117.613619
3447,15,t_x_213,0.33049205655507957,40,117.648834
3448,16,t_x_332,0.33044324480598997,39,117.672433
3449,17,t_x_426,0.32934656915668087,38,117.706454
3450,18,t_x_343,0.32851280584207715,37,117.729547
3451,19,t_x_428,0.32790863073303644,36,117.763938
3452,20,t_x_411,0.32753300194262525,35,117.787489
3453,21,t_x_331,0.3274126242838769,34,117.810138
3454,22,t_x_341,0.32680349009166004,33,117.832177
3455,23,t_x_339,0.3264010485281532,32,117.866106
3456,24,t_x_340,0.32488452727089095,31,117.887614
3457,25,t_x_232,0.32481809607848655,30,117.920635
3458,26,t_x_336,0.32462792849298816,29,117.942761
3459,27,t_x_328,0.3235503395467524,28,117.964984
3460,13,t_x_423,0.33279429776079117,87,118.002140
3461,14,t_x_417,0.33220260282135483,86,118.056540
3462,15,t_x_333,0.3316796543199385,85,118.112462
3463,16,t_x_332,0.33044324480598997,36,118.152844
3464,17,t_x_343,0.32851280584207715,35,118.186635
3465,18,t_x_411,0.32753300194262525,34,118.219794
3466,19,t_x_331,0.3274126242838769,33,118.243100
3467,20,t_x_341,0.32680349009166004,32,118.275914
3468,21,t_x_339,0.3264010485281532,31,118.297971
3469,22,t_x_340,0.32488452727089095,30,118.319558
3470,23,t_x_336,0.32462792849298816,29,118.340747
3471,24,t_x_225,0.32404935223887216,28,118.362719
3472,16,t_x_213,0.33049205655507957,84,118.400012
3473,17,t_x_332,0.33044324480598997,83,118.454674
3474,18,t_x_343,0.32851280584207715,35,118.494897
3475,19,t_x_45,0.32813523944670725,34,118.519698
3476,20,t_x_411,0.32753300194262525,33,118.542645
3477,21,t_x_331,0.3274126242838769,32,118.565228
3478,22,t_x_341,0.32680349009166004,31,118.597406
3479,23,t_x_339,0.3264010485281532,30,118.619189
3480,24,t_x_226,0.3256741836549671,29,118.650434
3481,25,t_x_340,0.32488452727089095,28,118.672430
3482,18,t_x_426,0.32934656915668087,82,118.708081
3483,19,t_x_343,0.32851280584207715,81,118.760460
3484,20,t_x_400,0.3277550551348225,29,118.800488
3485,21,t_x_411,0.32753300194262525,28,118.823441
3486,20,t_x_45,0.32813523944670725,80,118.859455
3487,21,t_x_374,0.32811552122135923,79,118.911665
3488,22,t_x_428,0.32790863073303644,78,118.963860
3489,23,t_x_400,0.3277550551348225,77,118.992853
3490,24,t_x_411,0.32753300194262525,76,119.022298
3491,25,t_x_331,0.3274126242838769,75,119.071944
3492,26,t_x_341,0.32680349009166004,74,119.122897
3493,27,t_x_339,0.3264010485281532,73,119.174674
3494,28,t_x_432,0.32631918216853084,72,119.226046
3495,29,t_x_226,0.3256741836549671,71,119.253936
3496,30,t_x_301,0.32545457191610666,70,119.281788
3497,31,t_x_340,0.32488452727089095,69,119.309667
3498,32,t_x_232,0.32481809607848655,68,119.359155
3499,33,t_x_336,0.32462792849298816,67,119.386792
3500,34,t_x_225,0.32404935223887216,66,119.433982
3501,35,t_x_1,0.3237047946964038,65,119.461723
3502,36,t_x_328,0.3235503395467524,64,119.489184
3503,37,t_x_181,0.32346568703913375,63,119.515925
3504,38,t_x_304,0.3231550820374737,62,119.561993
3505,39,t_x_419,0.323059624125218,61,119.589135
3506,40,t_x_415,0.32298385976283783,60,119.618475
3507,41,t_x_338,0.32264023726710334,59,119.663515
3508,42,t_x_433,0.3218899203392841,58,119.706859
3509,43,t_x_6,0.32156760061632716,57,119.733136
3510,44,t_x_324,0.3205857039195655,56,119.772221
3511,45,t_x_4,0.32030328407467384,55,119.798721
3512,46,t_x_317,0.32030211942610837,54,119.824994
3513,47,t_x_435,0.32023988121854285,53,119.850699
3514,48,t_x_11,0.32017864898743276,52,119.875378
3515,49,t_x_447,0.3201059070916388,51,119.900829
3516,50,t_x_449,0.3200522998991134,50,119.925574
3517,51,t_x_222,0.31980409393388687,49,119.950598
3518,52,t_x_379,0.31970047243472205,48,119.988243
3519,53,t_x_436,0.3195203958746361,47,120.012813
3520,54,t_x_252,0.31946986491772833,46,120.037084
3521,55,t_x_238,0.3192659625599451,45,120.062068
3522,56,t_x_281,0.3191887990043659,44,120.086835
3523,57,t_x_329,0.3191806753137926,43,120.110692
3524,58,t_x_188,0.31901848908761204,42,120.135073
3525,59,t_x_344,0.31900478376110813,41,120.159284
3526,60,t_x_263,0.318706573347225,40,120.182694
3527,61,t_x_52,0.3186162959873259,39,120.205726
3528,62,t_x_276,0.3183400161444687,38,120.229413
3529,63,t_x_424,0.3182253669639071,37,120.252958
3530,64,t_x_47,0.3182127841880249,36,120.276255
3531,65,t_x_381,0.3181293905266548,35,120.299183
3532,66,t_x_448,0.31809788928887106,34,120.322806
3533,67,t_x_230,0.3177190400122357,33,120.345789
3534,68,t_x_412,0.317504401176674,32,120.368809
3535,69,t_x_48,0.317348783240459,31,120.391034
3536,70,t_x_224,0.31695016743775284,30,120.412901
3537,9,t_x_197,0.345730583707959,101,120.460346
3538,10,t_x_89,0.3418552133182626,100,120.492673
3539,11,t_x_76,0.3397542609479636,39,120.537482
3540,12,t_x_83,0.3381592926679389,38,120.570684
3541,13,t_x_23,0.33750992239639216,37,120.602889
3542,14,t_x_159,0.3369646913562073,36,120.623715
3543,15,t_x_77,0.33679519038950717,35,120.645398
3544,16,t_x_80,0.33654528594539296,34,120.676611
3545,17,t_x_78,0.33629539686852905,33,120.697526
3546,18,t_x_85,0.3329427103660081,32,120.729446
3547,19,t_x_102,0.3327795616365271,31,120.760945
3548,20,t_x_86,0.33251677012533615,30,120.782722
3549,21,t_x_417,0.33220260282135483,29,120.813957
3550,22,t_x_133,0.3319127428670663,28,120.835146
3551,11,t_x_98,0.3410733321474508,99,120.871128
3552,12,t_x_76,0.3397542609479636,98,120.931398
3553,13,t_x_25,0.3388881960489056,36,120.977581
3554,14,t_x_83,0.3381592926679389,35,121.010473
3555,15,t_x_23,0.33750992239639216,34,121.042859
3556,16,t_x_77,0.33679519038950717,33,121.063718
3557,17,t_x_80,0.33654528594539296,32,121.095695
3558,18,t_x_78,0.33629539686852905,31,121.117960
3559,19,t_x_85,0.3329427103660081,30,121.149753
3560,20,t_x_86,0.33251677012533615,29,121.170502
3561,21,t_x_417,0.33220260282135483,28,121.191248
3562,13,t_x_25,0.3388881960489056,97,121.227237
3563,14,t_x_83,0.3381592926679389,96,121.284173
3564,15,t_x_77,0.33679519038950717,36,121.326189
3565,16,t_x_80,0.33654528594539296,35,121.359051
3566,17,t_x_78,0.33629539686852905,34,121.382261
3567,18,t_x_293,0.33349881435358497,33,121.414572
3568,19,t_x_85,0.3329427103660081,32,121.436730
3569,20,t_x_86,0.33251677012533615,31,121.468306
3570,21,t_x_75,0.3306908869598732,30,121.489357
3571,22,t_x_374,0.32811552122135923,29,121.510295
3572,23,t_x_79,0.3273105193088242,28,121.531714
3573,15,t_x_23,0.33750992239639216,95,121.566877
3574,16,t_x_159,0.3369646913562073,29,121.609553
3575,17,t_x_77,0.33679519038950717,28,121.630845
3576,16,t_x_159,0.3369646913562073,94,121.675870
3577,17,t_x_77,0.33679519038950717,93,121.731208
3578,18,t_x_80,0.33654528594539296,35,121.774970
3579,19,t_x_372,0.33630744661103745,34,121.808259
3580,20,t_x_78,0.33629539686852905,33,121.830088
3581,21,t_x_85,0.3329427103660081,32,121.862347
3582,22,t_x_86,0.33251677012533615,31,121.894336
3583,23,t_x_417,0.33220260282135483,30,121.915918
3584,24,t_x_75,0.3306908869598732,29,121.938125
3585,25,t_x_201,0.3291212094295495,28,121.959302
3586,18,t_x_21,0.33674725056917193,92,121.995398
3587,19,t_x_102,0.3327795616365271,28,122.039508
3588,19,t_x_80,0.33654528594539296,91,122.075306
3589,20,t_x_372,0.33630744661103745,34,122.117880
3590,21,t_x_78,0.33629539686852905,33,122.140089
3591,22,t_x_85,0.3329427103660081,32,122.172967
3592,23,t_x_102,0.3327795616365271,31,122.195634
3593,24,t_x_86,0.33251677012533615,30,122.217374
3594,25,t_x_264,0.3315550653762067,29,122.238916
3595,26,t_x_75,0.3306908869598732,28,122.260855
3596,20,t_x_372,0.33630744661103745,90,122.297534
3597,21,t_x_78,0.33629539686852905,89,122.350195
3598,22,t_x_293,0.33349881435358497,38,122.390024
3599,23,t_x_85,0.3329427103660081,37,122.412108
3600,24,t_x_86,0.33251677012533615,36,122.445050
3601,25,t_x_417,0.33220260282135483,35,122.466734
3602,26,t_x_133,0.3319127428670663,34,122.488632
3603,27,t_x_75,0.3306908869598732,33,122.510836
3604,28,t_x_411,0.32753300194262525,32,122.542677
3605,29,t_x_169,0.32737452520812826,31,122.564043
3606,30,t_x_79,0.3273105193088242,30,122.585586
3607,31,t_x_104,0.3270224657044486,29,122.606304
3608,32,t_x_132,0.3268587771808999,28,122.627595
3609,22,t_x_293,0.33349881435358497,88,122.663462
3610,23,t_x_85,0.3329427103660081,87,122.691955
3611,24,t_x_86,0.33251677012533615,33,122.732430
3612,25,t_x_133,0.3319127428670663,32,122.755447
3613,26,t_x_75,0.3306908869598732,31,122.777121
3614,27,t_x_129,0.3285813450795422,30,122.798183
3615,28,t_x_153,0.32837066835719786,29,122.819577
3616,29,t_x_176,0.32783752541092237,28,122.840944
3617,24,t_x_102,0.3327795616365271,86,122.876558
3618,25,t_x_86,0.33251677012533615,85,122.928577
3619,26,t_x_417,0.33220260282135483,84,122.981878
3620,27,t_x_133,0.3319127428670663,83,123.011425
3621,28,t_x_264,0.3315550653762067,82,123.063913
3622,29,t_x_75,0.3306908869598732,81,123.115091
3623,30,t_x_100,0.33060072836282683,31,123.154384
3624,31,t_x_411,0.32753300194262525,30,123.176471
3625,32,t_x_79,0.3273105193088242,29,123.197391
3626,33,t_x_18,0.3246724231025938,28,123.218091
3627,30,t_x_100,0.33060072836282683,80,123.253199
3628,31,t_x_201,0.3291212094295495,79,123.305169
3629,32,t_x_129,0.3285813450795422,78,123.333789
3630,33,t_x_153,0.32837066835719786,77,123.384422
3631,34,t_x_367,0.32833040353733933,76,123.434161
3632,35,t_x_374,0.32811552122135923,75,123.461097
3633,36,t_x_68,0.32792695399343874,74,123.488572
3634,37,t_x_176,0.32783752541092237,73,123.515651
3635,38,t_x_270,0.32783001401543077,72,123.563314
3636,39,t_x_411,0.32753300194262525,71,123.610767
3637,40,t_x_169,0.32737452520812826,70,123.637275
3638,41,t_x_79,0.3273105193088242,69,123.686119
3639,42,t_x_229,0.32710653484174335,68,123.731895
3640,43,t_x_104,0.3270224657044486,67,123.778871
3641,44,t_x_132,0.3268587771808999,66,123.824696
3642,45,t_x_341,0.32680349009166004,65,123.851020
3643,46,t_x_22,0.32643339157926643,64,123.877914
3644,47,t_x_171,0.32614527961942785,63,123.922776
3645,48,t_x_166,0.32545563514268605,62,123.967919
3646,49,t_x_301,0.32545457191610666,61,123.993611
3647,50,t_x_31,0.32473594029234726,60,124.037551
3648,51,t_x_18,0.3246724231025938,59,124.064170
3649,52,t_x_286,0.32463937627479783,58,124.107229
3650,53,t_x_131,0.32326796846853334,57,124.134525
3651,54,t_x_36,0.32315741763196254,56,124.159606
3652,55,t_x_304,0.3231550820374737,55,124.185239
3653,56,t_x_415,0.32298385976283783,54,124.210212
3654,57,t_x_241,0.3213790574644039,53,124.240695
3655,58,t_x_95,0.32077476127869986,52,124.270594
3656,59,t_x_269,0.3207389474023821,51,124.300589
3657,60,t_x_409,0.32060591343907036,50,124.330805
3658,61,t_x_92,0.3201060406698506,49,124.359957
3659,62,t_x_161,0.31993337202310457,48,124.388540
3660,63,t_x_158,0.3198822175572763,47,124.413925
3661,64,t_x_90,0.31975708337557535,46,124.437525
3662,65,t_x_39,0.3197549282209896,45,124.461517
3663,66,t_x_29,0.31970262399898997,44,124.485860
3664,67,t_x_93,0.31969098511900007,43,124.509860
3665,68,t_x_312,0.31948945754507085,42,124.533417
3666,69,t_x_252,0.31946986491772833,41,124.556968
3667,70,t_x_242,0.3193170507532921,40,124.580459
3668,71,t_x_32,0.31928257804655796,39,124.603890
3669,72,t_x_244,0.31920743172188837,38,124.627439
3670,73,t_x_329,0.3191806753137926,37,124.650480
3671,74,t_x_246,0.3190836364520209,36,124.673858
3672,75,t_x_121,0.31900809173540023,35,124.696605
3673,76,t_x_120,0.31880171171540855,34,124.719251
3674,77,t_x_406,0.3187332588205406,33,124.741590
3675,78,t_x_263,0.318706573347225,32,124.763644
3676,79,t_x_127,0.31864984704845123,31,124.785901
3677,80,t_x_30,0.3183566377299701,30,124.808093
3678,5,t_x_84,0.37220052237281115,106,124.854500
3679,6,t_x_82,0.3697496709659753,44,124.899505
3680,7,t_x_88,0.36565753033657356,43,124.935293
3681,8,t_x_89,0.3418552133182626,42,124.970524
3682,9,t_x_76,0.3397542609479636,41,125.004211
3683,10,t_x_83,0.3381592926679389,40,125.038231
3684,11,t_x_26,0.33710634432496456,39,125.074156
3685,12,t_x_77,0.33679519038950717,38,125.109887
3686,13,t_x_21,0.33674725056917193,37,125.143055
3687,14,t_x_80,0.33654528594539296,36,125.190234
3688,15,t_x_372,0.33630744661103745,35,125.222572
3689,16,t_x_78,0.33629539686852905,34,125.244873
3690,17,t_x_407,0.3335813800840952,33,125.277022
3691,18,t_x_85,0.3329427103660081,32,125.298642
3692,19,t_x_86,0.33251677012533615,31,125.321429
3693,20,t_x_417,0.33220260282135483,30,125.342397
3694,21,t_x_75,0.3306908869598732,29,125.364031
3695,22,t_x_367,0.32833040353733933,28,125.385012
3696,6,t_x_82,0.3697496709659753,105,125.422144
3697,7,t_x_334,0.3669507080339,47,125.465936
3698,8,t_x_88,0.36565753033657356,46,125.488026
3699,9,t_x_413,0.3576240767639526,45,125.524024
3700,10,t_x_89,0.3418552133182626,44,125.546127
3701,11,t_x_98,0.3410733321474508,43,125.581603
3702,12,t_x_76,0.3397542609479636,42,125.603596
3703,13,t_x_83,0.3381592926679389,41,125.637846
3704,14,t_x_23,0.33750992239639216,40,125.671733
3705,15,t_x_77,0.33679519038950717,39,125.704810
3706,16,t_x_80,0.33654528594539296,38,125.737655
3707,17,t_x_330,0.3364988573519652,37,125.778343
3708,18,t_x_78,0.33629539686852905,36,125.805200
3709,19,t_x_85,0.3329427103660081,35,125.838246
3710,20,t_x_102,0.3327795616365271,34,125.870568
3711,21,t_x_86,0.33251677012533615,33,125.892627
3712,22,t_x_417,0.33220260282135483,32,125.924458
3713,23,t_x_133,0.3319127428670663,31,125.945652
3714,24,t_x_75,0.3306908869598732,30,125.967041
3715,25,t_x_122,0.3281171678472218,29,125.997566
3716,26,t_x_79,0.3273105193088242,28,126.018808
3717,40,t_x_80,0.33654528594539296,410,126.086508
3718,41,t_x_372,0.33630744661103745,97,126.248745
3719,42,t_x_78,0.33629539686852905,96,126.307451
3720,43,t_x_64,0.33373433301465677,37,126.350850
3721,44,t_x_407,0.3335813800840952,36,126.373183
3722,45,t_x_85,0.3329427103660081,35,126.395288
3723,46,t_x_86,0.33251677012533615,34,126.427621
3724,47,t_x_333,0.3316796543199385,33,126.453422
3725,48,t_x_75,0.3306908869598732,32,126.475326
3726,49,t_x_79,0.3273105193088242,31,126.507210
3727,50,t_x_15,0.3268669079888928,30,126.528130
3728,51,t_x_237,0.32638683091703363,29,126.549186
3729,52,t_x_245,0.32478719540614975,28,126.571182
3730,7,t_x_334,0.3669507080339,104,126.617823
3731,8,t_x_88,0.36565753033657356,103,126.678093
3732,9,t_x_89,0.3418552133182626,48,126.721757
3733,10,t_x_76,0.3397542609479636,47,126.761767
3734,11,t_x_83,0.3381592926679389,46,126.799260
3735,12,t_x_26,0.33710634432496456,45,126.836007
3736,13,t_x_77,0.33679519038950717,44,126.871587
3737,14,t_x_21,0.33674725056917193,43,126.905323
3738,15,t_x_80,0.33654528594539296,42,126.939348
3739,16,t_x_78,0.33629539686852905,41,126.972911
3740,17,t_x_85,0.3329427103660081,40,127.007175
3741,18,t_x_86,0.33251677012533615,39,127.041781
3742,19,t_x_75,0.3306908869598732,38,127.075154
3743,20,t_x_367,0.32833040353733933,37,127.097014
3744,21,t_x_122,0.3281171678472218,36,127.119601
3745,22,t_x_400,0.3277550551348225,35,127.141380
3746,23,t_x_236,0.3274205406343998,34,127.164180
3747,24,t_x_79,0.3273105193088242,33,127.186640
3748,25,t_x_19,0.32721141007081767,32,127.218148
3749,26,t_x_15,0.3268669079888928,31,127.239112
3750,27,t_x_22,0.32643339157926643,30,127.260211
3751,28,t_x_237,0.32638683091703363,29,127.281620
3752,29,t_x_16,0.3238783027854283,28,127.303009
3753,9,t_x_413,0.3576240767639526,102,127.339598
3754,10,t_x_89,0.3418552133182626,101,127.396707
3755,11,t_x_76,0.3397542609479636,42,127.446311
3756,12,t_x_83,0.3381592926679389,41,127.480067
3757,13,t_x_23,0.33750992239639216,40,127.514189
3758,14,t_x_77,0.33679519038950717,39,127.547758
3759,15,t_x_80,0.33654528594539296,38,127.581762
3760,16,t_x_330,0.3364988573519652,37,127.605151
3761,17,t_x_78,0.33629539686852905,36,127.626961
3762,18,t_x_407,0.3335813800840952,35,127.659137
3763,19,t_x_85,0.3329427103660081,34,127.680882
3764,20,t_x_102,0.3327795616365271,33,127.713303
3765,21,t_x_86,0.33251677012533615,32,127.735328
3766,22,t_x_417,0.33220260282135483,31,127.767016
3767,23,t_x_133,0.3319127428670663,30,127.797360
3768,24,t_x_75,0.3306908869598732,29,127.822639
3769,25,t_x_367,0.32833040353733933,28,127.843484
3770,11,t_x_98,0.3410733321474508,100,127.880966
3771,12,t_x_76,0.3397542609479636,99,127.939264
3772,13,t_x_83,0.3381592926679389,41,127.982692
3773,14,t_x_170,0.33769692936302953,40,128.016988
3774,15,t_x_23,0.33750992239639216,39,128.038502
3775,16,t_x_77,0.33679519038950717,38,128.070969
3776,17,t_x_80,0.33654528594539296,37,128.103938
3777,18,t_x_78,0.33629539686852905,36,128.136914
3778,19,t_x_85,0.3329427103660081,35,128.168374
3779,20,t_x_86,0.33251677012533615,34,128.200732
3780,21,t_x_417,0.33220260282135483,33,128.232518
3781,22,t_x_75,0.3306908869598732,32,128.253919
3782,23,t_x_100,0.33060072836282683,31,128.284805
3783,24,t_x_153,0.32837066835719786,30,128.305797
3784,25,t_x_367,0.32833040353733933,29,128.326574
3785,26,t_x_79,0.3273105193088242,28,128.347522
3786,13,t_x_83,0.3381592926679389,98,128.392179
3787,14,t_x_26,0.33710634432496456,35,128.434941
3788,15,t_x_77,0.33679519038950717,34,128.467476
3789,16,t_x_80,0.33654528594539296,33,128.490514
3790,17,t_x_330,0.3364988573519652,32,128.511911
3791,18,t_x_78,0.33629539686852905,31,128.533996
3792,19,t_x_85,0.3329427103660081,30,128.555284
3793,20,t_x_86,0.33251677012533615,29,128.576763
3794,21,t_x_75,0.3306908869598732,28,128.608256
3795,14,t_x_170,0.33769692936302953,97,128.645074
3796,15,t_x_200,0.3375840595031447,96,128.705062
3797,16,t_x_23,0.33750992239639216,95,128.735096
3798,17,t_x_26,0.33710634432496456,33,128.778927
3799,18,t_x_77,0.33679519038950717,32,128.810406
3800,19,t_x_21,0.33674725056917193,31,128.842409
3801,20,t_x_372,0.33630744661103745,30,128.873493
3802,21,t_x_78,0.33629539686852905,29,128.894907
3803,22,t_x_85,0.3329427103660081,28,128.925824
3804,17,t_x_26,0.33710634432496456,94,128.961723
3805,18,t_x_77,0.33679519038950717,39,129.005718
3806,19,t_x_21,0.33674725056917193,38,129.040856
3807,20,t_x_80,0.33654528594539296,37,129.073659
3808,21,t_x_78,0.33629539686852905,36,129.107115
3809,22,t_x_407,0.3335813800840952,35,129.144512
3810,23,t_x_85,0.3329427103660081,34,129.166300
3811,24,t_x_86,0.33251677012533615,33,129.199252
3812,25,t_x_75,0.3306908869598732,32,129.231509
3813,26,t_x_153,0.32837066835719786,31,129.263022
3814,27,t_x_367,0.32833040353733933,30,129.284970
3815,28,t_x_19,0.32721141007081767,29,129.306884
3816,29,t_x_15,0.3268669079888928,28,129.329806
3817,18,t_x_77,0.33679519038950717,93,129.365742
3818,19,t_x_80,0.33654528594539296,37,129.406964
3819,20,t_x_372,0.33630744661103745,36,129.440552
3820,21,t_x_78,0.33629539686852905,35,129.462695
3821,22,t_x_85,0.3329427103660081,34,129.494565
3822,23,t_x_86,0.33251677012533615,33,129.527017
3823,24,t_x_417,0.33220260282135483,32,129.558786
3824,25,t_x_75,0.3306908869598732,31,129.581003
3825,26,t_x_367,0.32833040353733933,30,129.601611
3826,27,t_x_79,0.3273105193088242,29,129.623083
3827,28,t_x_19,0.32721141007081767,28,129.653253
3828,19,t_x_21,0.33674725056917193,92,129.688878
3829,20,t_x_102,0.3327795616365271,29,129.733610
3830,21,t_x_75,0.3306908869598732,28,129.755397
3831,20,t_x_80,0.33654528594539296,91,129.790637
3832,21,t_x_372,0.33630744661103745,36,129.834254
3833,22,t_x_78,0.33629539686852905,35,129.856343
3834,23,t_x_407,0.3335813800840952,34,129.888376
3835,24,t_x_85,0.3329427103660081,33,129.909962
3836,25,t_x_102,0.3327795616365271,32,129.942440
3837,26,t_x_86,0.33251677012533615,31,129.963539
3838,27,t_x_75,0.3306908869598732,30,129.995219
3839,28,t_x_153,0.32837066835719786,29,130.026704
3840,29,t_x_122,0.3281171678472218,28,130.047380
3841,21,t_x_330,0.3364988573519652,90,130.083276
3842,22,t_x_372,0.33630744661103745,89,130.112260
3843,23,t_x_78,0.33629539686852905,88,130.168074
3844,24,t_x_407,0.3335813800840952,38,130.209998
3845,25,t_x_85,0.3329427103660081,37,130.232378
3846,26,t_x_86,0.33251677012533615,36,130.265631
3847,27,t_x_417,0.33220260282135483,35,130.298641
3848,28,t_x_133,0.3319127428670663,34,130.320572
3849,29,t_x_75,0.3306908869598732,33,130.342003
3850,30,t_x_79,0.3273105193088242,32,130.372844
3851,31,t_x_19,0.32721141007081767,31,130.404291
3852,32,t_x_104,0.3270224657044486,30,130.425039
3853,33,t_x_15,0.3268669079888928,29,130.446204
3854,34,t_x_132,0.3268587771808999,28,130.466791
3855,24,t_x_407,0.3335813800840952,87,130.503206
3856,25,t_x_85,0.3329427103660081,86,130.531239
3857,26,t_x_86,0.33251677012533615,35,130.572294
3858,27,t_x_133,0.3319127428670663,34,130.604949
3859,28,t_x_75,0.3306908869598732,33,130.626285
3860,29,t_x_153,0.32837066835719786,32,130.646802
3861,30,t_x_122,0.3281171678472218,31,130.667624
3862,31,t_x_79,0.3273105193088242,30,130.688313
3863,32,t_x_19,0.32721141007081767,29,130.718849
3864,33,t_x_15,0.3268669079888928,28,130.739171
3865,26,t_x_102,0.3327795616365271,85,130.773687
3866,27,t_x_86,0.33251677012533615,84,130.827601
3867,28,t_x_75,0.3306908869598732,35,130.868884
3868,29,t_x_122,0.3281171678472218,34,130.901111
3869,30,t_x_79,0.3273105193088242,33,130.922513
3870,31,t_x_19,0.32721141007081767,32,130.945548
3871,32,t_x_132,0.3268587771808999,31,130.966794
3872,33,t_x_22,0.32643339157926643,30,130.988767
3873,34,t_x_226,0.3256741836549671,29,131.010089
3874,35,t_x_292,0.3244666037562576,28,131.031489
3875,28,t_x_417,0.33220260282135483,83,131.067263
3876,29,t_x_133,0.3319127428670663,82,131.098215
3877,30,t_x_75,0.3306908869598732,81,131.150775
3878,31,t_x_100,0.33060072836282683,30,131.192191
3879,32,t_x_122,0.3281171678472218,29,131.213770
3880,33,t_x_79,0.3273105193088242,28,131.235246
3881,31,t_x_100,0.33060072836282683,80,131.279679
3882,32,t_x_153,0.32837066835719786,79,131.307719
3883,33,t_x_367,0.32833040353733933,78,131.359143
3884,34,t_x_122,0.3281171678472218,77,131.386931
3885,35,t_x_400,0.3277550551348225,76,131.438519
3886,36,t_x_236,0.3274205406343998,75,131.466239
3887,37,t_x_79,0.3273105193088242,74,131.494313
3888,38,t_x_19,0.32721141007081767,34,131.530456
3889,39,t_x_104,0.3270224657044486,33,131.552164
3890,40,t_x_15,0.3268669079888928,32,131.574141
3891,41,t_x_22,0.32643339157926643,31,131.595548
3892,42,t_x_226,0.3256741836549671,30,131.616945
3893,43,t_x_366,0.32490447930058935,29,131.638732
3894,44,t_x_292,0.3244666037562576,28,131.660239
3895,38,t_x_19,0.32721141007081767,73,131.694566
3896,39,t_x_104,0.3270224657044486,72,131.742565
3897,40,t_x_15,0.3268669079888928,71,131.769584
3898,41,t_x_132,0.3268587771808999,70,131.830052
3899,42,t_x_22,0.32643339157926643,69,131.857385
3900,43,t_x_237,0.32638683091703363,68,131.884205
3901,44,t_x_369,0.3257086592576262,67,131.911453
3902,45,t_x_226,0.3256741836549671,66,131.938293
3903,46,t_x_366,0.32490447930058935,65,131.965455
3904,47,t_x_292,0.3244666037562576,64,131.992015
3905,48,t_x_41,0.32432807218660503,63,132.018375
3906,49,t_x_253,0.3240743066028985,62,132.045064
3907,50,t_x_16,0.3238783027854283,61,132.071394
3908,51,t_x_74,0.323802536529808,60,132.099767
3909,52,t_x_328,0.3235503395467524,59,132.125435
3910,53,t_x_151,0.32337424325993264,58,132.151897
3911,54,t_x_131,0.32326796846853334,57,132.177626
3912,55,t_x_304,0.3231550820374737,56,132.203559
3913,56,t_x_419,0.323059624125218,55,132.246743
3914,57,t_x_338,0.32264023726710334,54,132.272609
3915,58,t_x_27,0.3226116951650698,53,132.297601
3916,59,t_x_241,0.3213790574644039,52,132.321891
3917,60,t_x_91,0.32105979179969935,51,132.346604
3918,61,t_x_269,0.3207389474023821,50,132.371412
3919,62,t_x_61,0.3206324300073691,49,132.396364
3920,63,t_x_162,0.32046107090717313,48,132.420388
3921,64,t_x_231,0.32026074926974174,47,132.444682
3922,65,t_x_128,0.3201485176076543,46,132.469076
3923,66,t_x_28,0.31963977817813943,45,132.493479
3924,67,t_x_370,0.3195182550040618,44,132.517303
3925,68,t_x_252,0.31946986491772833,43,132.541653
3926,69,t_x_32,0.31928257804655796,42,132.566018
3927,70,t_x_329,0.3191806753137926,41,132.589318
3928,71,t_x_250,0.31910493517402994,40,132.612809
3929,72,t_x_414,0.31898229808373346,39,132.636155
3930,73,t_x_321,0.3189184288017534,38,132.659085
3931,74,t_x_120,0.31880171171540855,37,132.682611
3932,75,t_x_247,0.3185092782668806,36,132.705382
3933,76,t_x_30,0.3183566377299701,35,132.728251
3934,77,t_x_315,0.3183061176182019,34,132.750823
3935,78,t_x_40,0.3182723724320793,33,132.773618
3936,79,t_x_391,0.31818185738335797,32,132.796166
3937,80,t_x_43,0.31810725726167277,31,132.818115
3938,81,t_x_123,0.3174736029149601,30,132.840178
3939,43,t_x_20,0.3353069744273539,95,132.887883
3940,44,t_x_342,0.33409322479786047,94,132.945849
3941,45,t_x_64,0.33373433301465677,93,133.004685
3942,46,t_x_407,0.3335813800840952,92,133.061329
3943,47,t_x_85,0.3329427103660081,91,133.094307
3944,48,t_x_86,0.33251677012533615,35,133.138209
3945,49,t_x_333,0.3316796543199385,34,133.159327
3946,50,t_x_75,0.3306908869598732,33,133.181291
3947,51,t_x_153,0.32837066835719786,32,133.214052
3948,52,t_x_122,0.3281171678472218,31,133.235343
3949,53,t_x_331,0.3274126242838769,30,133.256885
3950,54,t_x_79,0.3273105193088242,29,133.278403
3951,55,t_x_15,0.3268669079888928,28,133.299083
3952,41,t_x_330,0.3364988573519652,409,133.355009
3953,42,t_x_342,0.33409322479786047,85,133.511811
3954,43,t_x_417,0.33220260282135483,34,133.556050
3955,44,t_x_333,0.3316796543199385,33,133.581356
3956,45,t_x_332,0.33044324480598997,32,133.606170
3957,46,t_x_13,0.32947148876779175,31,133.638566
3958,47,t_x_343,0.32851280584207715,30,133.661489
3959,48,t_x_411,0.32753300194262525,29,133.693643
3960,49,t_x_331,0.3274126242838769,28,133.715824
3961,48,t_x_102,0.3327795616365271,90,133.761399
3962,49,t_x_165,0.3325348186944436,89,133.791572
3963,50,t_x_86,0.33251677012533615,88,133.846790
3964,51,t_x_75,0.3306908869598732,32,133.889319
3965,52,t_x_318,0.3286139811380062,31,133.912444
3966,53,t_x_122,0.3281171678472218,30,133.934413
3967,54,t_x_79,0.3273105193088242,29,133.956129
3968,55,t_x_168,0.3271013922953005,28,133.977464
3969,51,t_x_333,0.3316796543199385,87,134.014199
3970,52,t_x_264,0.3315550653762067,86,134.068241
3971,53,t_x_75,0.3306908869598732,85,134.122539
3972,54,t_x_122,0.3281171678472218,33,134.162844
3973,55,t_x_79,0.3273105193088242,32,134.185053
3974,56,t_x_15,0.3268669079888928,31,134.206503
3975,57,t_x_41,0.32432807218660503,30,134.227753
3976,58,t_x_167,0.3242644250523776,29,134.248888
3977,59,t_x_16,0.3238783027854283,28,134.270424
3978,54,t_x_318,0.3286139811380062,84,134.306483
3979,55,t_x_66,0.32837626014866994,83,134.336156
3980,56,t_x_153,0.32837066835719786,82,134.387959
3981,57,t_x_122,0.3281171678472218,81,134.440960
3982,58,t_x_236,0.3274205406343998,80,134.496951
3983,59,t_x_331,0.3274126242838769,79,134.524605
3984,60,t_x_79,0.3273105193088242,78,134.552394
3985,61,t_x_168,0.3271013922953005,77,134.602784
3986,62,t_x_15,0.3268669079888928,76,134.651687
3987,63,t_x_260,0.32650316371008,75,134.699981
3988,64,t_x_237,0.32638683091703363,74,134.727993
3989,65,t_x_166,0.32545563514268605,73,134.756072
3990,66,t_x_245,0.32478719540614975,72,134.805418
3991,67,t_x_286,0.32463937627479783,71,134.835088
3992,68,t_x_41,0.32432807218660503,70,134.862818
3993,69,t_x_167,0.3242644250523776,69,134.910208
3994,70,t_x_225,0.32404935223887216,68,134.957622
3995,71,t_x_16,0.3238783027854283,67,134.984475
3996,72,t_x_251,0.32383884010279435,66,135.030587
3997,73,t_x_74,0.323802536529808,65,135.057819
3998,74,t_x_300,0.32343917332278554,64,135.084464
3999,75,t_x_36,0.32315741763196254,63,135.110671
4000,76,t_x_269,0.3207389474023821,62,135.155765
4001,77,t_x_409,0.32060591343907036,61,135.182695
4002,78,t_x_162,0.32046107090717313,60,135.208863
4003,79,t_x_317,0.32030211942610837,59,135.234643
4004,80,t_x_231,0.32026074926974174,58,135.260330
4005,81,t_x_272,0.3200110872880186,57,135.286330
4006,82,t_x_371,0.31997869627072717,56,135.311878
4007,83,t_x_161,0.31993337202310457,55,135.337871
4008,84,t_x_280,0.31990873351166077,54,135.363194
4009,85,t_x_158,0.3198822175572763,53,135.389999
4010,86,t_x_39,0.3197549282209896,52,135.414557
4011,87,t_x_29,0.31970262399898997,51,135.439920
4012,88,t_x_257,0.3196862469239287,50,135.463973
4013,89,t_x_28,0.31963977817813943,49,135.489055
4014,90,t_x_284,0.31956004451484066,48,135.513175
4015,91,t_x_312,0.31948945754507085,47,135.537768
4016,92,t_x_63,0.3193462006926152,46,135.561793
4017,93,t_x_32,0.31928257804655796,45,135.585348
4018,94,t_x_238,0.3192659625599451,44,135.609807
4019,95,t_x_244,0.31920743172188837,43,135.633934
4020,96,t_x_281,0.3191887990043659,42,135.657798
4021,97,t_x_329,0.3191806753137926,41,135.681481
4022,98,t_x_250,0.31910493517402994,40,135.705608
4023,99,t_x_33,0.31907745609654115,39,135.729023
4024,100,t_x_344,0.31900478376110813,38,135.752685
4025,101,t_x_406,0.3187332588205406,37,135.775983
4026,102,t_x_69,0.3187309179251806,36,135.798944
4027,103,t_x_127,0.31864984704845123,35,135.821516
4028,104,t_x_310,0.3186284145331494,34,135.844577
4029,105,t_x_247,0.3185092782668806,33,135.867314
4030,106,t_x_40,0.3182723724320793,32,135.890202
4031,107,t_x_96,0.3181829080367553,31,135.912957
4032,108,t_x_391,0.31818185738335797,30,135.935343
4033,43,t_x_407,0.3335813800840952,84,135.982059
4034,44,t_x_423,0.33279429776079117,83,136.040097
4035,45,t_x_425,0.33238127630915515,82,136.096351
4036,46,t_x_417,0.33220260282135483,81,136.154492
4037,47,t_x_333,0.3316796543199385,80,136.209512
4038,48,t_x_264,0.3315550653762067,29,136.252126
4039,49,t_x_332,0.33044324480598997,28,136.275230
4040,48,t_x_361,0.33157642028416945,79,136.320705
4041,49,t_x_264,0.3315550653762067,78,136.374665
4042,50,t_x_332,0.33044324480598997,77,136.426183
4043,51,t_x_420,0.328837001787633,31,136.463850
4044,52,t_x_343,0.32851280584207715,30,136.485103
4045,53,t_x_411,0.32753300194262525,29,136.516433
4046,54,t_x_14,0.3274421151063002,28,136.538444
4047,42,t_x_372,0.33630744661103745,408,136.595641
4048,43,t_x_20,0.3353069744273539,77,136.747434
4049,44,t_x_430,0.3340991054175165,76,136.799157
4050,45,t_x_342,0.33409322479786047,75,136.849121
4051,46,t_x_293,0.33349881435358497,74,136.877255
4052,47,t_x_85,0.3329427103660081,73,136.926329
4053,48,t_x_102,0.3327795616365271,72,136.975239
4054,49,t_x_156,0.3322492503371881,71,137.024022
4055,50,t_x_361,0.33157642028416945,70,137.074039
4056,51,t_x_75,0.3306908869598732,32,137.110233
4057,52,t_x_373,0.3291839228566644,31,137.132285
4058,53,t_x_153,0.32837066835719786,30,137.162535
4059,54,t_x_367,0.32833040353733933,29,137.183767
4060,55,t_x_374,0.32811552122135923,28,137.213805
4061,51,t_x_264,0.3315550653762067,69,137.257657
4062,52,t_x_75,0.3306908869598732,68,137.284412
4063,53,t_x_332,0.33044324480598997,67,137.330851
4064,54,t_x_373,0.3291839228566644,66,137.376548
4065,55,t_x_153,0.32837066835719786,29,137.409845
4066,56,t_x_367,0.32833040353733933,28,137.431423
4067,55,t_x_150,0.3286823076073712,65,137.474685
4068,56,t_x_153,0.32837066835719786,64,137.520356
4069,57,t_x_367,0.32833040353733933,63,137.565535
4070,58,t_x_374,0.32811552122135923,31,137.598239
4071,59,t_x_428,0.32790863073303644,30,137.629643
4072,60,t_x_148,0.32773032536471913,29,137.661222
4073,61,t_x_145,0.32726340919038455,28,137.682763
4074,58,t_x_374,0.32811552122135923,62,137.717930
4075,59,t_x_428,0.32790863073303644,61,137.763633
4076,60,t_x_148,0.32773032536471913,60,137.807490
4077,61,t_x_331,0.3274126242838769,59,137.833546
4078,62,t_x_145,0.32726340919038455,58,137.859587
4079,63,t_x_19,0.32721141007081767,57,137.884967
4080,64,t_x_104,0.3270224657044486,56,137.911110
4081,65,t_x_15,0.3268669079888928,55,137.939307
4082,66,t_x_234,0.32669830148764506,54,137.965722
4083,67,t_x_101,0.32643855400786287,53,137.992069
4084,68,t_x_432,0.32631918216853084,52,138.017419
4085,69,t_x_369,0.3257086592576262,51,138.055729
4086,70,t_x_163,0.32498562062928704,50,138.094004
4087,71,t_x_366,0.32490447930058935,49,138.131483
4088,72,t_x_287,0.324896557933668,48,138.166865
4089,73,t_x_292,0.3244666037562576,47,138.191129
4090,74,t_x_352,0.3243614895021832,46,138.215227
4091,75,t_x_16,0.3238783027854283,45,138.239327
4092,76,t_x_350,0.3220023172227456,44,138.264142
4093,77,t_x_368,0.32082819954508945,43,138.288699
4094,78,t_x_429,0.32064953327757917,42,138.312235
4095,79,t_x_317,0.32030211942610837,41,138.336017
4096,80,t_x_231,0.32026074926974174,40,138.361361
4097,81,t_x_363,0.3201927993523778,39,138.384154
4098,82,t_x_92,0.3201060406698506,38,138.417758
4099,83,t_x_371,0.31997869627072717,37,138.440905
4100,84,t_x_161,0.31993337202310457,36,138.463639
4101,85,t_x_348,0.319840074379505,35,138.486740
4102,86,t_x_28,0.31963977817813943,34,138.510100
4103,87,t_x_358,0.31957730052731464,33,138.533601
4104,88,t_x_370,0.3195182550040618,32,138.556056
4105,89,t_x_160,0.31941654628814786,31,138.578145
4106,90,t_x_238,0.3192659625599451,30,138.600659
4107,43,t_x_78,0.33629539686852905,407,138.660467
4108,44,t_x_64,0.33373433301465677,85,138.819104
4109,45,t_x_407,0.3335813800840952,84,138.852664
4110,46,t_x_293,0.33349881435358497,83,138.883998
4111,47,t_x_85,0.3329427103660081,82,138.916314
4112,48,t_x_86,0.33251677012533615,38,138.958133
4113,49,t_x_156,0.3322492503371881,37,138.991834
4114,50,t_x_268,0.3320393451891257,36,139.013959
4115,51,t_x_133,0.3319127428670663,35,139.035809
4116,52,t_x_333,0.3316796543199385,34,139.057873
4117,53,t_x_75,0.3306908869598732,33,139.079264
4118,54,t_x_79,0.3273105193088242,32,139.111161
4119,55,t_x_19,0.32721141007081767,31,139.143029
4120,56,t_x_15,0.3268669079888928,30,139.164069
4121,57,t_x_22,0.32643339157926643,29,139.185082
4122,58,t_x_237,0.32638683091703363,28,139.205644
4123,51,t_x_13,0.32947148876779175,76,139.250446
4124,52,t_x_420,0.328837001787633,75,139.280303
4125,53,t_x_343,0.32851280584207715,74,139.331148
4126,54,t_x_400,0.3277550551348225,34,139.367878
4127,55,t_x_411,0.32753300194262525,33,139.391739
4128,56,t_x_331,0.3274126242838769,32,139.414513
4129,57,t_x_341,0.32680349009166004,31,139.447724
4130,58,t_x_339,0.3264010485281532,30,139.469226
4131,59,t_x_340,0.32488452727089095,29,139.490677
4132,60,t_x_336,0.32462792849298816,28,139.512498
4133,54,t_x_400,0.3277550551348225,73,139.547904
4134,55,t_x_411,0.32753300194262525,72,139.577145
4135,56,t_x_14,0.3274421151063002,71,139.627095
4136,57,t_x_331,0.3274126242838769,70,139.675433
4137,58,t_x_229,0.32710653484174335,28,139.711595
4138,58,t_x_229,0.32710653484174335,69,139.746778
4139,59,t_x_341,0.32680349009166004,68,139.801388
4140,60,t_x_234,0.32669830148764506,67,139.858512
4141,61,t_x_339,0.3264010485281532,66,139.907249
4142,62,t_x_432,0.32631918216853084,65,139.952983
4143,63,t_x_56,0.32519348547158655,64,139.980371
4144,64,t_x_366,0.32490447930058935,63,140.008252
4145,65,t_x_340,0.32488452727089095,62,140.035463
4146,66,t_x_336,0.32462792849298816,61,140.081170
4147,67,t_x_53,0.323954494307468,60,140.125205
4148,68,t_x_194,0.3239518020251907,59,140.152708
4149,69,t_x_446,0.32394544265052777,58,140.179900
4150,70,t_x_251,0.32383884010279435,57,140.223401
4151,71,t_x_408,0.3235294581808897,56,140.250652
4152,72,t_x_181,0.32346568703913375,55,140.280141
4153,73,t_x_419,0.323059624125218,54,140.306815
4154,74,t_x_338,0.32264023726710334,53,140.332417
4155,75,t_x_327,0.3211406740627265,52,140.369961
4156,76,t_x_429,0.32064953327757917,51,140.395680
4157,77,t_x_409,0.32060591343907036,50,140.433521
4158,78,t_x_324,0.3205857039195655,49,140.458666
4159,79,t_x_190,0.3203893311707023,48,140.483915
4160,80,t_x_435,0.32023988121854285,47,140.508820
4161,81,t_x_447,0.3201059070916388,46,140.532794
4162,82,t_x_437,0.3199783566261846,45,140.556320
4163,83,t_x_222,0.31980409393388687,44,140.580241
4164,84,t_x_431,0.3195293554421153,43,140.605283
4165,85,t_x_436,0.3195203958746361,42,140.629303
4166,86,t_x_235,0.3193493197656214,41,140.652251
4167,87,t_x_238,0.3192659625599451,40,140.677037
4168,88,t_x_427,0.3192083979091698,39,140.700823
4169,89,t_x_443,0.31919004525908323,38,140.723851
4170,90,t_x_281,0.3191887990043659,37,140.746599
4171,91,t_x_250,0.31910493517402994,36,140.769569
4172,92,t_x_246,0.3190836364520209,35,140.793340
4173,93,t_x_384,0.3190740655960574,34,140.816295
4174,94,t_x_439,0.31905430647098704,33,140.839121
4175,95,t_x_344,0.31900478376110813,32,140.860788
4176,96,t_x_58,0.3188222732541668,31,140.882469
4177,97,t_x_9,0.31880382724696477,30,140.904626
4178,48,t_x_86,0.33251677012533615,81,140.950832
4179,49,t_x_156,0.3322492503371881,80,141.005023
4180,50,t_x_417,0.33220260282135483,79,141.057585
4181,51,t_x_268,0.3320393451891257,78,141.085789
4182,52,t_x_133,0.3319127428670663,77,141.113820
4183,53,t_x_333,0.3316796543199385,76,141.141888
4184,54,t_x_75,0.3306908869598732,75,141.168667
4185,55,t_x_411,0.32753300194262525,31,141.203282
4186,56,t_x_79,0.3273105193088242,30,141.224534
4187,57,t_x_19,0.32721141007081767,29,141.245161
4188,58,t_x_15,0.3268669079888928,28,141.266150
4189,55,t_x_411,0.32753300194262525,74,141.300694
4190,56,t_x_172,0.32742867952012167,73,141.328329
4191,57,t_x_169,0.32737452520812826,72,141.355765
4192,58,t_x_79,0.3273105193088242,71,141.383303
4193,59,t_x_19,0.32721141007081767,30,141.418306
4194,60,t_x_104,0.3270224657044486,29,141.439962
4195,61,t_x_15,0.3268669079888928,28,141.461526
4196,59,t_x_19,0.32721141007081767,70,141.495909
4197,60,t_x_104,0.3270224657044486,69,141.543936
4198,61,t_x_15,0.3268669079888928,68,141.571217
4199,62,t_x_132,0.3268587771808999,67,141.618502
4200,63,t_x_341,0.32680349009166004,66,141.645611
4201,64,t_x_101,0.32643855400786287,65,141.672233
4202,65,t_x_22,0.32643339157926643,64,141.699589
4203,66,t_x_237,0.32638683091703363,63,141.745925
4204,67,t_x_301,0.32545457191610666,62,141.771769
4205,68,t_x_163,0.32498562062928704,61,141.816214
4206,69,t_x_366,0.32490447930058935,60,141.860195
4207,70,t_x_232,0.32481809607848655,59,141.886272
4208,71,t_x_245,0.32478719540614975,58,141.912081
4209,72,t_x_286,0.32463937627479783,57,141.937669
4210,73,t_x_41,0.32432807218660503,56,141.962986
4211,74,t_x_253,0.3240743066028985,55,141.988901
4212,75,t_x_225,0.32404935223887216,54,142.014036
4213,76,t_x_256,0.32401288646770043,53,142.039364
4214,77,t_x_16,0.3238783027854283,52,142.064163
4215,78,t_x_408,0.3235294581808897,51,142.101546
4216,79,t_x_300,0.32343917332278554,50,142.126214
4217,80,t_x_131,0.32326796846853334,49,142.162822
4218,81,t_x_36,0.32315741763196254,48,142.187553
4219,82,t_x_304,0.3231550820374737,47,142.211843
4220,83,t_x_415,0.32298385976283783,46,142.235315
4221,84,t_x_27,0.3226116951650698,45,142.259214
4222,85,t_x_241,0.3213790574644039,44,142.282141
4223,86,t_x_269,0.3207389474023821,43,142.305800
4224,87,t_x_249,0.3203398526266621,42,142.330002
4225,88,t_x_363,0.3201927993523778,41,142.353419
4226,89,t_x_371,0.31997869627072717,40,142.376742
4227,90,t_x_161,0.31993337202310457,39,142.400140
4228,91,t_x_158,0.3198822175572763,38,142.423969
4229,92,t_x_29,0.31970262399898997,37,142.446713
4230,93,t_x_312,0.31948945754507085,36,142.468788
4231,94,t_x_252,0.31946986491772833,35,142.491363
4232,95,t_x_32,0.31928257804655796,34,142.514417
4233,96,t_x_281,0.3191887990043659,33,142.536966
4234,97,t_x_33,0.31907745609654115,32,142.560120
4235,98,t_x_121,0.31900809173540023,31,142.582326
4236,99,t_x_344,0.31900478376110813,30,142.604573
4237,44,t_x_20,0.3353069744273539,406,142.660741
4238,45,t_x_7,0.3333504982591583,81,142.824543
4239,46,t_x_85,0.3329427103660081,80,142.878661
4240,47,t_x_102,0.3327795616365271,79,142.931073
4241,48,t_x_86,0.33251677012533615,78,142.981105
4242,49,t_x_156,0.3322492503371881,77,143.029344
4243,50,t_x_417,0.33220260282135483,76,143.077704
4244,51,t_x_75,0.3306908869598732,75,143.104432
4245,52,t_x_100,0.33060072836282683,74,143.151951
4246,53,t_x_13,0.32947148876779175,73,143.198850
4247,54,t_x_373,0.3291839228566644,72,143.246131
4248,55,t_x_97,0.3290778133744423,71,143.273144
4249,56,t_x_150,0.3286823076073712,70,143.299056
4250,57,t_x_45,0.32813523944670725,69,143.327087
4251,58,t_x_122,0.3281171678472218,68,143.355047
4252,59,t_x_374,0.32811552122135923,67,143.381141
4253,60,t_x_400,0.3277550551348225,66,143.406844
4254,61,t_x_411,0.32753300194262525,65,143.432047
4255,62,t_x_19,0.32721141007081767,64,143.457864
4256,63,t_x_15,0.3268669079888928,29,143.489004
4257,64,t_x_22,0.32643339157926643,28,143.519675
4258,63,t_x_15,0.3268669079888928,63,143.555101
4259,64,t_x_101,0.32643855400786287,62,143.599403
4260,65,t_x_22,0.32643339157926643,61,143.624671
4261,66,t_x_369,0.3257086592576262,60,143.669928
4262,67,t_x_8,0.3252872337777598,59,143.694501
4263,68,t_x_163,0.32498562062928704,58,143.718812
4264,69,t_x_366,0.32490447930058935,57,143.745459
4265,70,t_x_245,0.32478719540614975,56,143.771487
4266,71,t_x_18,0.3246724231025938,55,143.796016
4267,72,t_x_53,0.323954494307468,54,143.835612
4268,73,t_x_16,0.3238783027854283,53,143.859995
4269,74,t_x_27,0.3226116951650698,52,143.902840
4270,75,t_x_99,0.3215428667997927,51,143.941547
4271,76,t_x_241,0.3213790574644039,50,143.965756
4272,77,t_x_155,0.3200636541751233,49,143.990369
4273,78,t_x_272,0.3200110872880186,48,144.013885
4274,79,t_x_158,0.3198822175572763,47,144.037249
4275,80,t_x_29,0.31970262399898997,46,144.060691
4276,81,t_x_28,0.31963977817813943,45,144.096627
4277,82,t_x_370,0.3195182550040618,44,144.131233
4278,83,t_x_312,0.31948945754507085,43,144.155115
4279,84,t_x_281,0.3191887990043659,42,144.178108
4280,85,t_x_406,0.3187332588205406,41,144.201252
4281,86,t_x_12,0.3186774985671871,40,144.224383
4282,87,t_x_364,0.31835288347826046,39,144.247076
4283,88,t_x_47,0.3182127841880249,38,144.270409
4284,89,t_x_96,0.3181829080367553,37,144.292961
4285,90,t_x_391,0.31818185738335797,36,144.315212
4286,91,t_x_0,0.3179572713585191,35,144.337075
4287,92,t_x_243,0.3178222164750265,34,144.358851
4288,93,t_x_124,0.31766996104254247,33,144.380741
4289,94,t_x_274,0.31741748645940737,32,144.403004
4290,95,t_x_48,0.317348783240459,31,144.432760
4291,96,t_x_24,0.31704158739102617,30,144.457921
4292,45,t_x_173,0.33433990479887415,405,144.529414
4293,46,t_x_178,0.33370108203626037,85,144.694406
4294,47,t_x_165,0.3325348186944436,28,144.736149
4295,47,t_x_407,0.3335813800840952,84,144.782421
4296,48,t_x_165,0.3325348186944436,83,144.811946
4297,49,t_x_268,0.3320393451891257,30,144.852443
4298,50,t_x_264,0.3315550653762067,29,144.874966
4299,51,t_x_177,0.3304125989308909,28,144.895406
4300,49,t_x_268,0.3320393451891257,82,144.940203
4301,50,t_x_264,0.3315550653762067,81,144.994358
4302,51,t_x_177,0.3304125989308909,80,145.047718
4303,52,t_x_37,0.32979972676975927,29,145.086718
4304,53,t_x_176,0.32783752541092237,28,145.108211
4305,52,t_x_37,0.32979972676975927,79,145.148033
4306,53,t_x_45,0.32813523944670725,78,145.200005
4307,54,t_x_139,0.32800220097911803,77,145.227513
4308,55,t_x_176,0.32783752541092237,76,145.277673
4309,56,t_x_172,0.32742867952012167,31,145.314798
4310,57,t_x_169,0.32737452520812826,30,145.346244
4311,58,t_x_168,0.3271013922953005,29,145.377378
4312,59,t_x_192,0.3270128963252965,28,145.408008
4313,56,t_x_172,0.32742867952012167,75,145.442458
4314,57,t_x_169,0.32737452520812826,29,145.481956
4315,58,t_x_145,0.32726340919038455,28,145.513001
4316,57,t_x_169,0.32737452520812826,74,145.548093
4317,58,t_x_168,0.3271013922953005,31,145.584167
4318,59,t_x_132,0.3268587771808999,30,145.615769
4319,60,t_x_171,0.32614527961942785,29,145.637346
4320,61,t_x_166,0.32545563514268605,28,145.658047
4321,58,t_x_79,0.3273105193088242,73,145.693000
4322,59,t_x_145,0.32726340919038455,72,145.719833
4323,60,t_x_168,0.3271013922953005,71,145.746901
4324,61,t_x_192,0.3270128963252965,29,145.781687
4325,62,t_x_171,0.32614527961942785,28,145.802791
4326,61,t_x_192,0.3270128963252965,70,145.852337
4327,62,t_x_132,0.3268587771808999,69,145.879488
4328,63,t_x_234,0.32669830148764506,68,145.926332
4329,64,t_x_260,0.32650316371008,67,145.953231
4330,65,t_x_171,0.32614527961942785,66,145.979892
4331,66,t_x_166,0.32545563514268605,65,146.025234
4332,67,t_x_56,0.32519348547158655,64,146.070706
4333,68,t_x_245,0.32478719540614975,63,146.097163
4334,69,t_x_31,0.32473594029234726,62,146.123065
4335,70,t_x_167,0.3242644250523776,61,146.167392
4336,71,t_x_253,0.3240743066028985,60,146.213467
4337,72,t_x_53,0.323954494307468,59,146.239283
4338,73,t_x_194,0.3239518020251907,58,146.264929
4339,74,t_x_151,0.32337424325993264,57,146.291148
4340,75,t_x_131,0.32326796846853334,56,146.316996
4341,76,t_x_99,0.3215428667997927,55,146.341941
4342,77,t_x_91,0.32105979179969935,54,146.367333
4343,78,t_x_409,0.32060591343907036,53,146.392385
4344,79,t_x_143,0.3203363352962292,52,146.417188
4345,80,t_x_449,0.3200522998991134,51,146.441831
4346,81,t_x_351,0.3198275341993695,50,146.468457
4347,82,t_x_39,0.3197549282209896,49,146.496135
4348,83,t_x_282,0.3196933056683402,48,146.521424
4349,84,t_x_257,0.3196862469239287,47,146.557064
4350,85,t_x_32,0.31928257804655796,46,146.580929
4351,86,t_x_238,0.3192659625599451,45,146.604633
4352,87,t_x_244,0.31920743172188837,44,146.628083
4353,88,t_x_443,0.31919004525908323,43,146.651644
4354,89,t_x_246,0.3190836364520209,42,146.674864
4355,90,t_x_384,0.3190740655960574,41,146.698036
4356,91,t_x_439,0.31905430647098704,40,146.720539
4357,92,t_x_382,0.31876090221757525,39,146.742916
4358,93,t_x_266,0.31875346140061533,38,146.764762
4359,94,t_x_127,0.31864984704845123,37,146.786905
4360,95,t_x_175,0.318348868548595,36,146.808567
4361,96,t_x_146,0.3183069069966693,35,146.830574
4362,97,t_x_40,0.3182723724320793,34,146.853107
4363,98,t_x_381,0.3181293905266548,33,146.874704
4364,99,t_x_43,0.31810725726167277,32,146.896260
4365,100,t_x_34,0.31800397427268234,31,146.918631
4366,101,t_x_243,0.3178222164750265,30,146.940376
4367,46,t_x_430,0.3340991054175165,404,147.001442
4368,47,t_x_423,0.33279429776079117,89,147.150734
4369,48,t_x_425,0.33238127630915515,41,147.195377
4370,49,t_x_332,0.33044324480598997,40,147.230820
4371,50,t_x_426,0.32934656915668087,39,147.254415
4372,51,t_x_420,0.328837001787633,38,147.288907
4373,52,t_x_129,0.3285813450795422,37,147.322242
4374,53,t_x_442,0.3284343996107425,36,147.345203
4375,54,t_x_139,0.32800220097911803,35,147.368453
4376,55,t_x_434,0.32795547383667734,34,147.393129
4377,56,t_x_428,0.32790863073303644,33,147.425378
4378,57,t_x_142,0.3279009411221477,32,147.457479
4379,58,t_x_132,0.3268587771808999,31,147.479987
4380,59,t_x_341,0.32680349009166004,30,147.503179
4381,60,t_x_432,0.32631918216853084,29,147.525914
4382,61,t_x_369,0.3257086592576262,28,147.556926
4383,48,t_x_144,0.33260950631875075,88,147.594023
4384,49,t_x_425,0.33238127630915515,87,147.651523
4385,50,t_x_426,0.32934656915668087,41,147.694886
4386,51,t_x_420,0.328837001787633,40,147.730455
4387,52,t_x_442,0.3284343996107425,39,147.764274
4388,53,t_x_139,0.32800220097911803,38,147.788227
4389,54,t_x_434,0.32795547383667734,37,147.811211
4390,55,t_x_428,0.32790863073303644,36,147.856724
4391,56,t_x_142,0.3279009411221477,35,147.890334
4392,57,t_x_148,0.32773032536471913,34,147.913968
4393,58,t_x_331,0.3274126242838769,33,147.936435
4394,59,t_x_341,0.32680349009166004,32,147.958901
4395,60,t_x_432,0.32631918216853084,31,147.982040
4396,61,t_x_1,0.3237047946964038,30,148.006382
4397,62,t_x_138,0.3221951617760623,29,148.029869
4398,63,t_x_433,0.3218899203392841,28,148.051973
4399,50,t_x_332,0.33044324480598997,86,148.088182
4400,51,t_x_13,0.32947148876779175,85,148.142241
4401,52,t_x_426,0.32934656915668087,84,148.172673
4402,53,t_x_201,0.3291212094295495,36,148.215536
4403,54,t_x_420,0.328837001787633,35,148.239759
4404,55,t_x_442,0.3284343996107425,34,148.273129
4405,56,t_x_139,0.32800220097911803,33,148.296277
4406,57,t_x_434,0.32795547383667734,32,148.319370
4407,58,t_x_428,0.32790863073303644,31,148.350945
4408,59,t_x_142,0.3279009411221477,30,148.383342
4409,60,t_x_341,0.32680349009166004,29,148.405894
4410,61,t_x_432,0.32631918216853084,28,148.428698
4411,53,t_x_201,0.3291212094295495,83,148.475113
4412,54,t_x_420,0.328837001787633,82,148.505088
4413,55,t_x_442,0.3284343996107425,36,148.546101
4414,56,t_x_139,0.32800220097911803,35,148.568734
4415,57,t_x_434,0.32795547383667734,34,148.591674
4416,58,t_x_428,0.32790863073303644,33,148.624557
4417,59,t_x_148,0.32773032536471913,32,148.657075
4418,60,t_x_331,0.3274126242838769,31,148.679622
4419,61,t_x_341,0.32680349009166004,30,148.701898
4420,62,t_x_432,0.32631918216853084,29,148.724536
4421,63,t_x_369,0.3257086592576262,28,148.756232
4422,47,t_x_342,0.33409322479786047,403,148.814814
4423,48,t_x_86,0.33251677012533615,84,148.966555
4424,49,t_x_417,0.33220260282135483,83,148.998549
4425,50,t_x_268,0.3320393451891257,82,149.056348
4426,51,t_x_333,0.3316796543199385,81,149.111859
4427,52,t_x_332,0.33044324480598997,31,149.156629
4428,53,t_x_343,0.32851280584207715,30,149.194208
4429,54,t_x_434,0.32795547383667734,29,149.226590
4430,55,t_x_411,0.32753300194262525,28,149.248914
4431,55,t_x_129,0.3285813450795422,81,149.294410
4432,56,t_x_442,0.3284343996107425,80,149.347188
4433,57,t_x_139,0.32800220097911803,79,149.376207
4434,58,t_x_434,0.32795547383667734,78,149.428287
4435,59,t_x_428,0.32790863073303644,36,149.470181
4436,60,t_x_142,0.3279009411221477,35,149.503651
4437,61,t_x_148,0.32773032536471913,34,149.526147
4438,62,t_x_236,0.3274205406343998,33,149.548869
4439,63,t_x_331,0.3274126242838769,32,149.571952
4440,64,t_x_341,0.32680349009166004,31,149.594207
4441,65,t_x_432,0.32631918216853084,30,149.616983
4442,66,t_x_35,0.323694450763153,29,149.638170
4443,67,t_x_328,0.3235503395467524,28,149.660615
4444,59,t_x_428,0.32790863073303644,77,149.696272
4445,60,t_x_142,0.3279009411221477,34,149.735399
4446,61,t_x_148,0.32773032536471913,33,149.757854
4447,62,t_x_229,0.32710653484174335,32,149.780210
4448,63,t_x_132,0.3268587771808999,31,149.802761
4449,64,t_x_341,0.32680349009166004,30,149.825343
4450,65,t_x_432,0.32631918216853084,29,149.847887
4451,66,t_x_35,0.323694450763153,28,149.879830
4452,60,t_x_142,0.3279009411221477,76,149.915991
4453,61,t_x_148,0.32773032536471913,75,149.966336
4454,62,t_x_236,0.3274205406343998,74,150.016837
4455,63,t_x_331,0.3274126242838769,73,150.045268
4456,64,t_x_229,0.32710653484174335,72,150.094633
4457,65,t_x_132,0.3268587771808999,71,150.123262
4458,66,t_x_341,0.32680349009166004,70,150.154073
4459,67,t_x_432,0.32631918216853084,69,150.185653
4460,68,t_x_369,0.3257086592576262,28,150.221817
4461,68,t_x_369,0.3257086592576262,68,150.258066
4462,69,t_x_286,0.32463937627479783,67,150.305289
4463,70,t_x_336,0.32462792849298816,66,150.354594
4464,71,t_x_446,0.32394544265052777,65,150.382124
4465,72,t_x_130,0.3237189430626469,64,150.428148
4466,73,t_x_1,0.3237047946964038,63,150.457979
4467,74,t_x_35,0.323694450763153,62,150.486070
4468,75,t_x_328,0.3235503395467524,61,150.513289
4469,76,t_x_138,0.3221951617760623,60,150.558020
4470,77,t_x_433,0.3218899203392841,59,150.584616
4471,78,t_x_375,0.32083768524015677,58,150.628537
4472,79,t_x_368,0.32082819954508945,57,150.655074
4473,80,t_x_429,0.32064953327757917,56,150.681329
4474,81,t_x_324,0.3205857039195655,55,150.723217
4475,82,t_x_162,0.32046107090717313,54,150.749263
4476,83,t_x_376,0.3203565634718892,53,150.775609
4477,84,t_x_143,0.3203363352962292,52,150.801729
4478,85,t_x_317,0.32030211942610837,51,150.827481
4479,86,t_x_435,0.32023988121854285,50,150.852971
4480,87,t_x_155,0.3200636541751233,49,150.878217
4481,88,t_x_449,0.3200522998991134,48,150.904051
4482,89,t_x_437,0.3199783566261846,47,150.929049
4483,90,t_x_158,0.3198822175572763,46,150.953783
4484,91,t_x_431,0.3195293554421153,45,150.981594
4485,92,t_x_436,0.3195203958746361,44,151.017455
4486,93,t_x_370,0.3195182550040618,43,151.041481
4487,94,t_x_160,0.31941654628814786,42,151.066075
4488,95,t_x_238,0.3192659625599451,41,151.089801
4489,96,t_x_427,0.3192083979091698,40,151.113820
4490,97,t_x_443,0.31919004525908323,39,151.136645
4491,98,t_x_329,0.3191806753137926,38,151.160664
4492,99,t_x_121,0.31900809173540023,37,151.183904
4493,100,t_x_389,0.3190051244560763,36,151.207490
4494,101,t_x_382,0.31876090221757525,35,151.231131
4495,102,t_x_12,0.3186774985671871,34,151.254075
4496,103,t_x_310,0.3186284145331494,33,151.277726
4497,104,t_x_422,0.3183627391269323,32,151.300540
4498,105,t_x_40,0.3182723724320793,31,151.322558
4499,106,t_x_424,0.3182253669639071,30,151.344577
4500,52,t_x_213,0.33049205655507957,80,151.390293
4501,53,t_x_332,0.33044324480598997,79,151.445623
4502,54,t_x_343,0.32851280584207715,29,151.487719
4503,55,t_x_411,0.32753300194262525,28,151.509579
4504,54,t_x_13,0.32947148876779175,78,151.546983
4505,55,t_x_426,0.32934656915668087,77,151.577941
4506,56,t_x_343,0.32851280584207715,76,151.631183
4507,57,t_x_270,0.32783001401543077,32,151.667404
4508,58,t_x_411,0.32753300194262525,31,151.690443
4509,59,t_x_331,0.3274126242838769,30,151.712987
4510,60,t_x_341,0.32680349009166004,29,151.734953
4511,61,t_x_339,0.3264010485281532,28,151.766988
4512,48,t_x_64,0.33373433301465677,402,151.834410
4513,49,t_x_102,0.3327795616365271,84,152.012667
4514,50,t_x_65,0.3322614622728081,83,152.065851
4515,51,t_x_62,0.32853857799150243,33,152.109793
4516,52,t_x_442,0.3284343996107425,32,152.142091
4517,53,t_x_66,0.32837626014866994,31,152.163522
4518,54,t_x_68,0.32792695399343874,30,152.195477
4519,55,t_x_71,0.32765571981761243,29,152.226811
4520,56,t_x_239,0.32682813220844253,28,152.257553
4521,51,t_x_100,0.33060072836282683,82,152.292902
4522,52,t_x_62,0.32853857799150243,81,152.321534
4523,53,t_x_442,0.3284343996107425,33,152.363158
4524,54,t_x_66,0.32837626014866994,32,152.385503
4525,55,t_x_68,0.32792695399343874,31,152.417758
4526,56,t_x_71,0.32765571981761243,30,152.450288
4527,57,t_x_239,0.32682813220844253,29,152.481234
4528,58,t_x_72,0.32396974378127846,28,152.502806
4529,53,t_x_442,0.3284343996107425,80,152.547131
4530,54,t_x_66,0.32837626014866994,79,152.575575
4531,55,t_x_68,0.32792695399343874,33,152.614938
4532,56,t_x_71,0.32765571981761243,32,152.647265
4533,57,t_x_236,0.3274205406343998,31,152.678668
4534,58,t_x_101,0.32643855400786287,30,152.700068
4535,59,t_x_163,0.32498562062928704,29,152.721951
4536,60,t_x_72,0.32396974378127846,28,152.743676
4537,55,t_x_68,0.32792695399343874,78,152.779596
4538,56,t_x_71,0.32765571981761243,77,152.831884
4539,57,t_x_256,0.32401288646770043,33,152.871333
4540,58,t_x_72,0.32396974378127846,32,152.893761
4541,59,t_x_194,0.3239518020251907,31,152.926731
4542,60,t_x_74,0.323802536529808,30,152.949418
4543,61,t_x_345,0.32350193897925106,29,152.981751
4544,62,t_x_350,0.3220023172227456,28,153.003434
4545,57,t_x_236,0.3274205406343998,76,153.039185
4546,58,t_x_145,0.32726340919038455,75,153.090449
4547,59,t_x_239,0.32682813220844253,74,153.117204
4548,60,t_x_234,0.32669830148764506,73,153.167866
4549,61,t_x_101,0.32643855400786287,72,153.217075
4550,62,t_x_226,0.3256741836549671,71,153.245087
4551,63,t_x_163,0.32498562062928704,70,153.292561
4552,64,t_x_31,0.32473594029234726,69,153.319127
4553,65,t_x_41,0.32432807218660503,68,153.346209
4554,66,t_x_256,0.32401288646770043,67,153.372843
4555,67,t_x_72,0.32396974378127846,66,153.401580
4556,68,t_x_194,0.3239518020251907,65,153.446726
4557,69,t_x_74,0.323802536529808,64,153.473495
4558,70,t_x_35,0.323694450763153,63,153.518667
4559,71,t_x_345,0.32350193897925106,62,153.546200
4560,72,t_x_181,0.32346568703913375,61,153.590620
4561,73,t_x_151,0.32337424325993264,60,153.618290
4562,74,t_x_59,0.3230693864089372,59,153.644327
4563,75,t_x_350,0.3220023172227456,58,153.669954
4564,76,t_x_354,0.3213662439305996,57,153.713156
4565,77,t_x_95,0.32077476127869986,56,153.738319
4566,78,t_x_269,0.3207389474023821,55,153.763859
4567,79,t_x_61,0.3206324300073691,54,153.789089
4568,80,t_x_231,0.32026074926974174,53,153.828904
4569,81,t_x_363,0.3201927993523778,52,153.853817
4570,82,t_x_357,0.3201529313354039,51,153.878623
4571,83,t_x_449,0.3200522998991134,50,153.902310
4572,84,t_x_348,0.319840074379505,49,153.927254
4573,85,t_x_93,0.31969098511900007,48,153.951193
4574,86,t_x_255,0.31961596194100095,47,153.975299
4575,87,t_x_160,0.31941654628814786,46,153.998630
4576,88,t_x_63,0.3193462006926152,45,154.022465
4577,89,t_x_238,0.3192659625599451,44,154.057346
4578,90,t_x_182,0.3192603059870898,43,154.081419
4579,91,t_x_353,0.3190031724528899,42,154.104359
4580,92,t_x_70,0.31875483678757077,41,154.127069
4581,93,t_x_266,0.31875346140061533,40,154.151860
4582,94,t_x_69,0.3187309179251806,39,154.175044
4583,95,t_x_263,0.318706573347225,38,154.197681
4584,96,t_x_94,0.31824593329857287,37,154.220472
4585,97,t_x_47,0.3182127841880249,36,154.243672
4586,98,t_x_60,0.318135541005953,35,154.266418
4587,99,t_x_43,0.31810725726167277,34,154.289028
4588,100,t_x_230,0.3177190400122357,33,154.311839
4589,101,t_x_103,0.3177068122855853,32,154.335160
4590,102,t_x_347,0.317349019525933,31,154.357392
4591,103,t_x_48,0.317348783240459,30,154.379401
4592,49,t_x_178,0.33370108203626037,401,154.437728
4593,50,t_x_165,0.3325348186944436,88,154.598056
4594,51,t_x_86,0.33251677012533615,35,154.642442
4595,52,t_x_264,0.3315550653762067,34,154.770059
4596,53,t_x_177,0.3304125989308909,33,154.795183
4597,54,t_x_142,0.3279009411221477,32,154.830961
4598,55,t_x_176,0.32783752541092237,31,154.855493
4599,56,t_x_172,0.32742867952012167,30,154.891756
4600,57,t_x_169,0.32737452520812826,29,154.926866
4601,58,t_x_168,0.3271013922953005,28,154.951299
4602,57,t_x_434,0.32795547383667734,75,154.996891
4603,58,t_x_428,0.32790863073303644,74,155.050431
4604,59,t_x_270,0.32783001401543077,73,155.080239
4605,60,t_x_411,0.32753300194262525,72,155.134128
4606,61,t_x_236,0.3274205406343998,71,155.184443
4607,62,t_x_331,0.3274126242838769,70,155.216645
4608,63,t_x_79,0.3273105193088242,69,155.268574
4609,64,t_x_192,0.3270128963252965,68,155.297162
4610,65,t_x_341,0.32680349009166004,67,155.329519
4611,66,t_x_339,0.3264010485281532,66,155.378360
4612,67,t_x_237,0.32638683091703363,65,155.427103
4613,68,t_x_369,0.3257086592576262,64,155.456538
4614,69,t_x_56,0.32519348547158655,63,155.484896
4615,70,t_x_180,0.32508066064641833,62,155.513874
4616,71,t_x_340,0.32488452727089095,61,155.541499
4617,72,t_x_232,0.32481809607848655,60,155.587734
4618,73,t_x_336,0.32462792849298816,59,155.615208
4619,74,t_x_53,0.323954494307468,58,155.661226
4620,75,t_x_446,0.32394544265052777,57,155.688882
4621,76,t_x_328,0.3235503395467524,56,155.715503
4622,77,t_x_408,0.3235294581808897,55,155.742704
4623,78,t_x_300,0.32343917332278554,54,155.769238
4624,79,t_x_304,0.3231550820374737,53,155.796340
4625,80,t_x_419,0.323059624125218,52,155.823138
4626,81,t_x_415,0.32298385976283783,51,155.848823
4627,82,t_x_338,0.32264023726710334,50,155.890884
4628,83,t_x_241,0.3213790574644039,49,155.933070
4629,84,t_x_269,0.3207389474023821,48,155.959194
4630,85,t_x_190,0.3203893311707023,47,155.985555
4631,86,t_x_376,0.3203565634718892,46,156.012107
4632,87,t_x_447,0.3201059070916388,45,156.037161
4633,88,t_x_449,0.3200522998991134,44,156.061312
4634,89,t_x_284,0.31956004451484066,43,156.086138
4635,90,t_x_431,0.3195293554421153,42,156.111940
4636,91,t_x_436,0.3195203958746361,41,156.137123
4637,92,t_x_312,0.31948945754507085,40,156.161093
4638,93,t_x_279,0.3193139926659193,39,156.185995
4639,94,t_x_427,0.3192083979091698,38,156.210593
4640,95,t_x_329,0.3191806753137926,37,156.234570
4641,96,t_x_188,0.31901848908761204,36,156.258251
4642,97,t_x_389,0.3190051244560763,35,156.282002
4643,98,t_x_344,0.31900478376110813,34,156.305694
4644,99,t_x_382,0.31876090221757525,33,156.328228
4645,100,t_x_406,0.3187332588205406,32,156.351417
4646,101,t_x_52,0.3186162959873259,31,156.373631
4647,102,t_x_388,0.31859982612148885,30,156.396965
4648,51,t_x_86,0.33251677012533615,87,156.443439
4649,52,t_x_264,0.3315550653762067,86,156.498735
4650,53,t_x_177,0.3304125989308909,85,156.553199
4651,54,t_x_176,0.32783752541092237,32,156.594812
4652,55,t_x_172,0.32742867952012167,31,156.626324
4653,56,t_x_169,0.32737452520812826,30,156.657024
4654,57,t_x_79,0.3273105193088242,29,156.677244
4655,58,t_x_145,0.32726340919038455,28,156.697999
4656,54,t_x_201,0.3291212094295495,84,156.733145
4657,55,t_x_129,0.3285813450795422,83,156.761117
4658,56,t_x_142,0.3279009411221477,82,156.814234
4659,57,t_x_176,0.32783752541092237,81,156.863982
4660,58,t_x_148,0.32773032536471913,28,156.904463
4661,58,t_x_148,0.32773032536471913,80,156.939767
4662,59,t_x_172,0.32742867952012167,79,156.989738
4663,60,t_x_169,0.32737452520812826,34,157.027864
4664,61,t_x_145,0.32726340919038455,33,157.060797
4665,62,t_x_229,0.32710653484174335,32,157.081861
4666,63,t_x_168,0.3271013922953005,31,157.102934
4667,64,t_x_239,0.32682813220844253,30,157.125670
4668,65,t_x_171,0.32614527961942785,29,157.147085
4669,66,t_x_166,0.32545563514268605,28,157.167946
4670,60,t_x_169,0.32737452520812826,78,157.203629
4671,61,t_x_79,0.3273105193088242,77,157.253898
4672,62,t_x_145,0.32726340919038455,76,157.302401
4673,63,t_x_229,0.32710653484174335,75,157.331814
4674,64,t_x_168,0.3271013922953005,74,157.383130
4675,65,t_x_171,0.32614527961942785,28,157.421267
4676,65,t_x_104,0.3270224657044486,73,157.457108
4677,66,t_x_239,0.32682813220844253,72,157.504648
4678,67,t_x_171,0.32614527961942785,71,157.551184
4679,68,t_x_166,0.32545563514268605,70,157.601510
4680,69,t_x_245,0.32478719540614975,69,157.649377
4681,70,t_x_31,0.32473594029234726,68,157.675565
4682,71,t_x_352,0.3243614895021832,67,157.701952
4683,72,t_x_167,0.3242644250523776,66,157.729092
4684,73,t_x_253,0.3240743066028985,65,157.772746
4685,74,t_x_225,0.32404935223887216,64,157.798624
4686,75,t_x_256,0.32401288646770043,63,157.843657
4687,76,t_x_53,0.323954494307468,62,157.871379
4688,77,t_x_151,0.32337424325993264,61,157.897162
4689,78,t_x_350,0.3220023172227456,60,157.923773
4690,79,t_x_269,0.3207389474023821,59,157.948285
4691,80,t_x_135,0.32055137576989046,58,157.973250
4692,81,t_x_162,0.32046107090717313,57,157.998301
4693,82,t_x_184,0.3204442243710062,56,158.025431
4694,83,t_x_190,0.3203893311707023,55,158.050074
4695,84,t_x_249,0.3203398526266621,54,158.092350
4696,85,t_x_231,0.32026074926974174,53,158.117413
4697,86,t_x_435,0.32023988121854285,52,158.142105
4698,87,t_x_92,0.3201060406698506,51,158.166281
4699,88,t_x_447,0.3201059070916388,50,158.190743
4700,89,t_x_155,0.3200636541751233,49,158.215032
4701,90,t_x_272,0.3200110872880186,48,158.239137
4702,91,t_x_158,0.3198822175572763,47,158.262261
4703,92,t_x_348,0.319840074379505,46,158.286600
4704,93,t_x_112,0.3197033375206849,45,158.309551
4705,94,t_x_257,0.3196862469239287,44,158.333453
4706,95,t_x_284,0.31956004451484066,43,158.356556
4707,96,t_x_235,0.3193493197656214,42,158.380025
4708,97,t_x_242,0.3193170507532921,41,158.402865
4709,98,t_x_182,0.3192603059870898,40,158.425489
4710,99,t_x_281,0.3191887990043659,39,158.447516
4711,100,t_x_250,0.31910493517402994,38,158.469921
4712,101,t_x_188,0.31901848908761204,37,158.492253
4713,102,t_x_121,0.31900809173540023,36,158.513992
4714,103,t_x_406,0.3187332588205406,35,158.536224
4715,104,t_x_388,0.31859982612148885,34,158.558011
4716,105,t_x_247,0.3185092782668806,33,158.579533
4717,106,t_x_30,0.3183566377299701,32,158.601155
4718,107,t_x_175,0.318348868548595,31,158.622810
4719,108,t_x_276,0.3183400161444687,30,158.643483
4720,50,t_x_407,0.3335813800840952,400,158.699412
4721,51,t_x_293,0.33349881435358497,73,158.851099
4722,52,t_x_7,0.3333504982591583,72,158.880449
4723,53,t_x_85,0.3329427103660081,71,158.930929
4724,54,t_x_86,0.33251677012533615,70,158.958991
4725,55,t_x_417,0.33220260282135483,69,158.986360
4726,56,t_x_332,0.33044324480598997,31,159.022620
4727,57,t_x_177,0.3304125989308909,30,159.046708
4728,58,t_x_411,0.32753300194262525,29,159.068321
4729,59,t_x_10,0.3272199581788964,28,159.099159
4730,56,t_x_332,0.33044324480598997,68,159.134607
4731,57,t_x_177,0.3304125989308909,67,159.183078
4732,58,t_x_442,0.3284343996107425,66,159.229908
4733,59,t_x_142,0.3279009411221477,65,159.257095
4734,60,t_x_411,0.32753300194262525,64,159.285663
4735,61,t_x_14,0.3274421151063002,31,159.321222
4736,62,t_x_79,0.3273105193088242,30,159.342818
4737,63,t_x_10,0.3272199581788964,29,159.364698
4738,64,t_x_226,0.3256741836549671,28,159.385772
4739,61,t_x_14,0.3274421151063002,63,159.421145
4740,62,t_x_172,0.32742867952012167,62,159.467625
4741,63,t_x_79,0.3273105193088242,61,159.494782
4742,64,t_x_10,0.3272199581788964,60,159.521002
4743,65,t_x_239,0.32682813220844253,59,159.567552
4744,66,t_x_341,0.32680349009166004,58,159.595912
4745,67,t_x_339,0.3264010485281532,57,159.639715
4746,68,t_x_226,0.3256741836549671,56,159.665232
4747,69,t_x_8,0.3252872337777598,55,159.691433
4748,70,t_x_340,0.32488452727089095,54,159.734769
4749,71,t_x_292,0.3244666037562576,53,159.777571
4750,72,t_x_352,0.3243614895021832,52,159.802856
4751,73,t_x_1,0.3237047946964038,51,159.844284
4752,74,t_x_408,0.3235294581808897,50,159.886173
4753,75,t_x_345,0.32350193897925106,49,159.924715
4754,76,t_x_181,0.32346568703913375,48,159.971205
4755,77,t_x_191,0.3231065965073835,47,159.999676
4756,78,t_x_419,0.323059624125218,46,160.023980
4757,79,t_x_415,0.32298385976283783,45,160.059511
4758,80,t_x_338,0.32264023726710334,44,160.094241
4759,81,t_x_6,0.32156760061632716,43,160.129069
4760,82,t_x_354,0.3213662439305996,42,160.153463
4761,83,t_x_409,0.32060591343907036,41,160.180338
4762,84,t_x_184,0.3204442243710062,40,160.215126
4763,85,t_x_4,0.32030328407467384,39,160.239164
4764,86,t_x_449,0.3200522998991134,38,160.263100
4765,87,t_x_437,0.3199783566261846,37,160.289674
4766,88,t_x_29,0.31970262399898997,36,160.314063
4767,89,t_x_28,0.31963977817813943,35,160.337808
4768,90,t_x_187,0.3195347061135602,34,160.362395
4769,91,t_x_436,0.3195203958746361,33,160.385273
4770,92,t_x_238,0.3192659625599451,32,160.407626
4771,93,t_x_384,0.3190740655960574,31,160.431964
4772,94,t_x_439,0.31905430647098704,30,160.454173
4773,51,t_x_293,0.33349881435358497,399,160.513943
4774,52,t_x_144,0.33260950631875075,59,160.669720
4775,53,t_x_156,0.3322492503371881,58,160.714640
4776,54,t_x_426,0.32934656915668087,57,160.758128
4777,55,t_x_420,0.328837001787633,56,160.800893
4778,56,t_x_140,0.3279708210237213,55,160.842724
4779,57,t_x_434,0.32795547383667734,54,160.870475
4780,58,t_x_428,0.32790863073303644,53,160.912356
4781,59,t_x_142,0.3279009411221477,52,160.953972
4782,60,t_x_148,0.32773032536471913,51,160.989620
4783,61,t_x_411,0.32753300194262525,50,161.017064
4784,62,t_x_301,0.32545457191610666,49,161.041375
4785,63,t_x_56,0.32519348547158655,48,161.065178
4786,64,t_x_287,0.324896557933668,47,161.089325
4787,65,t_x_286,0.32463937627479783,46,161.126649
4788,66,t_x_292,0.3244666037562576,45,161.161925
4789,67,t_x_41,0.32432807218660503,44,161.196292
4790,68,t_x_253,0.3240743066028985,43,161.219823
4791,69,t_x_53,0.323954494307468,42,161.243441
4792,70,t_x_194,0.3239518020251907,41,161.266807
4793,71,t_x_181,0.32346568703913375,40,161.289822
4794,72,t_x_36,0.32315741763196254,39,161.312894
4795,73,t_x_59,0.3230693864089372,38,161.336444
4796,74,t_x_419,0.323059624125218,37,161.359462
4797,75,t_x_429,0.32064953327757917,36,161.382255
4798,76,t_x_143,0.3203363352962292,35,161.404847
4799,77,t_x_371,0.31997869627072717,34,161.427227
4800,78,t_x_161,0.31993337202310457,33,161.450274
4801,79,t_x_431,0.3195293554421153,32,161.471956
4802,80,t_x_436,0.3195203958746361,31,161.493832
4803,81,t_x_182,0.3192603059870898,30,161.516121
4804,52,t_x_7,0.3333504982591583,398,161.576345
4805,53,t_x_423,0.33279429776079117,86,161.746463
4806,54,t_x_102,0.3327795616365271,85,161.803060
4807,55,t_x_417,0.33220260282135483,84,161.857721
4808,56,t_x_333,0.3316796543199385,83,161.909749
4809,57,t_x_264,0.3315550653762067,82,161.962219
4810,58,t_x_100,0.33060072836282683,81,162.013770
4811,59,t_x_37,0.32979972676975927,80,162.065453
4812,60,t_x_13,0.32947148876779175,79,162.093355
4813,61,t_x_426,0.32934656915668087,36,162.131382
4814,62,t_x_2,0.3292931030611546,35,162.154119
4815,63,t_x_14,0.3274421151063002,34,162.186013
4816,64,t_x_10,0.3272199581788964,33,162.218093
4817,65,t_x_260,0.32650316371008,32,162.250457
4818,66,t_x_22,0.32643339157926643,31,162.271612
4819,67,t_x_8,0.3252872337777598,30,162.292636
4820,68,t_x_1,0.3237047946964038,29,162.322909
4821,69,t_x_191,0.3231065965073835,28,162.354145
4822,53,t_x_85,0.3329427103660081,397,162.410369
4823,54,t_x_86,0.33251677012533615,90,162.593298
4824,55,t_x_75,0.3306908869598732,35,162.635511
4825,56,t_x_129,0.3285813450795422,34,162.656748
4826,57,t_x_122,0.3281171678472218,33,162.678498
4827,58,t_x_79,0.3273105193088242,32,162.700324
4828,59,t_x_19,0.32721141007081767,31,162.731811
4829,60,t_x_229,0.32710653484174335,30,162.752462
4830,61,t_x_22,0.32643339157926643,29,162.774202
4831,62,t_x_31,0.32473594029234726,28,162.794782
4832,61,t_x_426,0.32934656915668087,78,162.838751
4833,62,t_x_2,0.3292931030611546,77,162.866550
4834,63,t_x_201,0.3291212094295495,36,162.903064
4835,64,t_x_343,0.32851280584207715,35,162.925552
4836,65,t_x_14,0.3274421151063002,34,162.946904
4837,66,t_x_10,0.3272199581788964,33,162.986123
4838,67,t_x_104,0.3270224657044486,32,163.022104
4839,68,t_x_22,0.32643339157926643,31,163.044287
4840,69,t_x_339,0.3264010485281532,30,163.065202
4841,70,t_x_8,0.3252872337777598,29,163.086552
4842,71,t_x_253,0.3240743066028985,28,163.117156
4843,63,t_x_201,0.3291212094295495,76,163.153164
4844,64,t_x_343,0.32851280584207715,75,163.182818
4845,65,t_x_14,0.3274421151063002,74,163.230784
4846,66,t_x_331,0.3274126242838769,35,163.266689
4847,67,t_x_10,0.3272199581788964,34,163.287318
4848,68,t_x_104,0.3270224657044486,33,163.319125
4849,69,t_x_192,0.3270128963252965,32,163.339890
4850,70,t_x_260,0.32650316371008,31,163.360061
4851,71,t_x_22,0.32643339157926643,30,163.381899
4852,72,t_x_8,0.3252872337777598,29,163.402131
4853,73,t_x_194,0.3239518020251907,28,163.432779
4854,66,t_x_331,0.3274126242838769,73,163.467399
4855,67,t_x_10,0.3272199581788964,72,163.514325
4856,68,t_x_104,0.3270224657044486,32,163.548275
4857,69,t_x_260,0.32650316371008,31,163.570139
4858,70,t_x_8,0.3252872337777598,30,163.591413
4859,71,t_x_253,0.3240743066028985,29,163.622559
4860,72,t_x_194,0.3239518020251907,28,163.643704
4861,68,t_x_104,0.3270224657044486,71,163.677703
4862,69,t_x_192,0.3270128963252965,70,163.706035
4863,70,t_x_260,0.32650316371008,69,163.753456
4864,71,t_x_22,0.32643339157926643,68,163.800735
4865,72,t_x_339,0.3264010485281532,67,163.826921
4866,73,t_x_8,0.3252872337777598,66,163.852970
4867,74,t_x_253,0.3240743066028985,65,163.897914
4868,75,t_x_194,0.3239518020251907,64,163.924865
4869,76,t_x_16,0.3238783027854283,63,163.969630
4870,77,t_x_1,0.3237047946964038,62,163.995518
4871,78,t_x_35,0.323694450763153,61,164.040824
4872,79,t_x_181,0.32346568703913375,60,164.067189
4873,80,t_x_191,0.3231065965073835,59,164.094761
4874,81,t_x_419,0.323059624125218,58,164.120505
4875,82,t_x_415,0.32298385976283783,57,164.145455
4876,83,t_x_338,0.32264023726710334,56,164.188348
4877,84,t_x_433,0.3218899203392841,55,164.213141
4878,85,t_x_6,0.32156760061632716,54,164.238206
4879,86,t_x_99,0.3215428667997927,53,164.277415
4880,87,t_x_354,0.3213662439305996,52,164.302112
4881,88,t_x_269,0.3207389474023821,51,164.330508
4882,89,t_x_190,0.3203893311707023,50,164.354914
4883,90,t_x_4,0.32030328407467384,49,164.378624
4884,91,t_x_11,0.32017864898743276,48,164.415904
4885,92,t_x_357,0.3201529313354039,47,164.451943
4886,93,t_x_92,0.3201060406698506,46,164.475558
4887,94,t_x_90,0.31975708337557535,45,164.499848
4888,95,t_x_112,0.3197033375206849,44,164.523597
4889,96,t_x_28,0.31963977817813943,43,164.547678
4890,97,t_x_255,0.31961596194100095,42,164.570865
4891,98,t_x_358,0.31957730052731464,41,164.593905
4892,99,t_x_284,0.31956004451484066,40,164.616777
4893,100,t_x_431,0.3195293554421153,39,164.640042
4894,101,t_x_32,0.31928257804655796,38,164.662582
4895,102,t_x_250,0.31910493517402994,37,164.686007
4896,103,t_x_33,0.31907745609654115,36,164.708714
4897,104,t_x_188,0.31901848908761204,35,164.731135
4898,105,t_x_9,0.31880382724696477,34,164.760046
4899,106,t_x_406,0.3187332588205406,33,164.785913
4900,107,t_x_12,0.3186774985671871,32,164.812165
4901,108,t_x_422,0.3183627391269323,31,164.837546
4902,109,t_x_94,0.31824593329857287,30,164.864266
4903,55,t_x_156,0.3322492503371881,89,164.914926
4904,56,t_x_268,0.3320393451891257,88,164.970200
4905,57,t_x_133,0.3319127428670663,87,165.022927
4906,58,t_x_333,0.3316796543199385,86,165.077573
4907,59,t_x_75,0.3306908869598732,85,165.105021
4908,60,t_x_37,0.32979972676975927,84,165.160452
4909,61,t_x_97,0.3290778133744423,83,165.212287
4910,62,t_x_129,0.3285813450795422,82,165.240276
4911,63,t_x_343,0.32851280584207715,81,165.293324
4912,64,t_x_153,0.32837066835719786,80,165.343561
4913,65,t_x_122,0.3281171678472218,79,165.395233
4914,66,t_x_176,0.32783752541092237,78,165.447473
4915,67,t_x_270,0.32783001401543077,77,165.497627
4916,68,t_x_71,0.32765571981761243,76,165.547856
4917,69,t_x_331,0.3274126242838769,75,165.574684
4918,70,t_x_79,0.3273105193088242,74,165.601413
4919,71,t_x_19,0.32721141007081767,29,165.638802
4920,72,t_x_15,0.3268669079888928,28,165.659607
4921,71,t_x_19,0.32721141007081767,73,165.694441
4922,72,t_x_229,0.32710653484174335,72,165.742980
4923,73,t_x_15,0.3268669079888928,71,165.772088
4924,74,t_x_234,0.32669830148764506,70,165.819343
4925,75,t_x_22,0.32643339157926643,69,165.846074
4926,76,t_x_339,0.3264010485281532,68,165.892565
4927,77,t_x_237,0.32638683091703363,67,165.918669
4928,78,t_x_301,0.32545457191610666,66,165.944693
4929,79,t_x_366,0.32490447930058935,65,165.970621
4930,80,t_x_31,0.32473594029234726,64,165.996516
4931,81,t_x_292,0.3244666037562576,63,166.041450
4932,82,t_x_41,0.32432807218660503,62,166.067024
4933,83,t_x_256,0.32401288646770043,61,166.092738
4934,84,t_x_16,0.3238783027854283,60,166.118513
4935,85,t_x_35,0.323694450763153,59,166.161119
4936,86,t_x_300,0.32343917332278554,58,166.186984
4937,87,t_x_151,0.32337424325993264,57,166.212016
4938,88,t_x_131,0.32326796846853334,56,166.237483
4939,89,t_x_36,0.32315741763196254,55,166.262455
4940,90,t_x_338,0.32264023726710334,54,166.287106
4941,91,t_x_27,0.3226116951650698,53,166.310985
4942,92,t_x_241,0.3213790574644039,52,166.336601
4943,93,t_x_91,0.32105979179969935,51,166.361928
4944,94,t_x_368,0.32082819954508945,50,166.386352
4945,95,t_x_363,0.3201927993523778,49,166.410514
4946,96,t_x_128,0.3201485176076543,48,166.434751
4947,97,t_x_92,0.3201060406698506,47,166.458162
4948,98,t_x_272,0.3200110872880186,46,166.482995
4949,99,t_x_280,0.31990873351166077,45,166.506820
4950,100,t_x_28,0.31963977817813943,44,166.530937
4951,101,t_x_312,0.31948945754507085,43,166.553866
4952,102,t_x_252,0.31946986491772833,42,166.577321
4953,103,t_x_235,0.3193493197656214,41,166.600675
4954,104,t_x_63,0.3193462006926152,40,166.623832
4955,105,t_x_32,0.31928257804655796,39,166.646158
4956,106,t_x_246,0.3190836364520209,38,166.668667
4957,107,t_x_121,0.31900809173540023,37,166.691068
4958,108,t_x_344,0.31900478376110813,36,166.713593
4959,109,t_x_70,0.31875483678757077,35,166.735529
4960,110,t_x_406,0.3187332588205406,34,166.757630
4961,111,t_x_310,0.3186284145331494,33,166.779110
4962,112,t_x_364,0.31835288347826046,32,166.801696
4963,113,t_x_175,0.318348868548595,31,166.823972
4964,114,t_x_315,0.3183061176182019,30,166.845509
4965,54,t_x_423,0.33279429776079117,396,166.902443
4966,55,t_x_425,0.33238127630915515,85,167.072614
4967,56,t_x_426,0.32934656915668087,41,167.119168
4968,57,t_x_420,0.328837001787633,40,167.155217
4969,58,t_x_343,0.32851280584207715,39,167.188878
4970,59,t_x_442,0.3284343996107425,38,167.212062
4971,60,t_x_367,0.32833040353733933,37,167.235834
4972,61,t_x_374,0.32811552122135923,36,167.269317
4973,62,t_x_139,0.32800220097911803,35,167.294023
4974,63,t_x_140,0.3279708210237213,34,167.318577
4975,64,t_x_434,0.32795547383667734,33,167.356400
4976,65,t_x_428,0.32790863073303644,32,167.388776
4977,66,t_x_142,0.3279009411221477,31,167.420179
4978,67,t_x_341,0.32680349009166004,30,167.442535
4979,68,t_x_432,0.32631918216853084,29,167.464492
4980,69,t_x_163,0.32498562062928704,28,167.495616
4981,56,t_x_361,0.33157642028416945,84,167.532727
4982,57,t_x_332,0.33044324480598997,83,167.591374
4983,58,t_x_37,0.32979972676975927,82,167.646333
4984,59,t_x_426,0.32934656915668087,81,167.676886
4985,60,t_x_420,0.328837001787633,32,167.718546
4986,61,t_x_343,0.32851280584207715,31,167.751047
4987,62,t_x_442,0.3284343996107425,30,167.773859
4988,63,t_x_139,0.32800220097911803,29,167.796230
4989,64,t_x_434,0.32795547383667734,28,167.818157
4990,60,t_x_420,0.328837001787633,80,167.863568
4991,61,t_x_442,0.3284343996107425,34,167.903694
4992,62,t_x_367,0.32833040353733933,33,167.925918
4993,63,t_x_374,0.32811552122135923,32,167.950723
4994,64,t_x_139,0.32800220097911803,31,167.983190
4995,65,t_x_140,0.3279708210237213,30,168.011135
4996,66,t_x_434,0.32795547383667734,29,168.048518
4997,67,t_x_428,0.32790863073303644,28,168.080042
4998,61,t_x_318,0.3286139811380062,79,168.125779
4999,62,t_x_129,0.3285813450795422,78,168.155555
5000,63,t_x_343,0.32851280584207715,77,168.187901
5001,64,t_x_442,0.3284343996107425,76,168.218961
5002,65,t_x_367,0.32833040353733933,75,168.250072
5003,66,t_x_374,0.32811552122135923,74,168.300551
5004,67,t_x_139,0.32800220097911803,73,168.350094
5005,68,t_x_140,0.3279708210237213,72,168.400615
5006,69,t_x_434,0.32795547383667734,71,168.450209
5007,70,t_x_428,0.32790863073303644,33,168.486598
5008,71,t_x_142,0.3279009411221477,32,168.518531
5009,72,t_x_341,0.32680349009166004,31,168.541197
5010,73,t_x_432,0.32631918216853084,30,168.563394
5011,74,t_x_163,0.32498562062928704,29,168.594788
5012,75,t_x_340,0.32488452727089095,28,168.616996
5013,70,t_x_428,0.32790863073303644,70,168.653475
5014,71,t_x_142,0.3279009411221477,35,168.692246
5015,72,t_x_132,0.3268587771808999,34,168.715907
5016,73,t_x_341,0.32680349009166004,33,168.738907
5017,74,t_x_432,0.32631918216853084,32,168.761816
5018,75,t_x_163,0.32498562062928704,31,168.793617
5019,76,t_x_340,0.32488452727089095,30,168.816134
5020,77,t_x_147,0.32449028000274377,29,168.838624
5021,78,t_x_292,0.3244666037562576,28,168.860181
5022,55,t_x_102,0.3327795616365271,395,168.918176
5023,56,t_x_144,0.33260950631875075,77,169.061447
5024,57,t_x_86,0.33251677012533615,76,169.111373
5025,58,t_x_133,0.3319127428670663,75,169.138391
5026,59,t_x_75,0.3306908869598732,74,169.187915
5027,60,t_x_100,0.33060072836282683,73,169.214507
5028,61,t_x_373,0.3291839228566644,39,169.250162
5029,62,t_x_97,0.3290778133744423,38,169.272474
5030,63,t_x_318,0.3286139811380062,37,169.305950
5031,64,t_x_129,0.3285813450795422,36,169.327379
5032,65,t_x_149,0.3281587594035913,35,169.359761
5033,66,t_x_142,0.3279009411221477,34,169.381004
5034,67,t_x_148,0.32773032536471913,33,169.402161
5035,68,t_x_172,0.32742867952012167,32,169.423226
5036,69,t_x_10,0.3272199581788964,31,169.444008
5037,70,t_x_104,0.3270224657044486,30,169.464829
5038,71,t_x_101,0.32643855400786287,29,169.495980
5039,72,t_x_194,0.3239518020251907,28,169.527167
5040,71,t_x_142,0.3279009411221477,69,169.570114
5041,72,t_x_10,0.3272199581788964,68,169.597573
5042,73,t_x_132,0.3268587771808999,67,169.625505
5043,74,t_x_341,0.32680349009166004,66,169.652733
5044,75,t_x_432,0.32631918216853084,65,169.679365
5045,76,t_x_369,0.3257086592576262,30,169.713346
5046,77,t_x_163,0.32498562062928704,29,169.735695
5047,78,t_x_232,0.32481809607848655,28,169.757163
5048,76,t_x_369,0.3257086592576262,64,169.800245
5049,77,t_x_8,0.3252872337777598,63,169.851214
5050,78,t_x_163,0.32498562062928704,62,169.878954
5051,79,t_x_340,0.32488452727089095,61,169.924615
5052,80,t_x_232,0.32481809607848655,60,169.950843
5053,81,t_x_336,0.32462792849298816,59,169.977350
5054,82,t_x_147,0.32449028000274377,58,170.003826
5055,83,t_x_292,0.3244666037562576,57,170.060961
5056,84,t_x_304,0.3231550820374737,56,170.103730
5057,85,t_x_338,0.32264023726710334,55,170.130755
5058,86,t_x_433,0.3218899203392841,54,170.155989
5059,87,t_x_375,0.32083768524015677,53,170.197316
5060,88,t_x_429,0.32064953327757917,52,170.222575
5061,89,t_x_162,0.32046107090717313,51,170.259690
5062,90,t_x_143,0.3203363352962292,50,170.284556
5063,91,t_x_317,0.32030211942610837,49,170.309168
5064,92,t_x_435,0.32023988121854285,48,170.335980
5065,93,t_x_155,0.3200636541751233,47,170.364401
5066,94,t_x_371,0.31997869627072717,46,170.389341
5067,95,t_x_437,0.3199783566261846,45,170.413306
5068,96,t_x_161,0.31993337202310457,44,170.438248
5069,97,t_x_39,0.3197549282209896,43,170.461924
5070,98,t_x_319,0.3196661549508256,42,170.485846
5071,99,t_x_431,0.3195293554421153,41,170.509841
5072,100,t_x_370,0.3195182550040618,40,170.544811
5073,101,t_x_160,0.31941654628814786,39,170.568130
5074,102,t_x_32,0.31928257804655796,38,170.591295
5075,103,t_x_427,0.3192083979091698,37,170.614103
5076,104,t_x_384,0.3190740655960574,36,170.636822
5077,105,t_x_439,0.31905430647098704,35,170.659704
5078,106,t_x_121,0.31900809173540023,34,170.682395
5079,107,t_x_321,0.3189184288017534,33,170.705113
5080,108,t_x_9,0.31880382724696477,32,170.727224
5081,109,t_x_422,0.3183627391269323,31,170.750035
5082,110,t_x_322,0.31830740841254235,30,170.771263
5083,61,t_x_373,0.3291839228566644,72,170.817095
5084,62,t_x_97,0.3290778133744423,71,170.843018
5085,63,t_x_318,0.3286139811380062,31,170.877659
5086,64,t_x_149,0.3281587594035913,30,170.898778
5087,65,t_x_145,0.32726340919038455,29,170.919574
5088,66,t_x_10,0.3272199581788964,28,170.940433
5089,63,t_x_318,0.3286139811380062,70,170.974478
5090,64,t_x_129,0.3285813450795422,69,171.000412
5091,65,t_x_66,0.32837626014866994,68,171.057447
5092,66,t_x_149,0.3281587594035913,67,171.106626
5093,67,t_x_140,0.3279708210237213,66,171.152805
5094,68,t_x_142,0.3279009411221477,65,171.178560
5095,69,t_x_148,0.32773032536471913,64,171.206430
5096,70,t_x_172,0.32742867952012167,63,171.251619
5097,71,t_x_169,0.32737452520812826,62,171.294961
5098,72,t_x_145,0.32726340919038455,61,171.338187
5099,73,t_x_10,0.3272199581788964,60,171.363592
5100,74,t_x_104,0.3270224657044486,59,171.389930
5101,75,t_x_101,0.32643855400786287,29,171.421903
5102,76,t_x_369,0.3257086592576262,28,171.453295
5103,75,t_x_101,0.32643855400786287,58,171.486779
5104,76,t_x_369,0.3257086592576262,57,171.529884
5105,77,t_x_366,0.32490447930058935,56,171.554406
5106,78,t_x_194,0.3239518020251907,55,171.578586
5107,79,t_x_446,0.32394544265052777,54,171.620307
5108,80,t_x_1,0.3237047946964038,53,171.644444
5109,81,t_x_328,0.3235503395467524,52,171.668885
5110,82,t_x_131,0.32326796846853334,51,171.692530
5111,83,t_x_191,0.3231065965073835,50,171.734442
5112,84,t_x_99,0.3215428667997927,49,171.770659
5113,85,t_x_327,0.3211406740627265,48,171.807062
5114,86,t_x_91,0.32105979179969935,47,171.829783
5115,87,t_x_95,0.32077476127869986,46,171.865134
5116,88,t_x_135,0.32055137576989046,45,171.900553
5117,89,t_x_190,0.3203893311707023,44,171.923794
5118,90,t_x_317,0.32030211942610837,43,171.959257
5119,91,t_x_128,0.3201485176076543,42,171.981943
5120,92,t_x_92,0.3201060406698506,41,172.004224
5121,93,t_x_447,0.3201059070916388,40,172.026693
5122,94,t_x_449,0.3200522998991134,39,172.049356
5123,95,t_x_90,0.31975708337557535,38,172.071886
5124,96,t_x_93,0.31969098511900007,37,172.093419
5125,97,t_x_284,0.31956004451484066,36,172.126703
5126,98,t_x_279,0.3193139926659193,35,172.148992
5127,99,t_x_443,0.31919004525908323,34,172.170622
5128,100,t_x_329,0.3191806753137926,33,172.192505
5129,101,t_x_188,0.31901848908761204,32,172.213893
5130,102,t_x_389,0.3190051244560763,31,172.235317
5131,103,t_x_9,0.31880382724696477,30,172.256328
5132,56,t_x_144,0.33260950631875075,394,172.313441
5133,57,t_x_156,0.3322492503371881,83,172.472028
5134,58,t_x_133,0.3319127428670663,82,172.525537
5135,59,t_x_177,0.3304125989308909,81,172.577325
5136,60,t_x_426,0.32934656915668087,80,172.628858
5137,61,t_x_97,0.3290778133744423,79,172.680007
5138,62,t_x_420,0.328837001787633,78,172.710397
5139,63,t_x_150,0.3286823076073712,77,172.762652
5140,64,t_x_149,0.3281587594035913,76,172.813854
5141,65,t_x_139,0.32800220097911803,30,172.853319
5142,66,t_x_140,0.3279708210237213,29,172.884219
5143,67,t_x_142,0.3279009411221477,28,172.914283
5144,65,t_x_139,0.32800220097911803,75,172.958784
5145,66,t_x_140,0.3279708210237213,36,172.995100
5146,67,t_x_428,0.32790863073303644,35,173.026702
5147,68,t_x_142,0.3279009411221477,34,173.055757
5148,69,t_x_148,0.32773032536471913,33,173.091519
5149,70,t_x_236,0.3274205406343998,32,173.123055
5150,71,t_x_145,0.32726340919038455,31,173.154190
5151,72,t_x_132,0.3268587771808999,30,173.174658
5152,73,t_x_101,0.32643855400786287,29,173.195793
5153,74,t_x_237,0.32638683091703363,28,173.216739
5154,66,t_x_140,0.3279708210237213,74,173.252742
5155,67,t_x_434,0.32795547383667734,35,173.286116
5156,68,t_x_142,0.3279009411221477,34,173.318274
5157,69,t_x_148,0.32773032536471913,33,173.350284
5158,70,t_x_145,0.32726340919038455,32,173.382533
5159,71,t_x_132,0.3268587771808999,31,173.413851
5160,72,t_x_239,0.32682813220844253,30,173.435117
5161,73,t_x_432,0.32631918216853084,29,173.466206
5162,74,t_x_163,0.32498562062928704,28,173.486789
5163,67,t_x_434,0.32795547383667734,73,173.521557
5164,68,t_x_428,0.32790863073303644,72,173.576593
5165,69,t_x_142,0.3279009411221477,71,173.625159
5166,70,t_x_176,0.32783752541092237,70,173.672986
5167,71,t_x_400,0.3277550551348225,69,173.702922
5168,72,t_x_148,0.32773032536471913,68,173.730294
5169,73,t_x_71,0.32765571981761243,67,173.778288
5170,74,t_x_236,0.3274205406343998,66,173.804286
5171,75,t_x_145,0.32726340919038455,65,173.850370
5172,76,t_x_132,0.3268587771808999,64,173.895268
5173,77,t_x_239,0.32682813220844253,63,173.941605
5174,78,t_x_101,0.32643855400786287,62,173.986948
5175,79,t_x_237,0.32638683091703363,61,174.013110
5176,80,t_x_432,0.32631918216853084,60,174.041109
5177,81,t_x_163,0.32498562062928704,59,174.084642
5178,82,t_x_232,0.32481809607848655,58,174.110167
5179,83,t_x_147,0.32449028000274377,57,174.136058
5180,84,t_x_167,0.3242644250523776,56,174.177289
5181,85,t_x_253,0.3240743066028985,55,174.202701
5182,86,t_x_225,0.32404935223887216,54,174.244676
5183,87,t_x_74,0.323802536529808,53,174.269984
5184,88,t_x_408,0.3235294581808897,52,174.295079
5185,89,t_x_138,0.3221951617760623,51,174.320336
5186,90,t_x_241,0.3213790574644039,50,174.357195
5187,91,t_x_95,0.32077476127869986,49,174.381621
5188,92,t_x_135,0.32055137576989046,48,174.410913
5189,93,t_x_162,0.32046107090717313,47,174.446705
5190,94,t_x_249,0.3203398526266621,46,174.470994
5191,95,t_x_143,0.3203363352962292,45,174.494571
5192,96,t_x_231,0.32026074926974174,44,174.530065
5193,97,t_x_435,0.32023988121854285,43,174.554186
5194,98,t_x_128,0.3201485176076543,42,174.577219
5195,99,t_x_447,0.3201059070916388,41,174.600547
5196,100,t_x_449,0.3200522998991134,40,174.623936
5197,101,t_x_93,0.31969098511900007,39,174.646580
5198,102,t_x_431,0.3195293554421153,38,174.670206
5199,103,t_x_252,0.31946986491772833,37,174.692936
5200,104,t_x_160,0.31941654628814786,36,174.715172
5201,105,t_x_242,0.3193170507532921,35,174.738000
5202,106,t_x_279,0.3193139926659193,34,174.760739
5203,107,t_x_244,0.31920743172188837,33,174.783736
5204,108,t_x_250,0.31910493517402994,32,174.806016
5205,109,t_x_121,0.31900809173540023,31,174.828521
5206,110,t_x_120,0.31880171171540855,30,174.850726
5207,57,t_x_165,0.3325348186944436,393,174.909794
5208,58,t_x_86,0.33251677012533615,80,175.065580
5209,59,t_x_268,0.3320393451891257,79,175.118036
5210,60,t_x_133,0.3319127428670663,78,175.173756
5211,61,t_x_264,0.3315550653762067,77,175.223850
5212,62,t_x_177,0.3304125989308909,76,175.275966
5213,63,t_x_37,0.32979972676975927,35,175.315948
5214,64,t_x_122,0.3281171678472218,34,175.338181
5215,65,t_x_176,0.32783752541092237,33,175.359807
5216,66,t_x_270,0.32783001401543077,32,175.392191
5217,67,t_x_411,0.32753300194262525,31,175.413871
5218,68,t_x_172,0.32742867952012167,30,175.434716
5219,69,t_x_236,0.3274205406343998,29,175.457299
5220,70,t_x_169,0.32737452520812826,28,175.479253
5221,63,t_x_37,0.32979972676975927,75,175.524135
5222,64,t_x_442,0.3284343996107425,74,175.575020
5223,65,t_x_122,0.3281171678472218,73,175.625734
5224,66,t_x_142,0.3279009411221477,72,175.674338
5225,67,t_x_176,0.32783752541092237,71,175.703665
5226,68,t_x_270,0.32783001401543077,70,175.754838
5227,69,t_x_411,0.32753300194262525,69,175.803983
5228,70,t_x_172,0.32742867952012167,68,175.850415
5229,71,t_x_169,0.32737452520812826,32,175.884485
5230,72,t_x_168,0.3271013922953005,31,175.917004
5231,73,t_x_192,0.3270128963252965,30,175.937937
5232,74,t_x_239,0.32682813220844253,29,175.959702
5233,75,t_x_171,0.32614527961942785,28,175.981905
5234,71,t_x_236,0.3274205406343998,67,176.016165
5235,72,t_x_169,0.32737452520812826,66,176.042550
5236,73,t_x_168,0.3271013922953005,28,176.075729
5237,58,t_x_86,0.33251677012533615,392,176.132125
5238,59,t_x_361,0.33157642028416945,89,176.310883
5239,60,t_x_75,0.3306908869598732,88,176.340565
5240,61,t_x_62,0.32853857799150243,33,176.386575
5241,62,t_x_122,0.3281171678472218,32,176.409169
5242,63,t_x_79,0.3273105193088242,31,176.430961
5243,64,t_x_19,0.32721141007081767,30,176.452673
5244,65,t_x_167,0.3242644250523776,29,176.474624
5245,66,t_x_253,0.3240743066028985,28,176.496891
5246,73,t_x_168,0.3271013922953005,65,176.540461
5247,74,t_x_192,0.3270128963252965,64,176.585377
5248,75,t_x_239,0.32682813220844253,63,176.630362
5249,76,t_x_171,0.32614527961942785,62,176.674766
5250,77,t_x_166,0.32545563514268605,61,176.719649
5251,78,t_x_245,0.32478719540614975,60,176.763634
5252,79,t_x_167,0.3242644250523776,59,176.789041
5253,80,t_x_53,0.323954494307468,58,176.833219
5254,81,t_x_446,0.32394544265052777,57,176.858617
5255,82,t_x_251,0.32383884010279435,56,176.883444
5256,83,t_x_130,0.3237189430626469,55,176.909026
5257,84,t_x_36,0.32315741763196254,54,176.933800
5258,85,t_x_191,0.3231065965073835,53,176.958681
5259,86,t_x_59,0.3230693864089372,52,176.985436
5260,87,t_x_415,0.32298385976283783,51,177.010048
5261,88,t_x_138,0.3221951617760623,50,177.034504
5262,89,t_x_241,0.3213790574644039,49,177.064515
5263,90,t_x_354,0.3213662439305996,48,177.095608
5264,91,t_x_95,0.32077476127869986,47,177.119485
5265,92,t_x_135,0.32055137576989046,46,177.143161
5266,93,t_x_447,0.3201059070916388,45,177.166657
5267,94,t_x_90,0.31975708337557535,44,177.189879
5268,95,t_x_379,0.31970047243472205,43,177.212685
5269,96,t_x_255,0.31961596194100095,42,177.235344
5270,97,t_x_284,0.31956004451484066,41,177.259836
5271,98,t_x_187,0.3195347061135602,40,177.282445
5272,99,t_x_235,0.3193493197656214,39,177.304544
5273,100,t_x_281,0.3191887990043659,38,177.327290
5274,101,t_x_250,0.31910493517402994,37,177.349199
5275,102,t_x_384,0.3190740655960574,36,177.371482
5276,103,t_x_58,0.3188222732541668,35,177.392839
5277,104,t_x_382,0.31876090221757525,34,177.414735
5278,105,t_x_406,0.3187332588205406,33,177.436305
5279,106,t_x_405,0.3184748756480654,32,177.458358
5280,107,t_x_30,0.3183566377299701,31,177.480147
5281,108,t_x_175,0.318348868548595,30,177.502166
5282,59,t_x_425,0.33238127630915515,391,177.558554
5283,60,t_x_426,0.32934656915668087,81,177.709790
5284,61,t_x_420,0.328837001787633,37,177.750076
5285,62,t_x_343,0.32851280584207715,36,177.784072
5286,63,t_x_442,0.3284343996107425,35,177.807217
5287,64,t_x_139,0.32800220097911803,34,177.830689
5288,65,t_x_434,0.32795547383667734,33,177.852959
5289,66,t_x_428,0.32790863073303644,32,177.884548
5290,67,t_x_142,0.3279009411221477,31,177.916318
5291,68,t_x_145,0.32726340919038455,30,177.938416
5292,69,t_x_341,0.32680349009166004,29,177.960388
5293,70,t_x_432,0.32631918216853084,28,177.982670
5294,61,t_x_420,0.328837001787633,80,178.028708
5295,62,t_x_442,0.3284343996107425,38,178.066158
5296,63,t_x_153,0.32837066835719786,37,178.089480
5297,64,t_x_367,0.32833040353733933,36,178.113049
5298,65,t_x_374,0.32811552122135923,35,178.147007
5299,66,t_x_139,0.32800220097911803,34,178.180918
5300,67,t_x_140,0.3279708210237213,33,178.205491
5301,68,t_x_434,0.32795547383667734,32,178.239043
5302,69,t_x_428,0.32790863073303644,31,178.271073
5303,70,t_x_148,0.32773032536471913,30,178.303141
5304,71,t_x_331,0.3274126242838769,29,178.325065
5305,72,t_x_145,0.32726340919038455,28,178.347315
5306,62,t_x_150,0.3286823076073712,79,178.384058
5307,63,t_x_343,0.32851280584207715,78,178.440163
5308,64,t_x_442,0.3284343996107425,77,178.492721
5309,65,t_x_153,0.32837066835719786,76,178.520972
5310,66,t_x_367,0.32833040353733933,75,178.571151
5311,67,t_x_122,0.3281171678472218,74,178.621592
5312,68,t_x_374,0.32811552122135923,73,178.649782
5313,69,t_x_139,0.32800220097911803,72,178.700166
5314,70,t_x_140,0.3279708210237213,71,178.751067
5315,71,t_x_434,0.32795547383667734,70,178.801362
5316,72,t_x_428,0.32790863073303644,38,178.837015
5317,73,t_x_142,0.3279009411221477,37,178.871278
5318,74,t_x_148,0.32773032536471913,36,178.894672
5319,75,t_x_331,0.3274126242838769,35,178.917616
5320,76,t_x_145,0.32726340919038455,34,178.940156
5321,77,t_x_341,0.32680349009166004,33,178.963076
5322,78,t_x_432,0.32631918216853084,32,178.985806
5323,79,t_x_163,0.32498562062928704,31,179.010075
5324,80,t_x_287,0.324896557933668,30,179.032285
5325,81,t_x_36,0.32315741763196254,29,179.055359
5326,82,t_x_304,0.3231550820374737,28,179.078306
5327,72,t_x_428,0.32790863073303644,69,179.114748
5328,73,t_x_142,0.3279009411221477,30,179.150988
5329,74,t_x_148,0.32773032536471913,29,179.172711
5330,75,t_x_145,0.32726340919038455,28,179.194204
5331,73,t_x_142,0.3279009411221477,68,179.229227
5332,74,t_x_148,0.32773032536471913,67,179.256360
5333,75,t_x_331,0.3274126242838769,66,179.302840
5334,76,t_x_145,0.32726340919038455,65,179.334043
5335,77,t_x_341,0.32680349009166004,64,179.363441
5336,78,t_x_432,0.32631918216853084,63,179.390027
5337,79,t_x_163,0.32498562062928704,62,179.434453
5338,80,t_x_287,0.324896557933668,61,179.478615
5339,81,t_x_1,0.3237047946964038,60,179.505588
5340,82,t_x_300,0.32343917332278554,59,179.533882
5341,83,t_x_36,0.32315741763196254,58,179.560341
5342,84,t_x_304,0.3231550820374737,57,179.586391
5343,85,t_x_338,0.32264023726710334,56,179.613322
5344,86,t_x_138,0.3221951617760623,55,179.639014
5345,87,t_x_433,0.3218899203392841,54,179.682087
5346,88,t_x_6,0.32156760061632716,53,179.723602
5347,89,t_x_375,0.32083768524015677,52,179.755317
5348,90,t_x_368,0.32082819954508945,51,179.781085
5349,91,t_x_429,0.32064953327757917,50,179.806409
5350,92,t_x_324,0.3205857039195655,49,179.854388
5351,93,t_x_162,0.32046107090717313,48,179.884695
5352,94,t_x_143,0.3203363352962292,47,179.915900
5353,95,t_x_11,0.32017864898743276,46,179.944737
5354,96,t_x_449,0.3200522998991134,45,179.975172
5355,97,t_x_437,0.3199783566261846,44,180.004820
5356,98,t_x_161,0.31993337202310457,43,180.034621
5357,99,t_x_319,0.3196661549508256,42,180.063213
5358,100,t_x_431,0.3195293554421153,41,180.092398
5359,101,t_x_436,0.3195203958746361,40,180.127222
5360,102,t_x_370,0.3195182550040618,39,180.151302
5361,103,t_x_312,0.31948945754507085,38,180.174767
5362,104,t_x_235,0.3193493197656214,37,180.197962
5363,105,t_x_238,0.3192659625599451,36,180.221073
5364,106,t_x_427,0.3192083979091698,35,180.244246
5365,107,t_x_384,0.3190740655960574,34,180.266250
5366,108,t_x_439,0.31905430647098704,33,180.289272
5367,109,t_x_344,0.31900478376110813,32,180.311660
5368,110,t_x_120,0.31880171171540855,31,180.333820
5369,111,t_x_310,0.3186284145331494,30,180.356069
5370,61,t_x_177,0.3304125989308909,87,180.402619
5371,62,t_x_373,0.3291839228566644,86,180.456368
5372,63,t_x_318,0.3286139811380062,85,180.484419
5373,64,t_x_129,0.3285813450795422,84,180.512157
5374,65,t_x_62,0.32853857799150243,83,180.566575
5375,66,t_x_122,0.3281171678472218,82,180.594070
5376,67,t_x_79,0.3273105193088242,81,180.649103
5377,68,t_x_19,0.32721141007081767,80,180.702276
5378,69,t_x_229,0.32710653484174335,79,180.751525
5379,70,t_x_168,0.3271013922953005,78,180.779388
5380,71,t_x_132,0.3268587771808999,77,180.831800
5381,72,t_x_22,0.32643339157926643,76,180.880484
5382,73,t_x_171,0.32614527961942785,75,180.929206
5383,74,t_x_226,0.3256741836549671,74,180.980636
5384,75,t_x_31,0.32473594029234726,73,181.010362
5385,76,t_x_292,0.3244666037562576,72,181.057918
5386,77,t_x_167,0.3242644250523776,71,181.105829
5387,78,t_x_253,0.3240743066028985,70,181.152995
5388,79,t_x_251,0.32383884010279435,69,181.179603
5389,80,t_x_74,0.323802536529808,68,181.206305
5390,81,t_x_130,0.3237189430626469,67,181.235035
5391,82,t_x_35,0.323694450763153,66,181.281591
5392,83,t_x_300,0.32343917332278554,65,181.327543
5393,84,t_x_36,0.32315741763196254,64,181.354398
5394,85,t_x_99,0.3215428667997927,63,181.380602
5395,86,t_x_241,0.3213790574644039,62,181.406594
5396,87,t_x_368,0.32082819954508945,61,181.432683
5397,88,t_x_162,0.32046107090717313,60,181.458253
5398,89,t_x_363,0.3201927993523778,59,181.484293
5399,90,t_x_128,0.3201485176076543,58,181.510273
5400,91,t_x_92,0.3201060406698506,57,181.552896
5401,92,t_x_280,0.31990873351166077,56,181.578089
5402,93,t_x_39,0.3197549282209896,55,181.620520
5403,94,t_x_257,0.3196862469239287,54,181.645799
5404,95,t_x_255,0.31961596194100095,53,181.670834
5405,96,t_x_370,0.3195182550040618,52,181.694975
5406,97,t_x_160,0.31941654628814786,51,181.719806
5407,98,t_x_242,0.3193170507532921,50,181.744060
5408,99,t_x_279,0.3193139926659193,49,181.767963
5409,100,t_x_32,0.31928257804655796,48,181.792448
5410,101,t_x_244,0.31920743172188837,47,181.815989
5411,102,t_x_281,0.3191887990043659,46,181.839915
5412,103,t_x_250,0.31910493517402994,45,181.863774
5413,104,t_x_33,0.31907745609654115,44,181.887504
5414,105,t_x_121,0.31900809173540023,43,181.911340
5415,106,t_x_414,0.31898229808373346,42,181.934721
5416,107,t_x_321,0.3189184288017534,41,181.958544
5417,108,t_x_406,0.3187332588205406,40,181.981934
5418,109,t_x_310,0.3186284145331494,39,182.005211
5419,110,t_x_247,0.3185092782668806,38,182.027748
5420,111,t_x_30,0.3183566377299701,37,182.050216
5421,112,t_x_175,0.318348868548595,36,182.073044
5422,113,t_x_40,0.3182723724320793,35,182.095758
5423,114,t_x_96,0.3181829080367553,34,182.118461
5424,115,t_x_391,0.31818185738335797,33,182.140699
5425,116,t_x_43,0.31810725726167277,32,182.162914
5426,117,t_x_230,0.3177190400122357,31,182.184704
5427,118,t_x_124,0.31766996104254247,30,182.207027
5428,60,t_x_65,0.3322614622728081,390,182.265281
5429,61,t_x_361,0.33157642028416945,93,182.432449
5430,62,t_x_150,0.3286823076073712,92,182.491614
5431,63,t_x_62,0.32853857799150243,91,182.547367
5432,64,t_x_442,0.3284343996107425,34,182.591817
5433,65,t_x_66,0.32837626014866994,33,182.614028
5434,66,t_x_68,0.32792695399343874,32,182.645398
5435,67,t_x_71,0.32765571981761243,31,182.677499
5436,68,t_x_239,0.32682813220844253,30,182.709255
5437,69,t_x_245,0.32478719540614975,29,182.730800
5438,70,t_x_147,0.32449028000274377,28,182.752129
5439,64,t_x_442,0.3284343996107425,90,182.787960
5440,65,t_x_66,0.32837626014866994,89,182.841414
5441,66,t_x_374,0.32811552122135923,43,182.881459
5442,67,t_x_140,0.3279708210237213,42,182.905579
5443,68,t_x_68,0.32792695399343874,41,182.930121
5444,69,t_x_71,0.32765571981761243,40,182.964271
5445,70,t_x_104,0.3270224657044486,39,182.997699
5446,71,t_x_147,0.32449028000274377,38,183.020862
5447,72,t_x_253,0.3240743066028985,37,183.043030
5448,73,t_x_72,0.32396974378127846,36,183.065321
5449,74,t_x_74,0.323802536529808,35,183.098278
5450,75,t_x_350,0.3220023172227456,34,183.131247
5451,76,t_x_91,0.32105979179969935,33,183.152991
5452,77,t_x_61,0.3206324300073691,32,183.175343
5453,78,t_x_449,0.3200522998991134,31,183.208182
5454,79,t_x_351,0.3198275341993695,30,183.229424
5455,80,t_x_252,0.31946986491772833,29,183.251320
5456,81,t_x_63,0.3193462006926152,28,183.272546
5457,61,t_x_156,0.3322492503371881,389,183.337184
5458,62,t_x_75,0.3306908869598732,73,183.493208
5459,63,t_x_37,0.32979972676975927,72,183.541998
5460,64,t_x_426,0.32934656915668087,71,183.589588
5461,65,t_x_373,0.3291839228566644,70,183.636475
5462,66,t_x_150,0.3286823076073712,69,183.683619
5463,67,t_x_153,0.32837066835719786,32,183.719515
5464,68,t_x_428,0.32790863073303644,31,183.752195
5465,69,t_x_236,0.3274205406343998,30,183.771971
5466,70,t_x_145,0.32726340919038455,29,183.792365
5467,71,t_x_56,0.32519348547158655,28,183.813143
5468,66,t_x_153,0.32837066835719786,88,183.855572
5469,67,t_x_149,0.3281587594035913,87,183.887274
5470,68,t_x_374,0.32811552122135923,86,183.942182
5471,69,t_x_139,0.32800220097911803,85,183.971517
5472,70,t_x_140,0.3279708210237213,84,184.023906
5473,71,t_x_68,0.32792695399343874,83,184.077076
5474,72,t_x_148,0.32773032536471913,34,184.117843
5475,73,t_x_71,0.32765571981761243,33,184.140641
5476,74,t_x_226,0.3256741836549671,32,184.172522
5477,75,t_x_245,0.32478719540614975,31,184.194755
5478,76,t_x_72,0.32396974378127846,30,184.217361
5479,77,t_x_74,0.323802536529808,29,184.240322
5480,78,t_x_304,0.3231550820374737,28,184.271460
5481,72,t_x_148,0.32773032536471913,82,184.307105
5482,73,t_x_71,0.32765571981761243,81,184.334884
5483,74,t_x_256,0.32401288646770043,35,184.376702
5484,75,t_x_72,0.32396974378127846,34,184.398726
5485,76,t_x_194,0.3239518020251907,33,184.432523
5486,77,t_x_74,0.323802536529808,32,184.454665
5487,78,t_x_350,0.3220023172227456,31,184.487397
5488,79,t_x_61,0.3206324300073691,30,184.509047
5489,80,t_x_351,0.3198275341993695,29,184.540493
5490,81,t_x_222,0.31980409393388687,28,184.561895
5491,74,t_x_104,0.3270224657044486,80,184.597025
5492,75,t_x_239,0.32682813220844253,79,184.625139
5493,76,t_x_226,0.3256741836549671,78,184.677510
5494,77,t_x_301,0.32545457191610666,77,184.705261
5495,78,t_x_245,0.32478719540614975,76,184.733691
5496,79,t_x_147,0.32449028000274377,75,184.762119
5497,80,t_x_253,0.3240743066028985,74,184.789137
5498,81,t_x_256,0.32401288646770043,73,184.816293
5499,82,t_x_72,0.32396974378127846,72,184.843794
5500,83,t_x_194,0.3239518020251907,71,185.025280
5501,84,t_x_74,0.323802536529808,70,185.059449
5502,85,t_x_300,0.32343917332278554,69,185.109618
5503,86,t_x_304,0.3231550820374737,68,185.136235
5504,87,t_x_350,0.3220023172227456,67,185.162907
5505,88,t_x_91,0.32105979179969935,66,185.188937
5506,89,t_x_368,0.32082819954508945,65,185.226892
5507,90,t_x_61,0.3206324300073691,64,185.255832
5508,91,t_x_249,0.3203398526266621,63,185.301380
5509,92,t_x_435,0.32023988121854285,62,185.326875
5510,93,t_x_357,0.3201529313354039,61,185.353157
5511,94,t_x_449,0.3200522998991134,60,185.378365
5512,95,t_x_351,0.3198275341993695,59,185.403359
5513,96,t_x_222,0.31980409393388687,58,185.427956
5514,97,t_x_255,0.31961596194100095,57,185.453105
5515,98,t_x_252,0.31946986491772833,56,185.478151
5516,99,t_x_63,0.3193462006926152,55,185.503088
5517,100,t_x_242,0.3193170507532921,54,185.547388
5518,101,t_x_238,0.3192659625599451,53,185.573179
5519,102,t_x_33,0.31907745609654115,52,185.597708
5520,103,t_x_188,0.31901848908761204,51,185.622244
5521,104,t_x_58,0.3188222732541668,50,185.646376
5522,105,t_x_70,0.31875483678757077,49,185.670234
5523,106,t_x_69,0.3187309179251806,48,185.705929
5524,107,t_x_263,0.318706573347225,47,185.741475
5525,108,t_x_310,0.3186284145331494,46,185.765628
5526,109,t_x_356,0.31860603215529865,45,185.789688
5527,110,t_x_30,0.3183566377299701,44,185.813314
5528,111,t_x_40,0.3182723724320793,43,185.836892
5529,112,t_x_47,0.3182127841880249,42,185.860246
5530,113,t_x_228,0.31819200239238543,41,185.883664
5531,114,t_x_96,0.3181829080367553,40,185.906914
5532,115,t_x_391,0.31818185738335797,39,185.930166
5533,116,t_x_60,0.318135541005953,38,185.951986
5534,117,t_x_136,0.3180954596352299,37,185.974241
5535,118,t_x_243,0.3178222164750265,36,185.996552
5536,119,t_x_265,0.31635471567331763,35,186.019268
5537,120,t_x_254,0.3160609246666214,34,186.042186
5538,121,t_x_152,0.31596936175922885,33,186.064176
5539,122,t_x_115,0.31596887964449616,32,186.086543
5540,123,t_x_185,0.31520648792151984,31,186.109065
5541,124,t_x_398,0.315085601213149,30,186.130917
5542,62,t_x_417,0.33220260282135483,388,186.190629
5543,63,t_x_75,0.3306908869598732,68,186.342296
5544,64,t_x_332,0.33044324480598997,67,186.393429
5545,65,t_x_177,0.3304125989308909,66,186.440650
5546,66,t_x_13,0.32947148876779175,65,186.487298
5547,67,t_x_139,0.32800220097911803,64,186.533474
5548,68,t_x_411,0.32753300194262525,63,186.560200
5549,69,t_x_236,0.3274205406343998,32,186.590894
5550,70,t_x_10,0.3272199581788964,31,186.613808
5551,71,t_x_15,0.3268669079888928,30,186.635692
5552,72,t_x_226,0.3256741836549671,29,186.658028
5553,73,t_x_352,0.3243614895021832,28,186.680552
5554,69,t_x_236,0.3274205406343998,62,186.715585
5555,70,t_x_10,0.3272199581788964,61,186.742398
5556,71,t_x_19,0.32721141007081767,60,186.768690
5557,72,t_x_15,0.3268669079888928,59,186.795618
5558,73,t_x_226,0.3256741836549671,58,186.822251
5559,74,t_x_180,0.32508066064641833,57,186.848386
5560,75,t_x_336,0.32462792849298816,56,186.894784
5561,76,t_x_292,0.3244666037562576,55,186.921537
5562,77,t_x_352,0.3243614895021832,54,186.947399
5563,78,t_x_225,0.32404935223887216,53,186.986655
5564,79,t_x_446,0.32394544265052777,52,187.011978
5565,80,t_x_1,0.3237047946964038,51,187.036209
5566,81,t_x_408,0.3235294581808897,50,187.073212
5567,82,t_x_181,0.32346568703913375,49,187.110249
5568,83,t_x_191,0.3231065965073835,48,187.147984
5569,84,t_x_419,0.323059624125218,47,187.185309
5570,85,t_x_415,0.32298385976283783,46,187.222201
5571,86,t_x_338,0.32264023726710334,45,187.258008
5572,87,t_x_138,0.3221951617760623,44,187.281807
5573,88,t_x_354,0.3213662439305996,43,187.306146
5574,89,t_x_409,0.32060591343907036,42,187.330137
5575,90,t_x_190,0.3203893311707023,41,187.364318
5576,91,t_x_435,0.32023988121854285,40,187.398394
5577,92,t_x_11,0.32017864898743276,39,187.421710
5578,93,t_x_28,0.31963977817813943,38,187.444791
5579,94,t_x_358,0.31957730052731464,37,187.468235
5580,95,t_x_384,0.3190740655960574,36,187.490955
5581,96,t_x_188,0.31901848908761204,35,187.515925
5582,97,t_x_344,0.31900478376110813,34,187.538796
5583,98,t_x_414,0.31898229808373346,33,187.561097
5584,99,t_x_382,0.31876090221757525,32,187.593334
5585,100,t_x_406,0.3187332588205406,31,187.615483
5586,101,t_x_388,0.31859982612148885,30,187.647188
5587,63,t_x_268,0.3320393451891257,387,187.704540
5588,64,t_x_133,0.3319127428670663,77,187.856673
5589,65,t_x_333,0.3316796543199385,76,187.912982
5590,66,t_x_264,0.3315550653762067,75,187.963022
5591,67,t_x_177,0.3304125989308909,42,187.999580
5592,68,t_x_13,0.32947148876779175,41,188.034154
5593,69,t_x_373,0.3291839228566644,40,188.055637
5594,70,t_x_129,0.3285813450795422,39,188.078162
5595,71,t_x_122,0.3281171678472218,38,188.111293
5596,72,t_x_270,0.32783001401543077,37,188.143987
5597,73,t_x_172,0.32742867952012167,36,188.176422
5598,74,t_x_239,0.32682813220844253,35,188.199188
5599,75,t_x_234,0.32669830148764506,34,188.237932
5600,76,t_x_260,0.32650316371008,33,188.274097
5601,77,t_x_171,0.32614527961942785,32,188.305712
5602,78,t_x_369,0.3257086592576262,31,188.326761
5603,79,t_x_8,0.3252872337777598,30,188.348086
5604,80,t_x_56,0.32519348547158655,29,188.368472
5605,81,t_x_180,0.32508066064641833,28,188.398366
5606,67,t_x_177,0.3304125989308909,74,188.433095
5607,68,t_x_13,0.32947148876779175,73,188.480181
5608,69,t_x_2,0.3292931030611546,72,188.527217
5609,70,t_x_373,0.3291839228566644,71,188.552146
5610,71,t_x_129,0.3285813450795422,70,188.576723
5611,72,t_x_367,0.32833040353733933,69,188.625327
5612,73,t_x_45,0.32813523944670725,68,188.653682
5613,74,t_x_176,0.32783752541092237,29,188.688268
5614,75,t_x_270,0.32783001401543077,28,188.708286
5615,74,t_x_122,0.3281171678472218,67,188.740930
5616,75,t_x_374,0.32811552122135923,66,188.786505
5617,76,t_x_176,0.32783752541092237,65,188.810960
5618,77,t_x_270,0.32783001401543077,64,188.855523
5619,78,t_x_71,0.32765571981761243,63,188.900378
5620,79,t_x_172,0.32742867952012167,62,188.924796
5621,80,t_x_169,0.32737452520812826,61,188.966722
5622,81,t_x_239,0.32682813220844253,60,189.008190
5623,82,t_x_234,0.32669830148764506,59,189.051437
5624,83,t_x_260,0.32650316371008,58,189.094867
5625,84,t_x_226,0.3256741836549671,30,189.129089
5626,85,t_x_8,0.3252872337777598,29,189.148794
5627,86,t_x_56,0.32519348547158655,28,189.169273
5628,84,t_x_171,0.32614527961942785,57,189.212225
5629,85,t_x_369,0.3257086592576262,56,189.254381
5630,86,t_x_226,0.3256741836549671,55,189.278370
5631,87,t_x_8,0.3252872337777598,54,189.319585
5632,88,t_x_56,0.32519348547158655,53,189.343128
5633,89,t_x_180,0.32508066064641833,52,189.382835
5634,90,t_x_366,0.32490447930058935,51,189.405653
5635,91,t_x_232,0.32481809607848655,50,189.428756
5636,92,t_x_336,0.32462792849298816,49,189.453020
5637,93,t_x_167,0.3242644250523776,48,189.475763
5638,94,t_x_225,0.32404935223887216,47,189.497722
5639,95,t_x_256,0.32401288646770043,46,189.521731
5640,96,t_x_53,0.323954494307468,45,189.556946
5641,97,t_x_130,0.3237189430626469,44,189.595848
5642,98,t_x_1,0.3237047946964038,43,189.629630
5643,99,t_x_181,0.32346568703913375,42,189.651376
5644,100,t_x_131,0.32326796846853334,41,189.673313
5645,101,t_x_269,0.3207389474023821,40,189.695069
5646,102,t_x_184,0.3204442243710062,39,189.727115
5647,103,t_x_231,0.32026074926974174,38,189.748861
5648,104,t_x_11,0.32017864898743276,37,189.771006
5649,105,t_x_272,0.3200110872880186,36,189.792801
5650,106,t_x_282,0.3196933056683402,35,189.815302
5651,107,t_x_257,0.3196862469239287,34,189.836352
5652,108,t_x_255,0.31961596194100095,33,189.868316
5653,109,t_x_235,0.3193493197656214,32,189.898929
5654,110,t_x_58,0.3188222732541668,31,189.919906
5655,111,t_x_9,0.31880382724696477,30,189.940100
5656,67,t_x_318,0.3286139811380062,68,189.985235
5657,68,t_x_153,0.32837066835719786,67,190.010712
5658,69,t_x_71,0.32765571981761243,33,190.042978
5659,70,t_x_236,0.3274205406343998,32,190.063924
5660,71,t_x_15,0.3268669079888928,31,190.084221
5661,72,t_x_163,0.32498562062928704,30,190.104480
5662,73,t_x_232,0.32481809607848655,29,190.134542
5663,74,t_x_18,0.3246724231025938,28,190.154665
5664,69,t_x_139,0.32800220097911803,66,190.187975
5665,70,t_x_428,0.32790863073303644,65,190.231560
5666,71,t_x_71,0.32765571981761243,64,190.276139
5667,72,t_x_236,0.3274205406343998,63,190.300759
5668,73,t_x_145,0.32726340919038455,62,190.344683
5669,74,t_x_15,0.3268669079888928,61,190.369554
5670,75,t_x_239,0.32682813220844253,60,190.410820
5671,76,t_x_171,0.32614527961942785,59,190.434907
5672,77,t_x_369,0.3257086592576262,58,190.460647
5673,78,t_x_56,0.32519348547158655,57,190.502560
5674,79,t_x_163,0.32498562062928704,56,190.526611
5675,80,t_x_232,0.32481809607848655,55,190.569293
5676,81,t_x_18,0.3246724231025938,54,190.592964
5677,82,t_x_147,0.32449028000274377,53,190.616593
5678,83,t_x_292,0.3244666037562576,52,190.639965
5679,84,t_x_41,0.32432807218660503,51,190.663728
5680,85,t_x_225,0.32404935223887216,50,190.700657
5681,86,t_x_74,0.323802536529808,49,190.723672
5682,87,t_x_151,0.32337424325993264,48,190.747145
5683,88,t_x_36,0.32315741763196254,47,190.782829
5684,89,t_x_304,0.3231550820374737,46,190.817859
5685,90,t_x_27,0.3226116951650698,45,190.840232
5686,91,t_x_241,0.3213790574644039,44,190.862275
5687,92,t_x_61,0.3206324300073691,43,190.884601
5688,93,t_x_324,0.3205857039195655,42,190.907006
5689,94,t_x_162,0.32046107090717313,41,190.929135
5690,95,t_x_155,0.3200636541751233,40,190.962742
5691,96,t_x_371,0.31997869627072717,39,190.983952
5692,97,t_x_161,0.31993337202310457,38,191.005820
5693,98,t_x_158,0.3198822175572763,37,191.038481
5694,99,t_x_39,0.3197549282209896,36,191.060182
5695,100,t_x_112,0.3197033375206849,35,191.082680
5696,101,t_x_29,0.31970262399898997,34,191.104405
5697,102,t_x_28,0.31963977817813943,33,191.125581
5698,103,t_x_370,0.3195182550040618,32,191.147088
5699,104,t_x_160,0.31941654628814786,31,191.168983
5700,105,t_x_235,0.3193493197656214,30,191.190121
5701,64,t_x_133,0.3319127428670663,386,191.245950
5702,65,t_x_264,0.3315550653762067,73,191.392347
5703,66,t_x_100,0.33060072836282683,72,191.444603
5704,67,t_x_177,0.3304125989308909,31,191.477965
5705,68,t_x_129,0.3285813450795422,30,191.499037
5706,69,t_x_122,0.3281171678472218,29,191.529980
5707,70,t_x_139,0.32800220097911803,28,191.560427
5708,67,t_x_177,0.3304125989308909,71,191.595633
5709,68,t_x_129,0.3285813450795422,70,191.644884
5710,69,t_x_442,0.3284343996107425,32,191.681815
5711,70,t_x_122,0.3281171678472218,31,191.703920
5712,71,t_x_428,0.32790863073303644,30,191.734682
5713,72,t_x_142,0.3279009411221477,29,191.756210
5714,73,t_x_132,0.3268587771808999,28,191.777094
5715,69,t_x_442,0.3284343996107425,69,191.820405
5716,70,t_x_122,0.3281171678472218,68,191.846696
5717,71,t_x_142,0.3279009411221477,32,191.883427
5718,72,t_x_132,0.3268587771808999,31,191.905268
5719,73,t_x_226,0.3256741836549671,30,191.936452
5720,74,t_x_256,0.32401288646770043,29,191.957286
5721,75,t_x_446,0.32394544265052777,28,191.978096
5722,65,t_x_333,0.3316796543199385,385,192.033376
5723,66,t_x_264,0.3315550653762067,75,192.174313
5724,67,t_x_332,0.33044324480598997,74,192.227926
5725,68,t_x_2,0.3292931030611546,36,192.275308
5726,69,t_x_343,0.32851280584207715,35,192.302200
5727,70,t_x_411,0.32753300194262525,34,192.335884
5728,71,t_x_331,0.3274126242838769,33,192.358703
5729,72,t_x_192,0.3270128963252965,32,192.391641
5730,73,t_x_341,0.32680349009166004,31,192.414328
5731,74,t_x_339,0.3264010485281532,30,192.436515
5732,75,t_x_237,0.32638683091703363,29,192.457868
5733,76,t_x_340,0.32488452727089095,28,192.480381
5734,71,t_x_139,0.32800220097911803,67,192.525927
5735,72,t_x_140,0.3279708210237213,66,192.572291
5736,73,t_x_434,0.32795547383667734,65,192.616692
5737,74,t_x_428,0.32790863073303644,64,192.642623
5738,75,t_x_142,0.3279009411221477,63,192.669456
5739,76,t_x_132,0.3268587771808999,62,192.697248
5740,77,t_x_226,0.3256741836549671,61,192.744170
5741,78,t_x_180,0.32508066064641833,60,192.787932
5742,79,t_x_147,0.32449028000274377,59,192.813036
5743,80,t_x_167,0.3242644250523776,58,192.855917
5744,81,t_x_225,0.32404935223887216,57,192.898534
5745,82,t_x_256,0.32401288646770043,56,192.923497
5746,83,t_x_446,0.32394544265052777,55,192.966465
5747,84,t_x_130,0.3237189430626469,54,192.991147
5748,85,t_x_131,0.32326796846853334,53,193.033228
5749,86,t_x_191,0.3231065965073835,52,193.072551
5750,87,t_x_99,0.3215428667997927,51,193.097052
5751,88,t_x_91,0.32105979179969935,50,193.133436
5752,89,t_x_375,0.32083768524015677,49,193.169773
5753,90,t_x_269,0.3207389474023821,48,193.205938
5754,91,t_x_317,0.32030211942610837,47,193.229368
5755,92,t_x_128,0.3201485176076543,46,193.252200
5756,93,t_x_272,0.3200110872880186,45,193.287592
5757,94,t_x_280,0.31990873351166077,44,193.322740
5758,95,t_x_29,0.31970262399898997,43,193.357503
5759,96,t_x_379,0.31970047243472205,42,193.381065
5760,97,t_x_282,0.3196933056683402,41,193.403548
5761,98,t_x_187,0.3195347061135602,40,193.437356
5762,99,t_x_436,0.3195203958746361,39,193.460303
5763,100,t_x_279,0.3193139926659193,38,193.483107
5764,101,t_x_238,0.3192659625599451,37,193.505366
5765,102,t_x_121,0.31900809173540023,36,193.527680
5766,103,t_x_120,0.31880171171540855,35,193.560719
5767,104,t_x_382,0.31876090221757525,34,193.593213
5768,105,t_x_127,0.31864984704845123,33,193.615047
5769,106,t_x_276,0.3183400161444687,32,193.646676
5770,107,t_x_146,0.3183069069966693,31,193.668398
5771,108,t_x_315,0.3183061176182019,30,193.690052
5772,66,t_x_361,0.33157642028416945,384,193.746508
5773,67,t_x_75,0.3306908869598732,67,193.893572
5774,68,t_x_373,0.3291839228566644,66,193.921512
5775,69,t_x_62,0.32853857799150243,33,193.956604
5776,70,t_x_153,0.32837066835719786,32,193.979708
5777,71,t_x_367,0.32833040353733933,31,194.001783
5778,72,t_x_149,0.3281587594035913,30,194.032824
5779,73,t_x_374,0.32811552122135923,29,194.053865
5780,74,t_x_434,0.32795547383667734,28,194.084197
5781,69,t_x_420,0.328837001787633,65,194.118758
5782,70,t_x_153,0.32837066835719786,29,194.154539
5783,71,t_x_367,0.32833040353733933,28,194.175852
5784,70,t_x_62,0.32853857799150243,64,194.220110
5785,71,t_x_153,0.32837066835719786,63,194.246615
5786,72,t_x_367,0.32833040353733933,62,194.292740
5787,73,t_x_149,0.3281587594035913,34,194.325942
5788,74,t_x_374,0.32811552122135923,33,194.347286
5789,75,t_x_140,0.3279708210237213,32,194.378861
5790,76,t_x_148,0.32773032536471913,31,194.400668
5791,77,t_x_236,0.3274205406343998,30,194.423128
5792,78,t_x_104,0.3270224657044486,29,194.445043
5793,79,t_x_15,0.3268669079888928,28,194.466980
5794,73,t_x_149,0.3281587594035913,61,194.502222
5795,74,t_x_374,0.32811552122135923,60,194.546904
5796,75,t_x_140,0.3279708210237213,59,194.592763
5797,76,t_x_434,0.32795547383667734,58,194.621031
5798,77,t_x_68,0.32792695399343874,57,194.663811
5799,78,t_x_148,0.32773032536471913,56,194.690524
5800,79,t_x_236,0.3274205406343998,55,194.716315
5801,80,t_x_104,0.3270224657044486,54,194.741287
5802,81,t_x_15,0.3268669079888928,53,194.784161
5803,82,t_x_239,0.32682813220844253,52,194.810273
5804,83,t_x_341,0.32680349009166004,51,194.838031
5805,84,t_x_432,0.32631918216853084,50,194.862695
5806,85,t_x_369,0.3257086592576262,49,194.900423
5807,86,t_x_163,0.32498562062928704,48,194.942248
5808,87,t_x_366,0.32490447930058935,47,194.979198
5809,88,t_x_286,0.32463937627479783,46,195.014899
5810,89,t_x_292,0.3244666037562576,45,195.039919
5811,90,t_x_352,0.3243614895021832,44,195.064350
5812,91,t_x_72,0.32396974378127846,43,195.088163
5813,92,t_x_16,0.3238783027854283,42,195.112916
5814,93,t_x_151,0.32337424325993264,41,195.136701
5815,94,t_x_338,0.32264023726710334,40,195.160020
5816,95,t_x_327,0.3211406740627265,39,195.183752
5817,96,t_x_91,0.32105979179969935,38,195.206048
5818,97,t_x_368,0.32082819954508945,37,195.229175
5819,98,t_x_95,0.32077476127869986,36,195.262931
5820,99,t_x_363,0.3201927993523778,35,195.285774
5821,100,t_x_371,0.31997869627072717,34,195.318183
5822,101,t_x_161,0.31993337202310457,33,195.340541
5823,102,t_x_158,0.3198822175572763,32,195.362999
5824,103,t_x_29,0.31970262399898997,31,195.385606
5825,104,t_x_319,0.3196661549508256,30,195.408653
5826,68,t_x_2,0.3292931030611546,73,195.455315
5827,69,t_x_343,0.32851280584207715,72,195.508798
5828,70,t_x_411,0.32753300194262525,29,195.547475
5829,71,t_x_331,0.3274126242838769,28,195.569731
5830,70,t_x_442,0.3284343996107425,71,195.616153
5831,71,t_x_434,0.32795547383667734,70,195.644552
5832,72,t_x_411,0.32753300194262525,69,195.694654
5833,73,t_x_331,0.3274126242838769,68,195.743369
5834,74,t_x_192,0.3270128963252965,28,195.781332
5835,74,t_x_10,0.3272199581788964,67,195.817415
5836,75,t_x_192,0.3270128963252965,66,195.866428
5837,76,t_x_341,0.32680349009166004,65,195.897527
5838,77,t_x_339,0.3264010485281532,64,195.946420
5839,78,t_x_237,0.32638683091703363,63,195.993807
5840,79,t_x_180,0.32508066064641833,62,196.021807
5841,80,t_x_340,0.32488452727089095,61,196.049614
5842,81,t_x_336,0.32462792849298816,60,196.095445
5843,82,t_x_225,0.32404935223887216,59,196.140270
5844,83,t_x_256,0.32401288646770043,58,196.168270
5845,84,t_x_194,0.3239518020251907,57,196.195470
5846,85,t_x_446,0.32394544265052777,56,196.223388
5847,86,t_x_251,0.32383884010279435,55,196.265524
5848,87,t_x_1,0.3237047946964038,54,196.292489
5849,88,t_x_408,0.3235294581808897,53,196.321384
5850,89,t_x_304,0.3231550820374737,52,196.347555
5851,90,t_x_338,0.32264023726710334,51,196.373769
5852,91,t_x_327,0.3211406740627265,50,196.410889
5853,92,t_x_429,0.32064953327757917,49,196.436470
5854,93,t_x_324,0.3205857039195655,48,196.461471
5855,94,t_x_435,0.32023988121854285,47,196.487287
5856,95,t_x_11,0.32017864898743276,46,196.511765
5857,96,t_x_449,0.3200522998991134,45,196.536982
5858,97,t_x_437,0.3199783566261846,44,196.561380
5859,98,t_x_282,0.3196933056683402,43,196.586161
5860,99,t_x_257,0.3196862469239287,42,196.610472
5861,100,t_x_319,0.3196661549508256,41,196.635283
5862,101,t_x_431,0.3195293554421153,40,196.660060
5863,102,t_x_252,0.31946986491772833,39,196.684803
5864,103,t_x_443,0.31919004525908323,38,196.709069
5865,104,t_x_329,0.3191806753137926,37,196.732625
5866,105,t_x_389,0.3190051244560763,36,196.756173
5867,106,t_x_344,0.31900478376110813,35,196.779891
5868,107,t_x_321,0.3189184288017534,34,196.802204
5869,108,t_x_382,0.31876090221757525,33,196.825616
5870,109,t_x_388,0.31859982612148885,32,196.848888
5871,110,t_x_278,0.31856550808332806,31,196.871930
5872,111,t_x_247,0.3185092782668806,30,196.894807
5873,67,t_x_264,0.3315550653762067,383,196.951643
5874,68,t_x_177,0.3304125989308909,73,197.102781
5875,69,t_x_13,0.32947148876779175,72,197.151419
5876,70,t_x_373,0.3291839228566644,71,197.196912
5877,71,t_x_129,0.3285813450795422,70,197.222601
5878,72,t_x_122,0.3281171678472218,69,197.271179
5879,73,t_x_270,0.32783001401543077,68,197.316532
5880,74,t_x_172,0.32742867952012167,67,197.361498
5881,75,t_x_79,0.3273105193088242,66,197.406049
5882,76,t_x_10,0.3272199581788964,65,197.430909
5883,77,t_x_229,0.32710653484174335,64,197.474172
5884,78,t_x_168,0.3271013922953005,63,197.517643
5885,79,t_x_239,0.32682813220844253,62,197.561646
5886,80,t_x_341,0.32680349009166004,61,197.606025
5887,81,t_x_234,0.32669830148764506,60,197.630050
5888,82,t_x_260,0.32650316371008,59,197.672264
5889,83,t_x_8,0.3252872337777598,33,197.701029
5890,84,t_x_56,0.32519348547158655,32,197.722225
5891,85,t_x_180,0.32508066064641833,31,197.753507
5892,86,t_x_225,0.32404935223887216,30,197.774151
5893,87,t_x_256,0.32401288646770043,29,197.794959
5894,88,t_x_53,0.323954494307468,28,197.824676
5895,83,t_x_339,0.3264010485281532,58,197.857441
5896,84,t_x_171,0.32614527961942785,57,197.882981
5897,85,t_x_369,0.3257086592576262,56,197.908498
5898,86,t_x_8,0.3252872337777598,55,197.932246
5899,87,t_x_56,0.32519348547158655,54,197.956569
5900,88,t_x_180,0.32508066064641833,53,197.997587
5901,89,t_x_340,0.32488452727089095,52,198.020606
5902,90,t_x_225,0.32404935223887216,51,198.043209
5903,91,t_x_256,0.32401288646770043,50,198.065821
5904,92,t_x_53,0.323954494307468,29,198.092961
5905,93,t_x_1,0.3237047946964038,28,198.113347
5906,92,t_x_72,0.32396974378127846,49,198.145117
5907,93,t_x_53,0.323954494307468,48,198.167912
5908,94,t_x_194,0.3239518020251907,47,198.202811
5909,95,t_x_1,0.3237047946964038,46,198.225265
5910,96,t_x_181,0.32346568703913375,45,198.247450
5911,97,t_x_131,0.32326796846853334,44,198.269342
5912,98,t_x_191,0.3231065965073835,43,198.292742
5913,99,t_x_59,0.3230693864089372,42,198.314631
5914,100,t_x_6,0.32156760061632716,41,198.336200
5915,101,t_x_269,0.3207389474023821,40,198.358215
5916,102,t_x_61,0.3206324300073691,39,198.390264
5917,103,t_x_231,0.32026074926974174,38,198.412606
5918,104,t_x_128,0.3201485176076543,37,198.433870
5919,105,t_x_272,0.3200110872880186,36,198.466169
5920,106,t_x_371,0.31997869627072717,35,198.498312
5921,107,t_x_280,0.31990873351166077,34,198.520164
5922,108,t_x_257,0.3196862469239287,33,198.541044
5923,109,t_x_255,0.31961596194100095,32,198.572331
5924,110,t_x_284,0.31956004451484066,31,198.602906
5925,111,t_x_370,0.3195182550040618,30,198.623625
5926,68,t_x_75,0.3306908869598732,382,198.679870
5927,69,t_x_100,0.33060072836282683,78,198.832000
5928,70,t_x_37,0.32979972676975927,77,198.883077
5929,71,t_x_62,0.32853857799150243,76,198.932821
5930,72,t_x_122,0.3281171678472218,75,198.960393
5931,73,t_x_411,0.32753300194262525,74,198.987975
5932,74,t_x_79,0.3273105193088242,73,199.014591
5933,75,t_x_19,0.32721141007081767,72,199.063558
5934,76,t_x_15,0.3268669079888928,71,199.114734
5935,77,t_x_163,0.32498562062928704,70,199.164284
5936,78,t_x_366,0.32490447930058935,69,199.212405
5937,79,t_x_18,0.3246724231025938,68,199.239469
5938,80,t_x_336,0.32462792849298816,67,199.269263
5939,81,t_x_41,0.32432807218660503,66,199.295396
5940,82,t_x_167,0.3242644250523776,65,199.322367
5941,83,t_x_253,0.3240743066028985,64,199.351299
5942,84,t_x_16,0.3238783027854283,63,199.377624
5943,85,t_x_304,0.3231550820374737,62,199.422405
5944,86,t_x_415,0.32298385976283783,61,199.448639
5945,87,t_x_241,0.3213790574644039,60,199.474534
5946,88,t_x_368,0.32082819954508945,59,199.500672
5947,89,t_x_269,0.3207389474023821,58,199.526574
5948,90,t_x_409,0.32060591343907036,57,199.552589
5949,91,t_x_162,0.32046107090717313,56,199.577499
5950,92,t_x_249,0.3203398526266621,55,199.602731
5951,93,t_x_317,0.32030211942610837,54,199.627878
5952,94,t_x_363,0.3201927993523778,53,199.652993
5953,95,t_x_155,0.3200636541751233,52,199.678149
5954,96,t_x_272,0.3200110872880186,51,199.704071
5955,97,t_x_39,0.3197549282209896,50,199.729222
5956,98,t_x_29,0.31970262399898997,49,199.753839
5957,99,t_x_257,0.3196862469239287,48,199.777741
5958,100,t_x_284,0.31956004451484066,47,199.802076
5959,101,t_x_312,0.31948945754507085,46,199.826796
5960,102,t_x_252,0.31946986491772833,45,199.850951
5961,103,t_x_63,0.3193462006926152,44,199.875121
5962,104,t_x_242,0.3193170507532921,43,199.898281
5963,105,t_x_32,0.31928257804655796,42,199.922557
5964,106,t_x_238,0.3192659625599451,41,199.945699
5965,107,t_x_33,0.31907745609654115,40,199.969249
5966,108,t_x_414,0.31898229808373346,39,199.992759
5967,109,t_x_321,0.3189184288017534,38,200.016283
5968,110,t_x_406,0.3187332588205406,37,200.039881
5969,111,t_x_263,0.318706573347225,36,200.061704
5970,112,t_x_127,0.31864984704845123,35,200.084696
5971,113,t_x_405,0.3184748756480654,34,200.107364
5972,114,t_x_30,0.3183566377299701,33,200.129872
5973,115,t_x_276,0.3183400161444687,32,200.152133
5974,116,t_x_40,0.3182723724320793,31,200.174497
5975,117,t_x_60,0.318135541005953,30,200.197039
5976,69,t_x_100,0.33060072836282683,381,200.260029
5977,70,t_x_177,0.3304125989308909,85,200.424367
5978,71,t_x_2,0.3292931030611546,84,200.477167
5979,72,t_x_373,0.3291839228566644,83,200.529477
5980,73,t_x_97,0.3290778133744423,82,200.559276
5981,74,t_x_318,0.3286139811380062,38,200.596372
5982,75,t_x_62,0.32853857799150243,37,200.618467
5983,76,t_x_149,0.3281587594035913,36,200.640226
5984,77,t_x_270,0.32783001401543077,35,200.661135
5985,78,t_x_14,0.3274421151063002,34,200.681928
5986,79,t_x_10,0.3272199581788964,33,200.703178
5987,80,t_x_104,0.3270224657044486,32,200.724317
5988,81,t_x_132,0.3268587771808999,31,200.755329
5989,82,t_x_101,0.32643855400786287,30,200.775590
5990,83,t_x_131,0.32326796846853334,29,200.806505
5991,84,t_x_6,0.32156760061632716,28,200.827100
5992,70,t_x_213,0.33049205655507957,380,200.880830
5993,71,t_x_332,0.33044324480598997,54,201.017125
5994,72,t_x_343,0.32851280584207715,53,201.060440
5995,73,t_x_367,0.32833040353733933,52,201.105646
5996,74,t_x_374,0.32811552122135923,51,201.147440
5997,75,t_x_68,0.32792695399343874,50,201.171959
5998,76,t_x_331,0.3274126242838769,49,201.196503
5999,77,t_x_341,0.32680349009166004,48,201.233614
6000,78,t_x_339,0.3264010485281532,47,201.257322
6001,79,t_x_301,0.32545457191610666,46,201.293197
6002,80,t_x_366,0.32490447930058935,45,201.316714
6003,81,t_x_256,0.32401288646770043,44,201.339995
6004,82,t_x_345,0.32350193897925106,43,201.362964
6005,83,t_x_181,0.32346568703913375,42,201.385825
6006,84,t_x_300,0.32343917332278554,41,201.420220
6007,85,t_x_191,0.3231065965073835,40,201.443553
6008,74,t_x_318,0.3286139811380062,81,201.477552
6009,75,t_x_129,0.3285813450795422,80,201.504434
6010,76,t_x_149,0.3281587594035913,28,201.542078
6011,76,t_x_62,0.32853857799150243,79,201.576745
6012,77,t_x_367,0.32833040353733933,78,201.603143
6013,78,t_x_149,0.3281587594035913,77,201.651056
6014,79,t_x_122,0.3281171678472218,76,201.699204
6015,80,t_x_142,0.3279009411221477,28,201.732407
6016,86,t_x_415,0.32298385976283783,39,201.772021
6017,87,t_x_269,0.3207389474023821,38,201.794830
6018,88,t_x_409,0.32060591343907036,37,201.817320
6019,89,t_x_190,0.3203893311707023,36,201.839944
6020,90,t_x_317,0.32030211942610837,35,201.862008
6021,91,t_x_222,0.31980409393388687,34,201.884425
6022,92,t_x_319,0.3196661549508256,33,201.917271
6023,93,t_x_312,0.31948945754507085,32,201.939852
6024,94,t_x_182,0.3192603059870898,31,201.962111
6025,95,t_x_188,0.31901848908761204,30,201.983662
6026,80,t_x_139,0.32800220097911803,75,202.026316
6027,81,t_x_142,0.3279009411221477,74,202.072807
6028,82,t_x_176,0.32783752541092237,73,202.118518
6029,83,t_x_270,0.32783001401543077,72,202.164447
6030,84,t_x_148,0.32773032536471913,71,202.212150
6031,85,t_x_71,0.32765571981761243,70,202.257792
6032,86,t_x_14,0.3274421151063002,69,202.283532
6033,87,t_x_172,0.32742867952012167,68,202.329273
6034,88,t_x_10,0.3272199581788964,67,202.372899
6035,89,t_x_168,0.3271013922953005,66,202.417511
6036,90,t_x_104,0.3270224657044486,65,202.460384
6037,91,t_x_192,0.3270128963252965,34,202.490881
6038,92,t_x_101,0.32643855400786287,33,202.512129
6039,93,t_x_180,0.32508066064641833,32,202.543435
6040,94,t_x_167,0.3242644250523776,31,202.564166
6041,95,t_x_194,0.3239518020251907,30,202.585264
6042,96,t_x_131,0.32326796846853334,29,202.606023
6043,97,t_x_6,0.32156760061632716,28,202.626264
6044,91,t_x_192,0.3270128963252965,64,202.660384
6045,92,t_x_15,0.3268669079888928,63,202.684786
6046,93,t_x_132,0.3268587771808999,62,202.711388
6047,94,t_x_101,0.32643855400786287,61,202.753287
6048,95,t_x_1,0.3237047946964038,29,202.784082
6049,96,t_x_131,0.32326796846853334,28,202.804459
6050,95,t_x_180,0.32508066064641833,60,202.837702
6051,96,t_x_167,0.3242644250523776,59,202.880713
6052,97,t_x_194,0.3239518020251907,58,202.905343
6053,98,t_x_74,0.323802536529808,57,202.929719
6054,99,t_x_1,0.3237047946964038,56,202.954537
6055,100,t_x_131,0.32326796846853334,55,202.979291
6056,101,t_x_138,0.3221951617760623,54,203.016645
6057,102,t_x_6,0.32156760061632716,53,203.040076
6058,103,t_x_99,0.3215428667997927,52,203.063867
6059,104,t_x_327,0.3211406740627265,51,203.100266
6060,105,t_x_91,0.32105979179969935,50,203.135516
6061,106,t_x_95,0.32077476127869986,49,203.170607
6062,107,t_x_135,0.32055137576989046,48,203.206861
6063,108,t_x_376,0.3203565634718892,47,203.230189
6064,109,t_x_4,0.32030328407467384,46,203.254657
6065,110,t_x_317,0.32030211942610837,45,203.277353
6066,111,t_x_92,0.3201060406698506,44,203.300138
6067,112,t_x_272,0.3200110872880186,43,203.334402
6068,113,t_x_280,0.31990873351166077,42,203.356374
6069,114,t_x_90,0.31975708337557535,41,203.378278
6070,115,t_x_29,0.31970262399898997,40,203.411631
6071,116,t_x_282,0.3196933056683402,39,203.433673
6072,117,t_x_93,0.31969098511900007,38,203.455703
6073,118,t_x_284,0.31956004451484066,37,203.488166
6074,119,t_x_281,0.3191887990043659,36,203.509796
6075,120,t_x_321,0.3189184288017534,35,203.531499
6076,121,t_x_382,0.31876090221757525,34,203.553272
6077,122,t_x_70,0.31875483678757077,33,203.574377
6078,123,t_x_69,0.3187309179251806,32,203.596498
6079,124,t_x_12,0.3186774985671871,31,203.618069
6080,125,t_x_127,0.31864984704845123,30,203.640061
6081,71,t_x_332,0.33044324480598997,379,203.693175
6082,72,t_x_2,0.3292931030611546,75,203.829959
6083,73,t_x_373,0.3291839228566644,74,203.881352
6084,74,t_x_420,0.328837001787633,73,203.910291
6085,75,t_x_343,0.32851280584207715,72,203.961205
6086,76,t_x_45,0.32813523944670725,71,204.013780
6087,77,t_x_411,0.32753300194262525,70,204.064175
6088,78,t_x_14,0.3274421151063002,69,204.114629
6089,79,t_x_331,0.3274126242838769,68,204.162894
6090,80,t_x_192,0.3270128963252965,67,204.214698
6091,81,t_x_341,0.32680349009166004,66,204.262108
6092,82,t_x_234,0.32669830148764506,65,204.309601
6093,83,t_x_339,0.3264010485281532,64,204.357229
6094,84,t_x_237,0.32638683091703363,63,204.403313
6095,85,t_x_226,0.3256741836549671,62,204.431218
6096,86,t_x_340,0.32488452727089095,61,204.458907
6097,87,t_x_232,0.32481809607848655,60,204.503865
6098,88,t_x_336,0.32462792849298816,59,204.531749
6099,89,t_x_194,0.3239518020251907,58,204.578225
6100,90,t_x_446,0.32394544265052777,57,204.605192
6101,91,t_x_251,0.32383884010279435,56,204.631445
6102,92,t_x_1,0.3237047946964038,55,204.658523
6103,93,t_x_408,0.3235294581808897,54,204.688531
6104,94,t_x_304,0.3231550820374737,53,204.717356
6105,95,t_x_419,0.323059624125218,52,204.744291
6106,96,t_x_338,0.32264023726710334,51,204.772213
6107,97,t_x_429,0.32064953327757917,50,204.800446
6108,98,t_x_4,0.32030328407467384,49,204.825875
6109,99,t_x_435,0.32023988121854285,48,204.852455
6110,100,t_x_11,0.32017864898743276,47,204.877476
6111,101,t_x_371,0.31997869627072717,46,204.902952
6112,102,t_x_222,0.31980409393388687,45,204.928239
6113,103,t_x_257,0.3196862469239287,44,204.953024
6114,104,t_x_370,0.3195182550040618,43,204.977784
6115,105,t_x_250,0.31910493517402994,42,205.002291
6116,106,t_x_389,0.3190051244560763,41,205.027465
6117,107,t_x_344,0.31900478376110813,40,205.052180
6118,108,t_x_321,0.3189184288017534,39,205.075449
6119,109,t_x_58,0.3188222732541668,38,205.099668
6120,110,t_x_9,0.31880382724696477,37,205.123312
6121,111,t_x_266,0.31875346140061533,36,205.146923
6122,112,t_x_406,0.3187332588205406,35,205.171129
6123,113,t_x_263,0.318706573347225,34,205.193887
6124,114,t_x_12,0.3186774985671871,33,205.217013
6125,115,t_x_405,0.3184748756480654,32,205.240511
6126,116,t_x_276,0.3183400161444687,31,205.263420
6127,117,t_x_322,0.31830740841254235,30,205.287183
6128,72,t_x_177,0.3304125989308909,378,205.345259
6129,73,t_x_37,0.32979972676975927,78,205.489623
6130,74,t_x_149,0.3281587594035913,77,205.517483
6131,75,t_x_122,0.3281171678472218,76,205.547504
6132,76,t_x_176,0.32783752541092237,75,205.602863
6133,77,t_x_270,0.32783001401543077,29,205.644584
6134,78,t_x_411,0.32753300194262525,28,205.665161
6135,77,t_x_270,0.32783001401543077,74,205.700158
6136,78,t_x_411,0.32753300194262525,73,205.752864
6137,79,t_x_172,0.32742867952012167,72,205.800624
6138,80,t_x_169,0.32737452520812826,30,205.834957
6139,81,t_x_145,0.32726340919038455,29,205.857926
6140,82,t_x_168,0.3271013922953005,28,205.879211
6141,80,t_x_236,0.3274205406343998,71,205.913537
6142,81,t_x_169,0.32737452520812826,70,205.940723
6143,82,t_x_79,0.3273105193088242,69,205.990313
6144,83,t_x_145,0.32726340919038455,68,206.036200
6145,84,t_x_168,0.3271013922953005,67,206.083263
6146,85,t_x_104,0.3270224657044486,66,206.131123
6147,86,t_x_192,0.3270128963252965,65,206.177667
6148,87,t_x_260,0.32650316371008,64,206.222661
6149,88,t_x_171,0.32614527961942785,63,206.267687
6150,89,t_x_226,0.3256741836549671,62,206.311800
6151,90,t_x_166,0.32545563514268605,61,206.337876
6152,91,t_x_56,0.32519348547158655,60,206.381397
6153,92,t_x_352,0.3243614895021832,59,206.407047
6154,93,t_x_167,0.3242644250523776,58,206.432149
6155,94,t_x_256,0.32401288646770043,57,206.474749
6156,95,t_x_194,0.3239518020251907,56,206.500260
6157,96,t_x_251,0.32383884010279435,55,206.542166
6158,97,t_x_181,0.32346568703913375,54,206.566884
6159,98,t_x_131,0.32326796846853334,53,206.593295
6160,99,t_x_59,0.3230693864089372,52,206.618057
6161,100,t_x_354,0.3213662439305996,51,206.643230
6162,101,t_x_135,0.32055137576989046,50,206.666858
6163,102,t_x_184,0.3204442243710062,49,206.690135
6164,103,t_x_190,0.3203893311707023,48,206.714149
6165,104,t_x_92,0.3201060406698506,47,206.749841
6166,105,t_x_447,0.3201059070916388,46,206.773628
6167,106,t_x_112,0.3197033375206849,45,206.797228
6168,107,t_x_379,0.31970047243472205,44,206.821524
6169,108,t_x_282,0.3196933056683402,43,206.844813
6170,109,t_x_255,0.31961596194100095,42,206.867647
6171,110,t_x_358,0.31957730052731464,41,206.890893
6172,111,t_x_187,0.3195347061135602,40,206.914164
6173,112,t_x_252,0.31946986491772833,39,206.936901
6174,113,t_x_242,0.3193170507532921,38,206.959638
6175,114,t_x_279,0.3193139926659193,37,206.982376
6176,115,t_x_443,0.31919004525908323,36,207.005051
6177,116,t_x_246,0.3190836364520209,35,207.026569
6178,117,t_x_384,0.3190740655960574,34,207.048810
6179,118,t_x_439,0.31905430647098704,33,207.070189
6180,119,t_x_188,0.31901848908761204,32,207.091640
6181,120,t_x_414,0.31898229808373346,31,207.112626
6182,121,t_x_120,0.31880171171540855,30,207.134125
6183,73,t_x_37,0.32979972676975927,377,207.190935
6184,74,t_x_13,0.32947148876779175,59,207.326704
6185,75,t_x_2,0.3292931030611546,58,207.352195
6186,76,t_x_150,0.3286823076073712,57,207.378277
6187,77,t_x_176,0.32783752541092237,56,207.420228
6188,78,t_x_172,0.32742867952012167,55,207.463095
6189,79,t_x_169,0.32737452520812826,54,207.487463
6190,80,t_x_56,0.32519348547158655,53,207.513869
6191,81,t_x_163,0.32498562062928704,52,207.538458
6192,82,t_x_31,0.32473594029234726,51,207.563032
6193,83,t_x_41,0.32432807218660503,28,207.593385
6194,83,t_x_352,0.3243614895021832,50,207.636084
6195,84,t_x_41,0.32432807218660503,49,207.675743
6196,85,t_x_167,0.3242644250523776,48,207.715620
6197,86,t_x_72,0.32396974378127846,47,207.739121
6198,87,t_x_35,0.323694450763153,46,207.762547
6199,88,t_x_36,0.32315741763196254,45,207.798326
6200,89,t_x_354,0.3213662439305996,44,207.834017
6201,90,t_x_375,0.32083768524015677,43,207.857606
6202,91,t_x_158,0.3198822175572763,42,207.891917
6203,92,t_x_351,0.3198275341993695,41,207.915059
6204,93,t_x_39,0.3197549282209896,40,207.937947
6205,94,t_x_431,0.3195293554421153,39,207.971590
6206,95,t_x_32,0.31928257804655796,38,207.994451
6207,96,t_x_33,0.31907745609654115,37,208.028102
6208,97,t_x_384,0.3190740655960574,36,208.050740
6209,98,t_x_389,0.3190051244560763,35,208.083226
6210,99,t_x_353,0.3190031724528899,34,208.105338
6211,100,t_x_52,0.3186162959873259,33,208.127078
6212,101,t_x_356,0.31860603215529865,32,208.149596
6213,102,t_x_388,0.31859982612148885,31,208.170966
6214,103,t_x_422,0.3183627391269323,30,208.192390
6215,74,t_x_13,0.32947148876779175,376,208.248525
6216,75,t_x_426,0.32934656915668087,80,208.389738
6217,76,t_x_2,0.3292931030611546,79,208.418136
6218,77,t_x_97,0.3290778133744423,44,208.460346
6219,78,t_x_14,0.3274421151063002,43,208.495820
6220,79,t_x_10,0.3272199581788964,42,208.530441
6221,80,t_x_19,0.32721141007081767,41,208.564230
6222,81,t_x_15,0.3268669079888928,40,208.585971
6223,82,t_x_101,0.32643855400786287,39,208.607817
6224,83,t_x_22,0.32643339157926643,38,208.630039
6225,84,t_x_8,0.3252872337777598,37,208.651430
6226,85,t_x_180,0.32508066064641833,36,208.683493
6227,86,t_x_1,0.3237047946964038,35,208.715981
6228,87,t_x_345,0.32350193897925106,34,208.747981
6229,88,t_x_6,0.32156760061632716,33,208.768779
6230,89,t_x_91,0.32105979179969935,32,208.800408
6231,90,t_x_409,0.32060591343907036,31,208.821842
6232,91,t_x_4,0.32030328407467384,30,208.853223
6233,92,t_x_11,0.32017864898743276,29,208.873775
6234,93,t_x_348,0.319840074379505,28,208.904759
6235,77,t_x_97,0.3290778133744423,78,208.939472
6236,78,t_x_428,0.32790863073303644,77,208.989809
6237,79,t_x_270,0.32783001401543077,76,209.016882
6238,80,t_x_14,0.3274421151063002,75,209.065517
6239,81,t_x_10,0.3272199581788964,36,209.103084
6240,82,t_x_19,0.32721141007081767,35,209.136424
6241,83,t_x_260,0.32650316371008,34,209.157363
6242,84,t_x_22,0.32643339157926643,33,209.178141
6243,85,t_x_8,0.3252872337777598,32,209.198004
6244,86,t_x_1,0.3237047946964038,31,209.228851
6245,87,t_x_6,0.32156760061632716,30,209.259577
6246,88,t_x_99,0.3215428667997927,29,209.290170
6247,89,t_x_91,0.32105979179969935,28,209.310842
6248,81,t_x_10,0.3272199581788964,74,209.344592
6249,82,t_x_260,0.32650316371008,32,209.383204
6250,83,t_x_101,0.32643855400786287,31,209.404460
6251,84,t_x_8,0.3252872337777598,30,209.425762
6252,85,t_x_180,0.32508066064641833,29,209.456728
6253,86,t_x_245,0.32478719540614975,28,209.476780
6254,82,t_x_19,0.32721141007081767,73,209.511000
6255,83,t_x_15,0.3268669079888928,72,209.559242
6256,84,t_x_260,0.32650316371008,71,209.606918
6257,85,t_x_101,0.32643855400786287,70,209.654768
6258,86,t_x_22,0.32643339157926643,69,209.682798
6259,87,t_x_8,0.3252872337777598,68,209.728706
6260,88,t_x_41,0.32432807218660503,31,209.762154
6261,89,t_x_1,0.3237047946964038,30,209.783665
6262,90,t_x_345,0.32350193897925106,29,209.814389
6263,91,t_x_6,0.32156760061632716,28,209.835464
6264,88,t_x_180,0.32508066064641833,67,209.878979
6265,89,t_x_245,0.32478719540614975,66,209.924116
6266,90,t_x_41,0.32432807218660503,65,209.949843
6267,91,t_x_251,0.32383884010279435,64,209.975955
6268,92,t_x_1,0.3237047946964038,63,210.001530
6269,93,t_x_6,0.32156760061632716,32,210.031907
6270,94,t_x_91,0.32105979179969935,31,210.063381
6271,95,t_x_409,0.32060591343907036,30,210.084486
6272,96,t_x_249,0.3203398526266621,29,210.104501
6273,97,t_x_4,0.32030328407467384,28,210.125858
6274,93,t_x_345,0.32350193897925106,62,210.161809
6275,94,t_x_191,0.3231065965073835,61,210.186508
6276,95,t_x_6,0.32156760061632716,60,210.229691
6277,96,t_x_99,0.3215428667997927,59,210.274558
6278,97,t_x_91,0.32105979179969935,58,210.317127
6279,98,t_x_409,0.32060591343907036,57,210.342033
6280,99,t_x_249,0.3203398526266621,56,210.383596
6281,100,t_x_4,0.32030328407467384,55,210.408971
6282,101,t_x_11,0.32017864898743276,54,210.450306
6283,102,t_x_92,0.3201060406698506,53,210.490863
6284,103,t_x_348,0.319840074379505,52,210.516044
6285,104,t_x_282,0.3196933056683402,51,210.540323
6286,105,t_x_93,0.31969098511900007,50,210.564722
6287,106,t_x_257,0.3196862469239287,49,210.589455
6288,107,t_x_255,0.31961596194100095,48,210.613427
6289,108,t_x_279,0.3193139926659193,47,210.637203
6290,109,t_x_182,0.3192603059870898,46,210.661571
6291,110,t_x_246,0.3190836364520209,45,210.684321
6292,111,t_x_33,0.31907745609654115,44,210.708043
6293,112,t_x_353,0.3190031724528899,43,210.731489
6294,113,t_x_414,0.31898229808373346,42,210.753891
6295,114,t_x_9,0.31880382724696477,41,210.776829
6296,115,t_x_406,0.3187332588205406,40,210.811040
6297,116,t_x_12,0.3186774985671871,39,210.834209
6298,117,t_x_247,0.3185092782668806,38,210.858168
6299,118,t_x_405,0.3184748756480654,37,210.880901
6300,119,t_x_422,0.3183627391269323,36,210.903648
6301,120,t_x_96,0.3181829080367553,35,210.926697
6302,121,t_x_43,0.31810725726167277,34,210.949167
6303,122,t_x_34,0.31800397427268234,33,210.971682
6304,123,t_x_0,0.3179572713585191,32,210.993826
6305,124,t_x_243,0.3178222164750265,31,211.015852
6306,125,t_x_248,0.3177753668134972,30,211.038110
6307,75,t_x_426,0.32934656915668087,375,211.093539
6308,76,t_x_201,0.3291212094295495,59,211.233737
6309,77,t_x_420,0.328837001787633,58,211.261999
6310,78,t_x_442,0.3284343996107425,28,211.294012
6311,78,t_x_343,0.32851280584207715,57,211.331437
6312,79,t_x_442,0.3284343996107425,56,211.356441
6313,80,t_x_149,0.3281587594035913,55,211.382487
6314,81,t_x_139,0.32800220097911803,54,211.425643
6315,82,t_x_434,0.32795547383667734,53,211.469044
6316,83,t_x_428,0.32790863073303644,30,211.498427
6317,84,t_x_142,0.3279009411221477,29,211.530152
6318,85,t_x_145,0.32726340919038455,28,211.552049
6319,83,t_x_428,0.32790863073303644,52,211.586313
6320,84,t_x_142,0.3279009411221477,51,211.629551
6321,85,t_x_145,0.32726340919038455,50,211.655226
6322,86,t_x_341,0.32680349009166004,49,211.679942
6323,87,t_x_339,0.3264010485281532,48,211.704417
6324,88,t_x_432,0.32631918216853084,47,211.728260
6325,89,t_x_369,0.3257086592576262,46,211.765621
6326,90,t_x_163,0.32498562062928704,45,211.790035
6327,91,t_x_130,0.3237189430626469,44,211.814296
6328,92,t_x_328,0.3235503395467524,43,211.838666
6329,93,t_x_300,0.32343917332278554,42,211.862496
6330,94,t_x_36,0.32315741763196254,41,211.886691
6331,95,t_x_433,0.3218899203392841,40,211.909973
6332,96,t_x_375,0.32083768524015677,39,211.944510
6333,97,t_x_429,0.32064953327757917,38,211.968411
6334,98,t_x_135,0.32055137576989046,37,211.991542
6335,99,t_x_143,0.3203363352962292,36,212.014685
6336,100,t_x_317,0.32030211942610837,35,212.037787
6337,101,t_x_155,0.3200636541751233,34,212.060962
6338,102,t_x_437,0.3199783566261846,33,212.084022
6339,103,t_x_158,0.3198822175572763,32,212.107195
6340,104,t_x_319,0.3196661549508256,31,212.129813
6341,105,t_x_431,0.3195293554421153,30,212.152910
6342,76,t_x_2,0.3292931030611546,374,212.207491
6343,77,t_x_201,0.3291212094295495,84,212.351968
6344,78,t_x_97,0.3290778133744423,83,212.379881
6345,79,t_x_420,0.328837001787633,82,212.432149
6346,80,t_x_343,0.32851280584207715,81,212.460614
6347,81,t_x_400,0.3277550551348225,80,212.509927
6348,82,t_x_14,0.3274421151063002,79,212.538819
6349,83,t_x_10,0.3272199581788964,34,212.577853
6350,84,t_x_19,0.32721141007081767,33,212.609410
6351,85,t_x_104,0.3270224657044486,32,212.630357
6352,86,t_x_22,0.32643339157926643,31,212.650923
6353,87,t_x_8,0.3252872337777598,30,212.671063
6354,88,t_x_256,0.32401288646770043,29,212.700963
6355,89,t_x_1,0.3237047946964038,28,212.721508
6356,83,t_x_10,0.3272199581788964,78,212.765264
6357,84,t_x_104,0.3270224657044486,33,212.803282
6358,85,t_x_101,0.32643855400786287,32,212.823906
6359,86,t_x_8,0.3252872337777598,31,212.845139
6360,87,t_x_180,0.32508066064641833,30,212.875936
6361,88,t_x_253,0.3240743066028985,29,212.895968
6362,89,t_x_256,0.32401288646770043,28,212.916559
6363,84,t_x_19,0.32721141007081767,77,212.950907
6364,85,t_x_104,0.3270224657044486,76,212.999521
6365,86,t_x_15,0.3268669079888928,75,213.047722
6366,87,t_x_101,0.32643855400786287,74,213.094764
6367,88,t_x_22,0.32643339157926643,73,213.122570
6368,89,t_x_339,0.3264010485281532,72,213.171591
6369,90,t_x_8,0.3252872337777598,71,213.198137
6370,91,t_x_1,0.3237047946964038,33,213.231523
6371,92,t_x_345,0.32350193897925106,32,213.263808
6372,93,t_x_181,0.32346568703913375,31,213.284453
6373,94,t_x_6,0.32156760061632716,30,213.306894
6374,95,t_x_354,0.3213662439305996,29,213.337894
6375,96,t_x_4,0.32030328407467384,28,213.358707
6376,91,t_x_180,0.32508066064641833,70,213.393259
6377,92,t_x_340,0.32488452727089095,69,213.441714
6378,93,t_x_18,0.3246724231025938,68,213.467599
6379,94,t_x_253,0.3240743066028985,67,213.493158
6380,95,t_x_256,0.32401288646770043,66,213.518935
6381,96,t_x_1,0.3237047946964038,65,213.544738
6382,97,t_x_408,0.3235294581808897,29,213.576312
6383,98,t_x_6,0.32156760061632716,28,213.596222
6384,97,t_x_408,0.3235294581808897,64,213.640377
6385,98,t_x_345,0.32350193897925106,63,213.683862
6386,99,t_x_181,0.32346568703913375,62,213.727068
6387,100,t_x_6,0.32156760061632716,61,213.770299
6388,101,t_x_354,0.3213662439305996,60,213.812438
6389,102,t_x_91,0.32105979179969935,59,213.836793
6390,103,t_x_409,0.32060591343907036,58,213.861717
6391,104,t_x_184,0.3204442243710062,57,213.902567
6392,105,t_x_4,0.32030328407467384,56,213.926992
6393,106,t_x_11,0.32017864898743276,55,213.968569
6394,107,t_x_272,0.3200110872880186,54,214.008661
6395,108,t_x_280,0.31990873351166077,53,214.033063
6396,109,t_x_348,0.319840074379505,52,214.057234
6397,110,t_x_90,0.31975708337557535,51,214.080669
6398,111,t_x_112,0.3197033375206849,50,214.104419
6399,112,t_x_93,0.31969098511900007,49,214.128499
6400,113,t_x_255,0.31961596194100095,48,214.152572
6401,114,t_x_187,0.3195347061135602,47,214.176594
6402,115,t_x_252,0.31946986491772833,46,214.199579
6403,116,t_x_242,0.3193170507532921,45,214.222832
6404,117,t_x_182,0.3192603059870898,44,214.246505
6405,118,t_x_246,0.3190836364520209,43,214.269007
6406,119,t_x_33,0.31907745609654115,42,214.292099
6407,120,t_x_188,0.31901848908761204,41,214.315033
6408,121,t_x_414,0.31898229808373346,40,214.337427
6409,122,t_x_9,0.31880382724696477,39,214.358809
6410,123,t_x_406,0.3187332588205406,38,214.382613
6411,124,t_x_12,0.3186774985671871,37,214.404446
6412,125,t_x_247,0.3185092782668806,36,214.426054
6413,126,t_x_405,0.3184748756480654,35,214.448898
6414,127,t_x_40,0.3182723724320793,34,214.470919
6415,128,t_x_94,0.31824593329857287,33,214.492831
6416,129,t_x_391,0.31818185738335797,32,214.515111
6417,130,t_x_34,0.31800397427268234,31,214.537240
6418,131,t_x_0,0.3179572713585191,30,214.558710
6419,77,t_x_373,0.3291839228566644,373,214.613025
6420,78,t_x_97,0.3290778133744423,65,214.748527
6421,79,t_x_62,0.32853857799150243,64,214.796296
6422,80,t_x_343,0.32851280584207715,63,214.823511
6423,81,t_x_153,0.32837066835719786,62,214.850215
6424,82,t_x_367,0.32833040353733933,61,214.894745
6425,83,t_x_149,0.3281587594035913,33,214.927884
6426,84,t_x_374,0.32811552122135923,32,214.949800
6427,85,t_x_139,0.32800220097911803,31,214.982481
6428,86,t_x_428,0.32790863073303644,30,215.004665
6429,87,t_x_339,0.3264010485281532,29,215.036353
6430,88,t_x_432,0.32631918216853084,28,215.057868
6431,83,t_x_149,0.3281587594035913,60,215.102192
6432,84,t_x_374,0.32811552122135923,59,215.153651
6433,85,t_x_434,0.32795547383667734,28,215.191006
6434,85,t_x_139,0.32800220097911803,58,215.230457
6435,86,t_x_434,0.32795547383667734,57,215.265637
6436,87,t_x_428,0.32790863073303644,56,215.314724
6437,88,t_x_79,0.3273105193088242,55,215.363896
6438,89,t_x_19,0.32721141007081767,54,215.396530
6439,90,t_x_229,0.32710653484174335,53,215.428205
6440,91,t_x_339,0.3264010485281532,52,215.460137
6441,92,t_x_432,0.32631918216853084,51,215.484456
6442,93,t_x_369,0.3257086592576262,50,215.521987
6443,94,t_x_366,0.32490447930058935,49,215.559111
6444,95,t_x_286,0.32463937627479783,48,215.595561
6445,96,t_x_336,0.32462792849298816,47,215.620323
6446,97,t_x_292,0.3244666037562576,46,215.644663
6447,98,t_x_16,0.3238783027854283,45,215.669111
6448,99,t_x_151,0.32337424325993264,44,215.693390
6449,100,t_x_354,0.3213662439305996,43,215.716732
6450,101,t_x_327,0.3211406740627265,42,215.739987
6451,102,t_x_368,0.32082819954508945,41,215.774538
6452,103,t_x_429,0.32064953327757917,40,215.809361
6453,104,t_x_363,0.3201927993523778,39,215.832605
6454,105,t_x_155,0.3200636541751233,38,215.866046
6455,106,t_x_371,0.31997869627072717,37,215.888343
6456,107,t_x_158,0.3198822175572763,36,215.921945
6457,108,t_x_348,0.319840074379505,35,215.944664
6458,109,t_x_93,0.31969098511900007,34,215.967128
6459,110,t_x_319,0.3196661549508256,33,215.989887
6460,111,t_x_28,0.31963977817813943,32,216.011978
6461,112,t_x_255,0.31961596194100095,31,216.034954
6462,113,t_x_370,0.3195182550040618,30,216.058189
6463,78,t_x_201,0.3291212094295495,372,216.114590
6464,79,t_x_420,0.328837001787633,41,216.241633
6465,80,t_x_62,0.32853857799150243,40,216.273625
6466,81,t_x_139,0.32800220097911803,39,216.299250
6467,82,t_x_140,0.3279708210237213,38,216.322003
6468,83,t_x_176,0.32783752541092237,37,216.344185
6469,84,t_x_172,0.32742867952012167,36,216.365921
6470,85,t_x_192,0.3270128963252965,35,216.387737
6471,86,t_x_432,0.32631918216853084,34,216.409697
6472,87,t_x_147,0.32449028000274377,33,216.431645
6473,88,t_x_292,0.3244666037562576,32,216.453241
6474,89,t_x_16,0.3238783027854283,31,216.474730
6475,90,t_x_191,0.3231065965073835,30,216.495979
6476,79,t_x_97,0.3290778133744423,371,216.553330
6477,80,t_x_318,0.3286139811380062,73,216.699373
6478,81,t_x_62,0.32853857799150243,72,216.748707
6479,82,t_x_149,0.3281587594035913,71,216.776393
6480,83,t_x_68,0.32792695399343874,70,216.824203
6481,84,t_x_270,0.32783001401543077,69,216.851111
6482,85,t_x_14,0.3274421151063002,68,216.899577
6483,86,t_x_145,0.32726340919038455,67,216.947074
6484,87,t_x_10,0.3272199581788964,66,216.972433
6485,88,t_x_19,0.32721141007081767,65,217.018802
6486,89,t_x_104,0.3270224657044486,64,217.044255
6487,90,t_x_101,0.32643855400786287,37,217.075172
6488,91,t_x_8,0.3252872337777598,36,217.107859
6489,92,t_x_130,0.3237189430626469,35,217.129753
6490,93,t_x_328,0.3235503395467524,34,217.161976
6491,94,t_x_131,0.32326796846853334,33,217.182927
6492,95,t_x_6,0.32156760061632716,32,217.203492
6493,96,t_x_99,0.3215428667997927,31,217.225551
6494,97,t_x_327,0.3211406740627265,30,217.257286
6495,98,t_x_91,0.32105979179969935,29,217.286658
6496,99,t_x_375,0.32083768524015677,28,217.319608
6497,80,t_x_420,0.328837001787633,370,217.379606
6498,81,t_x_442,0.3284343996107425,77,217.523229
6499,82,t_x_153,0.32837066835719786,76,217.577154
6500,83,t_x_367,0.32833040353733933,75,217.629369
6501,84,t_x_374,0.32811552122135923,74,217.681331
6502,85,t_x_139,0.32800220097911803,73,217.733048
6503,86,t_x_140,0.3279708210237213,72,217.783059
6504,87,t_x_434,0.32795547383667734,71,217.834601
6505,88,t_x_428,0.32790863073303644,32,217.870915
6506,89,t_x_148,0.32773032536471913,31,217.902560
6507,90,t_x_331,0.3274126242838769,30,217.924237
6508,91,t_x_145,0.32726340919038455,29,217.949475
6509,92,t_x_239,0.32682813220844253,28,217.971764
6510,90,t_x_132,0.3268587771808999,63,218.016722
6511,91,t_x_101,0.32643855400786287,62,218.062905
6512,92,t_x_130,0.3237189430626469,34,218.093310
6513,93,t_x_181,0.32346568703913375,33,218.114075
6514,94,t_x_131,0.32326796846853334,32,218.135671
6515,95,t_x_6,0.32156760061632716,31,218.156850
6516,96,t_x_99,0.3215428667997927,30,218.178474
6517,97,t_x_327,0.3211406740627265,29,218.210239
6518,98,t_x_91,0.32105979179969935,28,218.231637
6519,92,t_x_166,0.32545563514268605,61,218.274841
6520,93,t_x_8,0.3252872337777598,60,218.299600
6521,94,t_x_130,0.3237189430626469,59,218.343611
6522,95,t_x_328,0.3235503395467524,58,218.387146
6523,96,t_x_181,0.32346568703913375,57,218.429896
6524,97,t_x_131,0.32326796846853334,56,218.455226
6525,98,t_x_6,0.32156760061632716,55,218.497243
6526,99,t_x_99,0.3215428667997927,54,218.522447
6527,100,t_x_327,0.3211406740627265,53,218.563366
6528,101,t_x_91,0.32105979179969935,52,218.603501
6529,102,t_x_375,0.32083768524015677,51,218.641999
6530,103,t_x_95,0.32077476127869986,50,218.668264
6531,104,t_x_324,0.3205857039195655,49,218.705789
6532,105,t_x_135,0.32055137576989046,48,218.731543
6533,106,t_x_184,0.3204442243710062,47,218.754946
6534,107,t_x_190,0.3203893311707023,46,218.777882
6535,108,t_x_4,0.32030328407467384,45,218.801015
6536,109,t_x_317,0.32030211942610837,44,218.824703
6537,110,t_x_363,0.3201927993523778,43,218.859355
6538,111,t_x_92,0.3201060406698506,42,218.882551
6539,112,t_x_272,0.3200110872880186,41,218.916420
6540,113,t_x_90,0.31975708337557535,40,218.938815
6541,114,t_x_379,0.31970047243472205,39,218.971628
6542,115,t_x_93,0.31969098511900007,38,218.993566
6543,116,t_x_319,0.3196661549508256,37,219.026424
6544,117,t_x_284,0.31956004451484066,36,219.047649
6545,118,t_x_187,0.3195347061135602,35,219.070133
6546,119,t_x_443,0.31919004525908323,34,219.092515
6547,120,t_x_281,0.3191887990043659,33,219.114320
6548,121,t_x_329,0.3191806753137926,32,219.136161
6549,122,t_x_384,0.3190740655960574,31,219.156714
6550,123,t_x_321,0.3189184288017534,30,219.177926
6551,88,t_x_428,0.32790863073303644,70,219.220027
6552,89,t_x_148,0.32773032536471913,39,219.253345
6553,90,t_x_145,0.32726340919038455,38,219.276686
6554,91,t_x_341,0.32680349009166004,37,219.314715
6555,92,t_x_339,0.3264010485281532,36,219.339038
6556,93,t_x_432,0.32631918216853084,35,219.361775
6557,94,t_x_163,0.32498562062928704,34,219.395305
6558,95,t_x_366,0.32490447930058935,33,219.428292
6559,96,t_x_340,0.32488452727089095,32,219.450944
6560,97,t_x_31,0.32473594029234726,31,219.474337
6561,98,t_x_147,0.32449028000274377,30,219.497048
6562,99,t_x_292,0.3244666037562576,29,219.519059
6563,100,t_x_35,0.323694450763153,28,219.540418
6564,89,t_x_148,0.32773032536471913,69,219.577765
6565,90,t_x_331,0.3274126242838769,68,219.625999
6566,91,t_x_145,0.32726340919038455,67,219.657342
6567,92,t_x_239,0.32682813220844253,66,219.705915
6568,93,t_x_341,0.32680349009166004,65,219.733251
6569,94,t_x_339,0.3264010485281532,64,219.760957
6570,95,t_x_432,0.32631918216853084,63,219.805947
6571,96,t_x_369,0.3257086592576262,62,219.855600
6572,97,t_x_163,0.32498562062928704,61,219.901636
6573,98,t_x_366,0.32490447930058935,60,219.946437
6574,99,t_x_287,0.324896557933668,59,219.972894
6575,100,t_x_340,0.32488452727089095,58,219.999034
6576,101,t_x_232,0.32481809607848655,57,220.025705
6577,102,t_x_31,0.32473594029234726,56,220.052453
6578,103,t_x_286,0.32463937627479783,55,220.078400
6579,104,t_x_147,0.32449028000274377,54,220.120879
6580,105,t_x_292,0.3244666037562576,53,220.146347
6581,106,t_x_225,0.32404935223887216,52,220.186167
6582,107,t_x_446,0.32394544265052777,51,220.212236
6583,108,t_x_130,0.3237189430626469,50,220.249469
6584,109,t_x_35,0.323694450763153,49,220.274586
6585,110,t_x_151,0.32337424325993264,48,220.300277
6586,111,t_x_338,0.32264023726710334,47,220.325625
6587,112,t_x_433,0.3218899203392841,46,220.350618
6588,113,t_x_368,0.32082819954508945,45,220.386331
6589,114,t_x_429,0.32064953327757917,44,220.410987
6590,115,t_x_135,0.32055137576989046,43,220.434715
6591,116,t_x_435,0.32023988121854285,42,220.458760
6592,117,t_x_363,0.3201927993523778,41,220.482617
6593,118,t_x_128,0.3201485176076543,40,220.506471
6594,119,t_x_447,0.3201059070916388,39,220.531075
6595,120,t_x_155,0.3200636541751233,38,220.554305
6596,121,t_x_449,0.3200522998991134,37,220.577685
6597,122,t_x_437,0.3199783566261846,36,220.601279
6598,123,t_x_158,0.3198822175572763,35,220.628229
6599,124,t_x_431,0.3195293554421153,34,220.652534
6600,125,t_x_427,0.3192083979091698,33,220.684946
6601,126,t_x_439,0.31905430647098704,32,220.707010
6602,127,t_x_389,0.3190051244560763,31,220.729702
6603,128,t_x_120,0.31880171171540855,30,220.752192
6604,81,t_x_150,0.3286823076073712,369,220.808635
6605,82,t_x_153,0.32837066835719786,76,220.958901
6606,83,t_x_434,0.32795547383667734,30,220.998205
6607,84,t_x_236,0.3274205406343998,29,221.018884
6608,85,t_x_19,0.32721141007081767,28,221.039708
6609,83,t_x_149,0.3281587594035913,75,221.074901
6610,84,t_x_434,0.32795547383667734,74,221.124008
6611,85,t_x_428,0.32790863073303644,73,221.175715
6612,86,t_x_148,0.32773032536471913,72,221.225294
6613,87,t_x_236,0.3274205406343998,71,221.251507
6614,88,t_x_145,0.32726340919038455,70,221.299725
6615,89,t_x_19,0.32721141007081767,69,221.345851
6616,90,t_x_229,0.32710653484174335,68,221.392625
6617,91,t_x_237,0.32638683091703363,67,221.439144
6618,92,t_x_226,0.3256741836549671,66,221.464768
6619,93,t_x_166,0.32545563514268605,65,221.510114
6620,94,t_x_56,0.32519348547158655,64,221.535830
6621,95,t_x_163,0.32498562062928704,63,221.580854
6622,96,t_x_292,0.3244666037562576,30,221.614263
6623,97,t_x_225,0.32404935223887216,29,221.635180
6624,98,t_x_35,0.323694450763153,28,221.655954
6625,96,t_x_286,0.32463937627479783,62,221.689115
6626,97,t_x_292,0.3244666037562576,61,221.732869
6627,98,t_x_167,0.3242644250523776,60,221.760056
6628,99,t_x_225,0.32404935223887216,59,221.785171
6629,100,t_x_72,0.32396974378127846,58,221.809352
6630,101,t_x_53,0.323954494307468,57,221.835517
6631,102,t_x_74,0.323802536529808,56,221.859685
6632,103,t_x_35,0.323694450763153,55,221.883474
6633,104,t_x_151,0.32337424325993264,54,221.924690
6634,105,t_x_36,0.32315741763196254,53,221.965145
6635,106,t_x_304,0.3231550820374737,52,222.006309
6636,107,t_x_27,0.3226116951650698,51,222.030446
6637,108,t_x_138,0.3221951617760623,50,222.054020
6638,109,t_x_433,0.3218899203392841,49,222.077859
6639,110,t_x_368,0.32082819954508945,48,222.101023
6640,111,t_x_162,0.32046107090717313,47,222.124048
6641,112,t_x_317,0.32030211942610837,46,222.159216
6642,113,t_x_363,0.3201927993523778,45,222.182276
6643,114,t_x_155,0.3200636541751233,44,222.204746
6644,115,t_x_161,0.31993337202310457,43,222.226762
6645,116,t_x_158,0.3198822175572763,42,222.261618
6646,117,t_x_39,0.3197549282209896,41,222.295628
6647,118,t_x_29,0.31970262399898997,40,222.318153
6648,119,t_x_312,0.31948945754507085,39,222.341138
6649,120,t_x_160,0.31941654628814786,38,222.363620
6650,121,t_x_235,0.3193493197656214,37,222.385734
6651,122,t_x_32,0.31928257804655796,36,222.408170
6652,123,t_x_427,0.3192083979091698,35,222.430786
6653,124,t_x_329,0.3191806753137926,34,222.452772
6654,125,t_x_58,0.3188222732541668,33,222.474837
6655,126,t_x_70,0.31875483678757077,32,222.495677
6656,127,t_x_69,0.3187309179251806,31,222.517327
6657,128,t_x_422,0.3183627391269323,30,222.539068
6658,82,t_x_318,0.3286139811380062,368,222.593353
6659,83,t_x_45,0.32813523944670725,40,222.724612
6660,84,t_x_79,0.3273105193088242,39,222.747965
6661,85,t_x_229,0.32710653484174335,38,222.770636
6662,86,t_x_341,0.32680349009166004,37,222.792788
6663,87,t_x_328,0.3235503395467524,36,222.815671
6664,88,t_x_327,0.3211406740627265,35,222.848061
6665,89,t_x_368,0.32082819954508945,34,222.879464
6666,90,t_x_324,0.3205857039195655,33,222.901641
6667,91,t_x_317,0.32030211942610837,32,222.933099
6668,92,t_x_363,0.3201927993523778,31,222.964294
6669,93,t_x_128,0.3201485176076543,30,222.985662
6670,83,t_x_129,0.3285813450795422,367,223.040466
6671,84,t_x_442,0.3284343996107425,73,223.178778
6672,85,t_x_149,0.3281587594035913,72,223.206640
6673,86,t_x_122,0.3281171678472218,71,223.254950
6674,87,t_x_142,0.3279009411221477,36,223.290529
6675,88,t_x_79,0.3273105193088242,35,223.323525
6676,89,t_x_168,0.3271013922953005,34,223.345050
6677,90,t_x_132,0.3268587771808999,33,223.366739
6678,91,t_x_260,0.32650316371008,32,223.398790
6679,92,t_x_256,0.32401288646770043,31,223.430924
6680,93,t_x_130,0.3237189430626469,30,223.453675
6681,94,t_x_131,0.32326796846853334,29,223.484869
6682,95,t_x_95,0.32077476127869986,28,223.515096
6683,87,t_x_428,0.32790863073303644,70,223.550216
6684,88,t_x_142,0.3279009411221477,69,223.598648
6685,89,t_x_176,0.32783752541092237,68,223.646748
6686,90,t_x_148,0.32773032536471913,67,223.695307
6687,91,t_x_79,0.3273105193088242,66,223.742770
6688,92,t_x_145,0.32726340919038455,65,223.789897
6689,93,t_x_19,0.32721141007081767,64,223.819046
6690,94,t_x_229,0.32710653484174335,63,223.845677
6691,95,t_x_168,0.3271013922953005,62,223.890754
6692,96,t_x_15,0.3268669079888928,61,223.934550
6693,97,t_x_132,0.3268587771808999,60,223.961332
6694,98,t_x_171,0.32614527961942785,33,223.994596
6695,99,t_x_256,0.32401288646770043,32,224.015686
6696,100,t_x_130,0.3237189430626469,31,224.038373
6697,101,t_x_328,0.3235503395467524,30,224.069795
6698,102,t_x_131,0.32326796846853334,29,224.091147
6699,103,t_x_95,0.32077476127869986,28,224.122305
6700,98,t_x_239,0.32682813220844253,59,224.155919
6701,99,t_x_260,0.32650316371008,58,224.181183
6702,100,t_x_171,0.32614527961942785,57,224.224496
6703,101,t_x_180,0.32508066064641833,56,224.249580
6704,102,t_x_256,0.32401288646770043,55,224.275797
6705,103,t_x_130,0.3237189430626469,54,224.318797
6706,104,t_x_328,0.3235503395467524,53,224.361178
6707,105,t_x_131,0.32326796846853334,52,224.386080
6708,106,t_x_433,0.3218899203392841,51,224.426899
6709,107,t_x_95,0.32077476127869986,50,224.451485
6710,108,t_x_429,0.32064953327757917,49,224.488560
6711,109,t_x_135,0.32055137576989046,48,224.512752
6712,110,t_x_184,0.3204442243710062,47,224.538405
6713,111,t_x_231,0.32026074926974174,46,224.562604
6714,112,t_x_128,0.3201485176076543,45,224.586620
6715,113,t_x_449,0.3200522998991134,44,224.622834
6716,114,t_x_272,0.3200110872880186,43,224.646040
6717,115,t_x_437,0.3199783566261846,42,224.680282
6718,116,t_x_282,0.3196933056683402,41,224.703056
6719,117,t_x_93,0.31969098511900007,40,224.736765
6720,118,t_x_257,0.3196862469239287,39,224.761524
6721,119,t_x_235,0.3193493197656214,38,224.785840
6722,120,t_x_279,0.3193139926659193,37,224.808709
6723,121,t_x_182,0.3192603059870898,36,224.830696
6724,122,t_x_427,0.3192083979091698,35,224.853510
6725,123,t_x_281,0.3191887990043659,34,224.875917
6726,124,t_x_384,0.3190740655960574,33,224.899195
6727,125,t_x_121,0.31900809173540023,32,224.920553
6728,126,t_x_389,0.3190051244560763,31,224.952208
6729,127,t_x_120,0.31880171171540855,30,224.973725
6730,84,t_x_62,0.32853857799150243,366,225.039826
6731,85,t_x_442,0.3284343996107425,75,225.179005
6732,86,t_x_66,0.32837626014866994,74,225.206863
6733,87,t_x_68,0.32792695399343874,29,225.248567
6734,88,t_x_71,0.32765571981761243,28,225.278986
6735,87,t_x_68,0.32792695399343874,73,225.322938
6736,88,t_x_71,0.32765571981761243,28,225.360218
6737,85,t_x_343,0.32851280584207715,365,225.423844
6738,86,t_x_270,0.32783001401543077,77,225.569419
6739,87,t_x_400,0.3277550551348225,76,225.622684
6740,88,t_x_411,0.32753300194262525,75,225.653410
6741,89,t_x_331,0.3274126242838769,74,225.705483
6742,90,t_x_341,0.32680349009166004,73,225.759154
6743,91,t_x_339,0.3264010485281532,29,225.796203
6744,92,t_x_180,0.32508066064641833,28,225.818466
6745,88,t_x_71,0.32765571981761243,72,225.863248
6746,89,t_x_72,0.32396974378127846,31,225.901269
6747,90,t_x_446,0.32394544265052777,30,225.932799
6748,91,t_x_74,0.323802536529808,29,225.954951
6749,92,t_x_345,0.32350193897925106,28,225.990914
6750,89,t_x_229,0.32710653484174335,71,226.026876
6751,90,t_x_239,0.32682813220844253,70,226.057479
6752,91,t_x_369,0.3257086592576262,69,226.084892
6753,92,t_x_366,0.32490447930058935,68,226.114568
6754,93,t_x_232,0.32481809607848655,67,226.142092
6755,94,t_x_245,0.32478719540614975,66,226.169540
6756,95,t_x_147,0.32449028000274377,65,226.196513
6757,96,t_x_72,0.32396974378127846,64,226.222886
6758,97,t_x_446,0.32394544265052777,63,226.270946
6759,98,t_x_74,0.323802536529808,62,226.297650
6760,99,t_x_345,0.32350193897925106,61,226.341778
6761,100,t_x_181,0.32346568703913375,60,226.367572
6762,101,t_x_300,0.32343917332278554,59,226.394121
6763,102,t_x_99,0.3215428667997927,58,226.420292
6764,103,t_x_95,0.32077476127869986,57,226.446770
6765,104,t_x_61,0.3206324300073691,56,226.473116
6766,105,t_x_135,0.32055137576989046,55,226.516519
6767,106,t_x_231,0.32026074926974174,54,226.542383
6768,107,t_x_92,0.3201060406698506,53,226.568140
6769,108,t_x_371,0.31997869627072717,52,226.593416
6770,109,t_x_436,0.3195203958746361,51,226.618679
6771,110,t_x_312,0.31948945754507085,50,226.643147
6772,111,t_x_63,0.3193462006926152,49,226.668028
6773,112,t_x_353,0.3190031724528899,48,226.703841
6774,113,t_x_58,0.3188222732541668,47,226.727727
6775,114,t_x_70,0.31875483678757077,46,226.751395
6776,115,t_x_266,0.31875346140061533,45,226.786806
6777,116,t_x_69,0.3187309179251806,44,226.811079
6778,117,t_x_356,0.31860603215529865,43,226.834358
6779,118,t_x_47,0.3182127841880249,42,226.858170
6780,119,t_x_391,0.31818185738335797,41,226.882126
6781,120,t_x_60,0.318135541005953,40,226.915966
6782,121,t_x_136,0.3180954596352299,39,226.938789
6783,122,t_x_34,0.31800397427268234,38,226.962460
6784,123,t_x_248,0.3177753668134972,37,226.985427
6785,124,t_x_347,0.317349019525933,36,227.008923
6786,125,t_x_224,0.31695016743775284,35,227.031416
6787,126,t_x_362,0.31656713007719534,34,227.054623
6788,127,t_x_265,0.31635471567331763,33,227.077791
6789,128,t_x_42,0.31625720315896605,32,227.100603
6790,129,t_x_152,0.31596936175922885,31,227.122968
6791,130,t_x_390,0.31555270575609,30,227.145289
6792,86,t_x_442,0.3284343996107425,364,227.198287
6793,87,t_x_140,0.3279708210237213,58,227.337878
6794,88,t_x_434,0.32795547383667734,57,227.382567
6795,89,t_x_68,0.32792695399343874,56,227.408411
6796,90,t_x_270,0.32783001401543077,55,227.435516
6797,91,t_x_400,0.3277550551348225,54,227.461056
6798,92,t_x_411,0.32753300194262525,53,227.487263
6799,93,t_x_169,0.32737452520812826,52,227.512987
6800,94,t_x_432,0.32631918216853084,51,227.554570
6801,95,t_x_286,0.32463937627479783,50,227.579943
6802,96,t_x_147,0.32449028000274377,49,227.604439
6803,97,t_x_72,0.32396974378127846,48,227.629351
6804,98,t_x_446,0.32394544265052777,47,227.654418
6805,99,t_x_251,0.32383884010279435,46,227.690668
6806,100,t_x_131,0.32326796846853334,45,227.715117
6807,101,t_x_350,0.3220023172227456,44,227.739981
6808,102,t_x_91,0.32105979179969935,43,227.764032
6809,103,t_x_61,0.3206324300073691,42,227.788255
6810,104,t_x_435,0.32023988121854285,41,227.812207
6811,105,t_x_447,0.3201059070916388,40,227.846591
6812,106,t_x_449,0.3200522998991134,39,227.881418
6813,107,t_x_437,0.3199783566261846,38,227.906997
6814,108,t_x_90,0.31975708337557535,37,227.929234
6815,109,t_x_93,0.31969098511900007,36,227.952864
6816,110,t_x_358,0.31957730052731464,35,227.976553
6817,111,t_x_284,0.31956004451484066,34,227.999234
6818,112,t_x_436,0.3195203958746361,33,228.022481
6819,113,t_x_63,0.3193462006926152,32,228.044564
6820,114,t_x_279,0.3193139926659193,31,228.066241
6821,115,t_x_443,0.31919004525908323,30,228.088861
6822,87,t_x_66,0.32837626014866994,363,228.143144
6823,88,t_x_374,0.32811552122135923,78,228.281767
6824,89,t_x_140,0.3279708210237213,77,228.310468
6825,90,t_x_68,0.32792695399343874,76,228.362562
6826,91,t_x_400,0.3277550551348225,29,228.402170
6827,92,t_x_71,0.32765571981761243,28,228.433102
6828,91,t_x_400,0.3277550551348225,75,228.477209
6829,92,t_x_71,0.32765571981761243,74,228.527396
6830,93,t_x_180,0.32508066064641833,32,228.565687
6831,94,t_x_72,0.32396974378127846,31,228.587672
6832,95,t_x_446,0.32394544265052777,30,228.619180
6833,96,t_x_74,0.323802536529808,29,228.640417
6834,97,t_x_350,0.3220023172227456,28,228.671172
6835,93,t_x_236,0.3274205406343998,73,228.706190
6836,94,t_x_104,0.3270224657044486,72,228.736097
6837,95,t_x_101,0.32643855400786287,71,228.763564
6838,96,t_x_237,0.32638683091703363,70,228.790970
6839,97,t_x_56,0.32519348547158655,69,228.818244
6840,98,t_x_180,0.32508066064641833,68,228.866095
6841,99,t_x_163,0.32498562062928704,67,228.893286
6842,100,t_x_147,0.32449028000274377,66,228.920922
6843,101,t_x_253,0.3240743066028985,65,228.967113
6844,102,t_x_72,0.32396974378127846,64,228.993422
6845,103,t_x_446,0.32394544265052777,63,229.039774
6846,104,t_x_74,0.323802536529808,62,229.083800
6847,105,t_x_350,0.3220023172227456,61,229.128310
6848,106,t_x_354,0.3213662439305996,60,229.171733
6849,107,t_x_91,0.32105979179969935,59,229.196846
6850,108,t_x_61,0.3206324300073691,58,229.223121
6851,109,t_x_143,0.3203363352962292,57,229.266381
6852,110,t_x_92,0.3201060406698506,56,229.291945
6853,111,t_x_449,0.3200522998991134,55,229.318253
6854,112,t_x_437,0.3199783566261846,54,229.343041
6855,113,t_x_351,0.3198275341993695,53,229.368397
6856,114,t_x_93,0.31969098511900007,52,229.393133
6857,115,t_x_252,0.31946986491772833,51,229.418365
6858,116,t_x_63,0.3193462006926152,50,229.442858
6859,117,t_x_242,0.3193170507532921,49,229.479478
6860,118,t_x_443,0.31919004525908323,48,229.504464
6861,119,t_x_250,0.31910493517402994,47,229.528574
6862,120,t_x_353,0.3190031724528899,46,229.553002
6863,121,t_x_58,0.3188222732541668,45,229.576366
6864,122,t_x_70,0.31875483678757077,44,229.599534
6865,123,t_x_69,0.3187309179251806,43,229.634101
6866,124,t_x_263,0.318706573347225,42,229.657330
6867,125,t_x_356,0.31860603215529865,41,229.680658
6868,126,t_x_247,0.3185092782668806,40,229.703757
6869,127,t_x_47,0.3182127841880249,39,229.726967
6870,128,t_x_391,0.31818185738335797,38,229.749552
6871,129,t_x_60,0.318135541005953,37,229.771433
6872,130,t_x_43,0.31810725726167277,36,229.793597
6873,131,t_x_136,0.3180954596352299,35,229.816077
6874,132,t_x_230,0.3177190400122357,34,229.838687
6875,133,t_x_103,0.3177068122855853,33,229.861950
6876,134,t_x_349,0.31631421643674923,32,229.884009
6877,135,t_x_259,0.3163126527703709,31,229.906278
6878,136,t_x_42,0.31625720315896605,30,229.928633
6879,91,t_x_260,0.32650316371008,72,229.973774
6880,92,t_x_339,0.3264010485281532,71,230.023849
6881,93,t_x_180,0.32508066064641833,70,230.073464
6882,94,t_x_340,0.32488452727089095,69,230.102259
6883,95,t_x_336,0.32462792849298816,68,230.149978
6884,96,t_x_253,0.3240743066028985,67,230.197312
6885,97,t_x_53,0.323954494307468,66,230.225302
6886,98,t_x_251,0.32383884010279435,65,230.253523
6887,99,t_x_1,0.3237047946964038,64,230.282056
6888,100,t_x_328,0.3235503395467524,63,230.311368
6889,101,t_x_300,0.32343917332278554,62,230.339492
6890,102,t_x_338,0.32264023726710334,61,230.367712
6891,103,t_x_6,0.32156760061632716,60,230.414434
6892,104,t_x_241,0.3213790574644039,59,230.441837
6893,105,t_x_184,0.3204442243710062,58,230.469091
6894,106,t_x_376,0.3203565634718892,57,230.497851
6895,107,t_x_435,0.32023988121854285,56,230.525076
6896,108,t_x_447,0.3201059070916388,55,230.551147
6897,109,t_x_449,0.3200522998991134,54,230.577871
6898,110,t_x_280,0.31990873351166077,53,230.603332
6899,111,t_x_257,0.3196862469239287,52,230.629508
6900,112,t_x_431,0.3195293554421153,51,230.656312
6901,113,t_x_436,0.3195203958746361,50,230.682379
6902,114,t_x_370,0.3195182550040618,49,230.707377
6903,115,t_x_252,0.31946986491772833,48,230.732857
6904,116,t_x_235,0.3193493197656214,47,230.758052
6905,117,t_x_238,0.3192659625599451,46,230.783544
6906,118,t_x_244,0.31920743172188837,45,230.808725
6907,119,t_x_443,0.31919004525908323,44,230.833354
6908,120,t_x_329,0.3191806753137926,43,230.858089
6909,121,t_x_246,0.3190836364520209,42,230.882791
6910,122,t_x_384,0.3190740655960574,41,230.907687
6911,123,t_x_344,0.31900478376110813,40,230.932058
6912,124,t_x_382,0.31876090221757525,39,230.955215
6913,125,t_x_266,0.31875346140061533,38,230.979681
6914,126,t_x_12,0.3186774985671871,37,231.003858
6915,127,t_x_310,0.3186284145331494,36,231.027115
6916,128,t_x_52,0.3186162959873259,35,231.050112
6917,129,t_x_388,0.31859982612148885,34,231.073571
6918,130,t_x_422,0.3183627391269323,33,231.097657
6919,131,t_x_364,0.31835288347826046,32,231.121339
6920,132,t_x_276,0.3183400161444687,31,231.144887
6921,133,t_x_424,0.3182253669639071,30,231.167566
6922,88,t_x_153,0.32837066835719786,362,231.222549
6923,89,t_x_374,0.32811552122135923,68,231.374527
6924,90,t_x_434,0.32795547383667734,67,231.424294
6925,91,t_x_400,0.3277550551348225,66,231.469852
6926,92,t_x_71,0.32765571981761243,65,231.495764
6927,93,t_x_236,0.3274205406343998,64,231.520948
6928,94,t_x_19,0.32721141007081767,63,231.545626
6929,95,t_x_168,0.3271013922953005,62,231.572896
6930,96,t_x_15,0.3268669079888928,61,231.597760
6931,97,t_x_22,0.32643339157926643,60,231.624305
6932,98,t_x_163,0.32498562062928704,59,231.666920
6933,99,t_x_232,0.32481809607848655,58,231.711472
6934,100,t_x_245,0.32478719540614975,57,231.735952
6935,101,t_x_31,0.32473594029234726,56,231.760306
6936,102,t_x_18,0.3246724231025938,55,231.802072
6937,103,t_x_286,0.32463937627479783,54,231.826065
6938,104,t_x_147,0.32449028000274377,53,231.863604
6939,105,t_x_41,0.32432807218660503,52,231.887289
6940,106,t_x_167,0.3242644250523776,51,231.923669
6941,107,t_x_225,0.32404935223887216,50,231.947364
6942,108,t_x_251,0.32383884010279435,49,231.970564
6943,109,t_x_300,0.32343917332278554,48,231.993778
6944,110,t_x_151,0.32337424325993264,47,232.016497
6945,111,t_x_27,0.3226116951650698,46,232.051654
6946,112,t_x_324,0.3205857039195655,45,232.074930
6947,113,t_x_162,0.32046107090717313,44,232.098174
6948,114,t_x_155,0.3200636541751233,43,232.132846
6949,115,t_x_161,0.31993337202310457,42,232.156910
6950,116,t_x_158,0.3198822175572763,41,232.190132
6951,117,t_x_39,0.3197549282209896,40,232.212085
6952,118,t_x_29,0.31970262399898997,39,232.234397
6953,119,t_x_431,0.3195293554421153,38,232.257610
6954,120,t_x_370,0.3195182550040618,37,232.279062
6955,121,t_x_160,0.31941654628814786,36,232.301399
6956,122,t_x_32,0.31928257804655796,35,232.323078
6957,123,t_x_329,0.3191806753137926,34,232.344259
6958,124,t_x_250,0.31910493517402994,33,232.366119
6959,125,t_x_246,0.3190836364520209,32,232.388026
6960,126,t_x_321,0.3189184288017534,31,232.409167
6961,127,t_x_69,0.3187309179251806,30,232.431194
6962,89,t_x_367,0.32833040353733933,361,232.486754
6963,90,t_x_149,0.3281587594035913,66,232.628718
6964,91,t_x_374,0.32811552122135923,65,232.677894
6965,92,t_x_140,0.3279708210237213,29,232.716353
6966,93,t_x_148,0.32773032536471913,28,232.738287
6967,90,t_x_149,0.3281587594035913,360,232.796636
6968,91,t_x_122,0.3281171678472218,73,232.925719
6969,92,t_x_374,0.32811552122135923,72,232.976506
6970,93,t_x_139,0.32800220097911803,71,233.025598
6971,94,t_x_140,0.3279708210237213,36,233.062602
6972,95,t_x_142,0.3279009411221477,35,233.095879
6973,96,t_x_148,0.32773032536471913,34,233.128590
6974,97,t_x_145,0.32726340919038455,33,233.161153
6975,98,t_x_229,0.32710653484174335,32,233.192983
6976,99,t_x_104,0.3270224657044486,31,233.225004
6977,100,t_x_132,0.3268587771808999,30,233.247271
6978,101,t_x_234,0.32669830148764506,29,233.268627
6979,102,t_x_237,0.32638683091703363,28,233.289227
6980,92,t_x_139,0.32800220097911803,64,233.331095
6981,93,t_x_140,0.3279708210237213,63,233.376827
6982,94,t_x_428,0.32790863073303644,62,233.404022
6983,95,t_x_142,0.3279009411221477,61,233.450068
6984,96,t_x_148,0.32773032536471913,60,233.477281
6985,97,t_x_236,0.3274205406343998,59,233.504003
6986,98,t_x_145,0.32726340919038455,58,233.548393
6987,99,t_x_104,0.3270224657044486,57,233.574302
6988,100,t_x_15,0.3268669079888928,56,233.618523
6989,101,t_x_239,0.32682813220844253,55,233.645531
6990,102,t_x_341,0.32680349009166004,54,233.688819
6991,103,t_x_234,0.32669830148764506,53,233.714602
6992,104,t_x_101,0.32643855400786287,52,233.741112
6993,105,t_x_339,0.3264010485281532,51,233.766964
6994,106,t_x_432,0.32631918216853084,50,233.791978
6995,107,t_x_369,0.3257086592576262,49,233.820198
6996,108,t_x_366,0.32490447930058935,48,233.857871
6997,109,t_x_18,0.3246724231025938,47,233.895145
6998,110,t_x_16,0.3238783027854283,46,233.920412
6999,111,t_x_328,0.3235503395467524,45,233.945456
7000,112,t_x_151,0.32337424325993264,44,233.969350
7001,113,t_x_338,0.32264023726710334,43,233.993751
7002,114,t_x_350,0.3220023172227456,42,234.018255
7003,115,t_x_375,0.32083768524015677,41,234.041927
7004,116,t_x_368,0.32082819954508945,40,234.066024
7005,117,t_x_269,0.3207389474023821,39,234.089182
7006,118,t_x_376,0.3203565634718892,38,234.113212
7007,119,t_x_363,0.3201927993523778,37,234.136934
7008,120,t_x_371,0.31997869627072717,36,234.170447
7009,121,t_x_158,0.3198822175572763,35,234.193525
7010,122,t_x_348,0.319840074379505,34,234.216800
7011,123,t_x_257,0.3196862469239287,33,234.239008
7012,124,t_x_319,0.3196661549508256,32,234.262132
7013,125,t_x_28,0.31963977817813943,31,234.284555
7014,126,t_x_255,0.31961596194100095,30,234.307593
7015,94,t_x_140,0.3279708210237213,70,234.351574
7016,95,t_x_142,0.3279009411221477,35,234.387644
7017,96,t_x_148,0.32773032536471913,34,234.421213
7018,97,t_x_145,0.32726340919038455,33,234.454092
7019,98,t_x_104,0.3270224657044486,32,234.486398
7020,99,t_x_132,0.3268587771808999,31,234.508687
7021,100,t_x_432,0.32631918216853084,30,234.529953
7022,101,t_x_226,0.3256741836549671,29,234.552885
7023,102,t_x_166,0.32545563514268605,28,234.574375
7024,95,t_x_142,0.3279009411221477,69,234.608859
7025,96,t_x_148,0.32773032536471913,68,234.658812
7026,97,t_x_145,0.32726340919038455,32,234.695572
7027,98,t_x_229,0.32710653484174335,31,234.716845
7028,99,t_x_104,0.3270224657044486,30,234.739136
7029,100,t_x_432,0.32631918216853084,29,234.761019
7030,101,t_x_163,0.32498562062928704,28,234.783733
7031,97,t_x_71,0.32765571981761243,67,234.819414
7032,98,t_x_145,0.32726340919038455,66,234.846296
7033,99,t_x_229,0.32710653484174335,65,234.892716
7034,100,t_x_104,0.3270224657044486,64,234.939538
7035,101,t_x_132,0.3268587771808999,63,234.966257
7036,102,t_x_234,0.32669830148764506,62,235.011498
7037,103,t_x_237,0.32638683091703363,61,235.057992
7038,104,t_x_432,0.32631918216853084,60,235.084340
7039,105,t_x_369,0.3257086592576262,59,235.128099
7040,106,t_x_226,0.3256741836549671,58,235.171864
7041,107,t_x_166,0.32545563514268605,57,235.215097
7042,108,t_x_163,0.32498562062928704,56,235.243433
7043,109,t_x_232,0.32481809607848655,55,235.268906
7044,110,t_x_286,0.32463937627479783,54,235.294553
7045,111,t_x_147,0.32449028000274377,53,235.319620
7046,112,t_x_253,0.3240743066028985,52,235.360982
7047,113,t_x_130,0.3237189430626469,51,235.386252
7048,114,t_x_138,0.3221951617760623,50,235.424160
7049,115,t_x_433,0.3218899203392841,49,235.463731
7050,116,t_x_368,0.32082819954508945,48,235.487454
7051,117,t_x_95,0.32077476127869986,47,235.511996
7052,118,t_x_429,0.32064953327757917,46,235.536014
7053,119,t_x_135,0.32055137576989046,45,235.560055
7054,120,t_x_143,0.3203363352962292,44,235.595941
7055,121,t_x_363,0.3201927993523778,43,235.632279
7056,122,t_x_92,0.3201060406698506,42,235.656873
7057,123,t_x_155,0.3200636541751233,41,235.680251
7058,124,t_x_449,0.3200522998991134,40,235.703539
7059,125,t_x_272,0.3200110872880186,39,235.727356
7060,126,t_x_161,0.31993337202310457,38,235.751216
7061,127,t_x_280,0.31990873351166077,37,235.774071
7062,128,t_x_90,0.31975708337557535,36,235.797781
7063,129,t_x_431,0.3195293554421153,35,235.821165
7064,130,t_x_370,0.3195182550040618,34,235.843364
7065,131,t_x_242,0.3193170507532921,33,235.866806
7066,132,t_x_427,0.3192083979091698,32,235.889160
7067,133,t_x_244,0.31920743172188837,31,235.911728
7068,134,t_x_281,0.3191887990043659,30,235.934012
7069,91,t_x_45,0.32813523944670725,359,235.988548
7070,92,t_x_176,0.32783752541092237,77,236.132142
7071,93,t_x_270,0.32783001401543077,76,236.182771
7072,94,t_x_400,0.3277550551348225,75,236.231938
7073,95,t_x_236,0.3274205406343998,74,236.258572
7074,96,t_x_331,0.3274126242838769,73,236.306703
7075,97,t_x_168,0.3271013922953005,72,236.354573
7076,98,t_x_239,0.32682813220844253,71,236.401469
7077,99,t_x_234,0.32669830148764506,70,236.449335
7078,100,t_x_339,0.3264010485281532,69,236.475158
7079,101,t_x_237,0.32638683091703363,68,236.501448
7080,102,t_x_226,0.3256741836549671,67,236.527528
7081,103,t_x_56,0.32519348547158655,66,236.554027
7082,104,t_x_53,0.323954494307468,28,236.591209
7083,104,t_x_180,0.32508066064641833,65,236.634881
7084,105,t_x_245,0.32478719540614975,64,236.666119
7085,106,t_x_225,0.32404935223887216,63,236.694093
7086,107,t_x_256,0.32401288646770043,62,236.719695
7087,108,t_x_53,0.323954494307468,61,236.764724
7088,109,t_x_16,0.3238783027854283,60,236.807988
7089,110,t_x_191,0.3231065965073835,59,236.834076
7090,111,t_x_59,0.3230693864089372,58,236.859543
7091,112,t_x_338,0.32264023726710334,57,236.903876
7092,113,t_x_27,0.3226116951650698,56,236.928617
7093,114,t_x_269,0.3207389474023821,55,236.953439
7094,115,t_x_61,0.3206324300073691,54,236.979997
7095,116,t_x_324,0.3205857039195655,53,237.005932
7096,117,t_x_190,0.3203893311707023,52,237.029565
7097,118,t_x_249,0.3203398526266621,51,237.053695
7098,119,t_x_317,0.32030211942610837,50,237.077494
7099,120,t_x_29,0.31970262399898997,49,237.101165
7100,121,t_x_28,0.31963977817813943,48,237.125053
7101,122,t_x_255,0.31961596194100095,47,237.148456
7102,123,t_x_187,0.3195347061135602,46,237.183966
7103,124,t_x_252,0.31946986491772833,45,237.207162
7104,125,t_x_235,0.3193493197656214,44,237.230467
7105,126,t_x_63,0.3193462006926152,43,237.254061
7106,127,t_x_279,0.3193139926659193,42,237.276861
7107,128,t_x_182,0.3192603059870898,41,237.300607
7108,129,t_x_329,0.3191806753137926,40,237.323795
7109,130,t_x_250,0.31910493517402994,39,237.346446
7110,131,t_x_246,0.3190836364520209,38,237.368901
7111,132,t_x_344,0.31900478376110813,37,237.390901
7112,133,t_x_321,0.3189184288017534,36,237.413604
7113,134,t_x_58,0.3188222732541668,35,237.435929
7114,135,t_x_266,0.31875346140061533,34,237.469462
7115,136,t_x_263,0.318706573347225,33,237.501768
7116,137,t_x_52,0.3186162959873259,32,237.523016
7117,138,t_x_278,0.31856550808332806,31,237.545511
7118,139,t_x_40,0.3182723724320793,30,237.567351
7119,92,t_x_122,0.3281171678472218,358,237.622738
7120,93,t_x_142,0.3279009411221477,69,237.756708
7121,94,t_x_270,0.32783001401543077,68,237.806205
7122,95,t_x_172,0.32742867952012167,29,237.839082
7123,96,t_x_79,0.3273105193088242,28,237.859610
7124,95,t_x_172,0.32742867952012167,67,237.894090
7125,96,t_x_236,0.3274205406343998,66,237.940304
7126,97,t_x_169,0.32737452520812826,65,237.965547
7127,98,t_x_79,0.3273105193088242,64,238.010621
7128,99,t_x_168,0.3271013922953005,63,238.055762
7129,100,t_x_104,0.3270224657044486,62,238.101418
7130,101,t_x_132,0.3268587771808999,61,238.147562
7131,102,t_x_237,0.32638683091703363,30,238.181072
7132,103,t_x_432,0.32631918216853084,29,238.202489
7133,104,t_x_256,0.32401288646770043,28,238.223109
7134,102,t_x_260,0.32650316371008,60,238.257900
7135,103,t_x_22,0.32643339157926643,59,238.301562
7136,104,t_x_237,0.32638683091703363,58,238.327245
7137,105,t_x_432,0.32631918216853084,57,238.351972
7138,106,t_x_226,0.3256741836549671,56,238.376906
7139,107,t_x_256,0.32401288646770043,55,238.401366
7140,108,t_x_446,0.32394544265052777,54,238.443708
7141,109,t_x_16,0.3238783027854283,53,238.467596
7142,110,t_x_130,0.3237189430626469,52,238.493813
7143,111,t_x_131,0.32326796846853334,28,238.522537
7144,111,t_x_131,0.32326796846853334,51,238.565310
7145,112,t_x_269,0.3207389474023821,28,238.593188
7146,112,t_x_138,0.3221951617760623,50,238.626310
7147,113,t_x_95,0.32077476127869986,49,238.650349
7148,114,t_x_269,0.3207389474023821,48,238.674619
7149,115,t_x_324,0.3205857039195655,47,238.698098
7150,116,t_x_135,0.32055137576989046,46,238.722322
7151,117,t_x_184,0.3204442243710062,45,238.745593
7152,118,t_x_317,0.32030211942610837,44,238.768737
7153,119,t_x_231,0.32026074926974174,43,238.791831
7154,120,t_x_435,0.32023988121854285,42,238.815010
7155,121,t_x_128,0.3201485176076543,41,238.837457
7156,122,t_x_92,0.3201060406698506,40,238.870969
7157,123,t_x_437,0.3199783566261846,39,238.893464
7158,124,t_x_90,0.31975708337557535,38,238.916115
7159,125,t_x_379,0.31970047243472205,37,238.949291
7160,126,t_x_93,0.31969098511900007,36,238.971991
7161,127,t_x_257,0.3196862469239287,35,238.994205
7162,128,t_x_319,0.3196661549508256,34,239.015817
7163,129,t_x_28,0.31963977817813943,33,239.038188
7164,130,t_x_255,0.31961596194100095,32,239.060402
7165,131,t_x_431,0.3195293554421153,31,239.081585
7166,132,t_x_279,0.3193139926659193,30,239.103454
7167,93,t_x_374,0.32811552122135923,357,239.158463
7168,94,t_x_140,0.3279708210237213,60,239.286390
7169,95,t_x_434,0.32795547383667734,59,239.332511
7170,96,t_x_148,0.32773032536471913,58,239.377533
7171,97,t_x_331,0.3274126242838769,57,239.403064
7172,98,t_x_229,0.32710653484174335,56,239.448971
7173,99,t_x_104,0.3270224657044486,55,239.493177
7174,100,t_x_15,0.3268669079888928,54,239.518595
7175,101,t_x_341,0.32680349009166004,53,239.545405
7176,102,t_x_22,0.32643339157926643,52,239.570151
7177,103,t_x_237,0.32638683091703363,51,239.595644
7178,104,t_x_432,0.32631918216853084,50,239.620249
7179,105,t_x_369,0.3257086592576262,49,239.644544
7180,106,t_x_366,0.32490447930058935,48,239.681559
7181,107,t_x_287,0.324896557933668,47,239.717795
7182,108,t_x_340,0.32488452727089095,46,239.742795
7183,109,t_x_147,0.32449028000274377,45,239.766763
7184,110,t_x_225,0.32404935223887216,44,239.790627
7185,111,t_x_256,0.32401288646770043,43,239.814700
7186,112,t_x_16,0.3238783027854283,42,239.838901
7187,113,t_x_345,0.32350193897925106,41,239.863404
7188,114,t_x_338,0.32264023726710334,40,239.887550
7189,115,t_x_27,0.3226116951650698,39,239.910480
7190,116,t_x_433,0.3218899203392841,38,239.934367
7191,117,t_x_368,0.32082819954508945,37,239.956484
7192,118,t_x_269,0.3207389474023821,36,239.990258
7193,119,t_x_429,0.32064953327757917,35,240.013780
7194,120,t_x_324,0.3205857039195655,34,240.035690
7195,121,t_x_376,0.3203565634718892,33,240.057655
7196,122,t_x_231,0.32026074926974174,32,240.080194
7197,123,t_x_363,0.3201927993523778,31,240.102185
7198,124,t_x_371,0.31997869627072717,30,240.123434
7199,94,t_x_139,0.32800220097911803,356,240.178843
7200,95,t_x_140,0.3279708210237213,75,240.315566
7201,96,t_x_142,0.3279009411221477,33,240.352044
7202,97,t_x_148,0.32773032536471913,32,240.383934
7203,98,t_x_145,0.32726340919038455,31,240.415610
7204,99,t_x_104,0.3270224657044486,30,240.447192
7205,100,t_x_132,0.3268587771808999,29,240.468784
7206,101,t_x_226,0.3256741836549671,28,240.489991
7207,95,t_x_140,0.3279708210237213,355,240.542549
7208,96,t_x_434,0.32795547383667734,68,240.676110
7209,97,t_x_142,0.3279009411221477,67,240.723843
7210,98,t_x_148,0.32773032536471913,66,240.772403
7211,99,t_x_145,0.32726340919038455,31,240.806795
7212,100,t_x_104,0.3270224657044486,30,240.838916
7213,101,t_x_432,0.32631918216853084,29,240.860621
7214,102,t_x_163,0.32498562062928704,28,240.881661
7215,99,t_x_145,0.32726340919038455,65,240.917009
7216,100,t_x_104,0.3270224657044486,64,240.965680
7217,101,t_x_132,0.3268587771808999,63,240.992647
7218,102,t_x_239,0.32682813220844253,62,241.037979
7219,103,t_x_432,0.32631918216853084,61,241.082805
7220,104,t_x_226,0.3256741836549671,60,241.126525
7221,105,t_x_166,0.32545563514268605,59,241.171667
7222,106,t_x_163,0.32498562062928704,58,241.200098
7223,107,t_x_147,0.32449028000274377,57,241.225381
7224,108,t_x_167,0.3242644250523776,56,241.267411
7225,109,t_x_253,0.3240743066028985,55,241.292761
7226,110,t_x_72,0.32396974378127846,54,241.335870
7227,111,t_x_446,0.32394544265052777,53,241.361871
7228,112,t_x_251,0.32383884010279435,52,241.403075
7229,113,t_x_415,0.32298385976283783,51,241.428158
7230,114,t_x_138,0.3221951617760623,50,241.453454
7231,115,t_x_433,0.3218899203392841,49,241.489948
7232,116,t_x_241,0.3213790574644039,48,241.516269
7233,117,t_x_429,0.32064953327757917,47,241.540180
7234,118,t_x_135,0.32055137576989046,46,241.562962
7235,119,t_x_249,0.3203398526266621,45,241.598773
7236,120,t_x_143,0.3203363352962292,44,241.622322
7237,121,t_x_231,0.32026074926974174,43,241.658062
7238,122,t_x_435,0.32023988121854285,42,241.682009
7239,123,t_x_363,0.3201927993523778,41,241.705391
7240,124,t_x_284,0.31956004451484066,40,241.729166
7241,125,t_x_431,0.3195293554421153,39,241.752638
7242,126,t_x_63,0.3193462006926152,38,241.775165
7243,127,t_x_242,0.3193170507532921,37,241.798455
7244,128,t_x_238,0.3192659625599451,36,241.820717
7245,129,t_x_244,0.31920743172188837,35,241.843822
7246,130,t_x_281,0.3191887990043659,34,241.866365
7247,131,t_x_250,0.31910493517402994,33,241.888421
7248,132,t_x_246,0.3190836364520209,32,241.910532
7249,133,t_x_439,0.31905430647098704,31,241.932831
7250,134,t_x_121,0.31900809173540023,30,241.953835
7251,96,t_x_428,0.32790863073303644,74,241.997409
7252,97,t_x_142,0.3279009411221477,73,242.049674
7253,98,t_x_148,0.32773032536471913,72,242.098751
7254,99,t_x_145,0.32726340919038455,30,242.133751
7255,100,t_x_229,0.32710653484174335,29,242.154125
7256,101,t_x_104,0.3270224657044486,28,242.175115
7257,96,t_x_434,0.32795547383667734,354,242.229689
7258,97,t_x_428,0.32790863073303644,67,242.361897
7259,98,t_x_142,0.3279009411221477,32,242.397825
7260,99,t_x_148,0.32773032536471913,31,242.419523
7261,100,t_x_145,0.32726340919038455,30,242.441516
7262,101,t_x_341,0.32680349009166004,29,242.462545
7263,102,t_x_234,0.32669830148764506,28,242.484766
7264,98,t_x_142,0.3279009411221477,66,242.520676
7265,99,t_x_148,0.32773032536471913,65,242.568322
7266,100,t_x_14,0.3274421151063002,64,242.614684
7267,101,t_x_236,0.3274205406343998,63,242.641661
7268,102,t_x_331,0.3274126242838769,62,242.688335
7269,103,t_x_145,0.32726340919038455,61,242.715099
7270,104,t_x_239,0.32682813220844253,60,242.742290
7271,105,t_x_341,0.32680349009166004,59,242.769197
7272,106,t_x_234,0.32669830148764506,58,242.795221
7273,107,t_x_339,0.3264010485281532,57,242.822105
7274,108,t_x_432,0.32631918216853084,56,242.866257
7275,109,t_x_163,0.32498562062928704,55,242.910325
7276,110,t_x_287,0.324896557933668,54,242.938805
7277,111,t_x_340,0.32488452727089095,53,242.964824
7278,112,t_x_31,0.32473594029234726,52,242.990452
7279,113,t_x_147,0.32449028000274377,51,243.015838
7280,114,t_x_41,0.32432807218660503,50,243.040920
7281,115,t_x_35,0.323694450763153,49,243.066541
7282,116,t_x_328,0.3235503395467524,48,243.091693
7283,117,t_x_151,0.32337424325993264,47,243.119401
7284,118,t_x_36,0.32315741763196254,46,243.144383
7285,119,t_x_304,0.3231550820374737,45,243.169430
7286,120,t_x_433,0.3218899203392841,44,243.195271
7287,121,t_x_368,0.32082819954508945,43,243.230654
7288,122,t_x_429,0.32064953327757917,42,243.255044
7289,123,t_x_143,0.3203363352962292,41,243.290374
7290,124,t_x_4,0.32030328407467384,40,243.313822
7291,125,t_x_435,0.32023988121854285,39,243.338830
7292,126,t_x_447,0.3201059070916388,38,243.362689
7293,127,t_x_437,0.3199783566261846,37,243.385956
7294,128,t_x_161,0.31993337202310457,36,243.409122
7295,129,t_x_158,0.3198822175572763,35,243.432215
7296,130,t_x_319,0.3196661549508256,34,243.455702
7297,131,t_x_431,0.3195293554421153,33,243.478384
7298,132,t_x_436,0.3195203958746361,32,243.500400
7299,133,t_x_370,0.3195182550040618,31,243.522568
7300,134,t_x_427,0.3192083979091698,30,243.545163
7301,99,t_x_172,0.32742867952012167,71,243.589034
7302,100,t_x_236,0.3274205406343998,70,243.637610
7303,101,t_x_169,0.32737452520812826,69,243.684984
7304,102,t_x_145,0.32726340919038455,68,243.731331
7305,103,t_x_229,0.32710653484174335,67,243.777032
7306,104,t_x_168,0.3271013922953005,66,243.822672
7307,105,t_x_104,0.3270224657044486,65,243.848804
7308,106,t_x_132,0.3268587771808999,64,243.876936
7309,107,t_x_234,0.32669830148764506,63,243.921758
7310,108,t_x_101,0.32643855400786287,62,243.967537
7311,109,t_x_237,0.32638683091703363,61,243.993529
7312,110,t_x_171,0.32614527961942785,60,244.037735
7313,111,t_x_226,0.3256741836549671,59,244.065197
7314,112,t_x_163,0.32498562062928704,58,244.108882
7315,113,t_x_366,0.32490447930058935,57,244.134320
7316,114,t_x_232,0.32481809607848655,56,244.159775
7317,115,t_x_286,0.32463937627479783,55,244.185414
7318,116,t_x_147,0.32449028000274377,54,244.209942
7319,117,t_x_253,0.3240743066028985,53,244.248872
7320,118,t_x_151,0.32337424325993264,52,244.274916
7321,119,t_x_131,0.32326796846853334,51,244.298724
7322,120,t_x_419,0.323059624125218,50,244.322773
7323,121,t_x_415,0.32298385976283783,49,244.347298
7324,122,t_x_138,0.3221951617760623,48,244.371714
7325,123,t_x_241,0.3213790574644039,47,244.407674
7326,124,t_x_95,0.32077476127869986,46,244.431344
7327,125,t_x_429,0.32064953327757917,45,244.455290
7328,126,t_x_135,0.32055137576989046,44,244.479282
7329,127,t_x_162,0.32046107090717313,43,244.513953
7330,128,t_x_249,0.3203398526266621,42,244.537165
7331,129,t_x_143,0.3203363352962292,41,244.559613
7332,130,t_x_128,0.3201485176076543,40,244.593387
7333,131,t_x_155,0.3200636541751233,39,244.616168
7334,132,t_x_161,0.31993337202310457,38,244.638741
7335,133,t_x_282,0.3196933056683402,37,244.661688
7336,134,t_x_93,0.31969098511900007,36,244.684111
7337,135,t_x_252,0.31946986491772833,35,244.706660
7338,136,t_x_63,0.3193462006926152,34,244.728813
7339,137,t_x_242,0.3193170507532921,33,244.750791
7340,138,t_x_238,0.3192659625599451,32,244.772561
7341,139,t_x_427,0.3192083979091698,31,244.794685
7342,140,t_x_244,0.31920743172188837,30,244.816265
7343,97,t_x_68,0.32792695399343874,353,244.869133
7344,98,t_x_400,0.3277550551348225,68,245.006126
7345,99,t_x_148,0.32773032536471913,67,245.054866
7346,100,t_x_71,0.32765571981761243,66,245.081783
7347,101,t_x_72,0.32396974378127846,30,245.116382
7348,102,t_x_446,0.32394544265052777,29,245.139686
7349,103,t_x_74,0.323802536529808,28,245.161305
7350,101,t_x_234,0.32669830148764506,65,245.205554
7351,102,t_x_226,0.3256741836549671,64,245.252205
7352,103,t_x_232,0.32481809607848655,63,245.281037
7353,104,t_x_245,0.32478719540614975,62,245.307459
7354,105,t_x_72,0.32396974378127846,61,245.333429
7355,106,t_x_53,0.323954494307468,60,245.376701
7356,107,t_x_446,0.32394544265052777,59,245.402823
7357,108,t_x_74,0.323802536529808,58,245.435791
7358,109,t_x_345,0.32350193897925106,57,245.485314
7359,110,t_x_36,0.32315741763196254,56,245.515260
7360,111,t_x_304,0.3231550820374737,55,245.547452
7361,112,t_x_191,0.3231065965073835,54,245.578391
7362,113,t_x_241,0.3213790574644039,53,245.609118
7363,114,t_x_354,0.3213662439305996,52,245.638954
7364,115,t_x_269,0.3207389474023821,51,245.670374
7365,116,t_x_61,0.3206324300073691,50,245.701235
7366,117,t_x_135,0.32055137576989046,49,245.744120
7367,118,t_x_357,0.3201529313354039,48,245.774383
7368,119,t_x_371,0.31997869627072717,47,245.803633
7369,120,t_x_351,0.3198275341993695,46,245.833195
7370,121,t_x_358,0.31957730052731464,45,245.861132
7371,122,t_x_187,0.3195347061135602,44,245.889694
7372,123,t_x_63,0.3193462006926152,43,245.918414
7373,124,t_x_32,0.31928257804655796,42,245.958037
7374,125,t_x_244,0.31920743172188837,41,245.986958
7375,126,t_x_443,0.31919004525908323,40,246.014864
7376,127,t_x_70,0.31875483678757077,39,246.042396
7377,128,t_x_69,0.3187309179251806,38,246.079495
7378,129,t_x_263,0.318706573347225,37,246.106156
7379,130,t_x_310,0.3186284145331494,36,246.134023
7380,131,t_x_52,0.3186162959873259,35,246.161236
7381,132,t_x_247,0.3185092782668806,34,246.187653
7382,133,t_x_228,0.31819200239238543,33,246.215275
7383,134,t_x_96,0.3181829080367553,32,246.241436
7384,135,t_x_391,0.31818185738335797,31,246.268482
7385,136,t_x_60,0.318135541005953,30,246.292948
7386,98,t_x_428,0.32790863073303644,352,246.359259
7387,99,t_x_142,0.3279009411221477,69,246.491088
7388,100,t_x_148,0.32773032536471913,68,246.540917
7389,101,t_x_145,0.32726340919038455,67,246.593077
7390,102,t_x_229,0.32710653484174335,66,246.640697
7391,103,t_x_132,0.3268587771808999,65,246.689462
7392,104,t_x_341,0.32680349009166004,64,246.716899
7393,105,t_x_234,0.32669830148764506,63,246.744027
7394,106,t_x_339,0.3264010485281532,62,246.771518
7395,107,t_x_432,0.32631918216853084,61,246.797268
7396,108,t_x_163,0.32498562062928704,29,246.831343
7397,109,t_x_292,0.3244666037562576,28,246.852767
7398,108,t_x_301,0.32545457191610666,60,246.886476
7399,109,t_x_163,0.32498562062928704,59,246.912736
7400,110,t_x_366,0.32490447930058935,58,246.958111
7401,111,t_x_340,0.32488452727089095,57,246.983458
7402,112,t_x_31,0.32473594029234726,56,247.009946
7403,113,t_x_147,0.32449028000274377,55,247.035865
7404,114,t_x_292,0.3244666037562576,54,247.077683
7405,115,t_x_35,0.323694450763153,53,247.120723
7406,116,t_x_300,0.32343917332278554,52,247.146143
7407,117,t_x_151,0.32337424325993264,51,247.171294
7408,118,t_x_131,0.32326796846853334,50,247.196192
7409,119,t_x_304,0.3231550820374737,49,247.223756
7410,120,t_x_138,0.3221951617760623,48,247.249362
7411,121,t_x_433,0.3218899203392841,47,247.286821
7412,122,t_x_429,0.32064953327757917,46,247.335234
7413,123,t_x_135,0.32055137576989046,45,247.359105
7414,124,t_x_143,0.3203363352962292,44,247.383893
7415,125,t_x_231,0.32026074926974174,43,247.407751
7416,126,t_x_435,0.32023988121854285,42,247.431886
7417,127,t_x_363,0.3201927993523778,41,247.456599
7418,128,t_x_155,0.3200636541751233,40,247.479651
7419,129,t_x_371,0.31997869627072717,39,247.502507
7420,130,t_x_437,0.3199783566261846,38,247.526465
7421,131,t_x_158,0.3198822175572763,37,247.550078
7422,132,t_x_39,0.3197549282209896,36,247.573493
7423,133,t_x_431,0.3195293554421153,35,247.596199
7424,134,t_x_370,0.3195182550040618,34,247.620550
7425,135,t_x_160,0.31941654628814786,33,247.643392
7426,136,t_x_427,0.3192083979091698,32,247.670789
7427,137,t_x_384,0.3190740655960574,31,247.692515
7428,138,t_x_121,0.31900809173540023,30,247.714673
7429,99,t_x_142,0.3279009411221477,351,247.773068
7430,100,t_x_148,0.32773032536471913,49,247.899008
7431,101,t_x_145,0.32726340919038455,28,247.927414
7432,100,t_x_176,0.32783752541092237,350,247.980784
7433,101,t_x_270,0.32783001401543077,76,248.124703
7434,102,t_x_148,0.32773032536471913,75,248.176546
7435,103,t_x_411,0.32753300194262525,74,248.206759
7436,104,t_x_172,0.32742867952012167,73,248.233252
7437,105,t_x_169,0.32737452520812826,29,248.271825
7438,106,t_x_229,0.32710653484174335,28,248.292470
7439,101,t_x_71,0.32765571981761243,48,248.341270
7440,102,t_x_236,0.3274205406343998,47,248.368917
7441,103,t_x_145,0.32726340919038455,46,248.407053
7442,104,t_x_229,0.32710653484174335,45,248.442881
7443,105,t_x_104,0.3270224657044486,44,248.465831
7444,106,t_x_239,0.32682813220844253,43,248.489228
7445,107,t_x_234,0.32669830148764506,42,248.512002
7446,108,t_x_101,0.32643855400786287,41,248.534617
7447,109,t_x_147,0.32449028000274377,40,248.557037
7448,110,t_x_225,0.32404935223887216,39,248.590647
7449,111,t_x_72,0.32396974378127846,38,248.612468
7450,112,t_x_74,0.323802536529808,37,248.635573
7451,113,t_x_130,0.3237189430626469,36,248.657834
7452,114,t_x_408,0.3235294581808897,35,248.680267
7453,115,t_x_415,0.32298385976283783,34,248.702777
7454,116,t_x_138,0.3221951617760623,33,248.725370
7455,117,t_x_99,0.3215428667997927,32,248.757159
7456,118,t_x_95,0.32077476127869986,31,248.778935
7457,119,t_x_429,0.32064953327757917,30,248.801379
7458,105,t_x_169,0.32737452520812826,72,248.846142
7459,106,t_x_229,0.32710653484174335,71,248.893723
7460,107,t_x_168,0.3271013922953005,70,248.941539
7461,108,t_x_104,0.3270224657044486,69,248.994929
7462,109,t_x_192,0.3270128963252965,68,249.044755
7463,110,t_x_239,0.32682813220844253,67,249.090771
7464,111,t_x_171,0.32614527961942785,66,249.117218
7465,112,t_x_166,0.32545563514268605,65,249.163492
7466,113,t_x_180,0.32508066064641833,64,249.209593
7467,114,t_x_163,0.32498562062928704,63,249.254136
7468,115,t_x_232,0.32481809607848655,62,249.280126
7469,116,t_x_352,0.3243614895021832,61,249.306673
7470,117,t_x_41,0.32432807218660503,60,249.332269
7471,118,t_x_167,0.3242644250523776,59,249.358083
7472,119,t_x_225,0.32404935223887216,58,249.402297
7473,120,t_x_256,0.32401288646770043,57,249.427847
7474,121,t_x_194,0.3239518020251907,56,249.452689
7475,122,t_x_35,0.323694450763153,55,249.477266
7476,123,t_x_408,0.3235294581808897,54,249.502577
7477,124,t_x_181,0.32346568703913375,53,249.528440
7478,125,t_x_151,0.32337424325993264,52,249.552958
7479,126,t_x_36,0.32315741763196254,51,249.577601
7480,127,t_x_191,0.3231065965073835,50,249.601903
7481,128,t_x_419,0.323059624125218,49,249.627924
7482,129,t_x_415,0.32298385976283783,48,249.651923
7483,130,t_x_375,0.32083768524015677,47,249.676146
7484,131,t_x_184,0.3204442243710062,46,249.700466
7485,132,t_x_449,0.3200522998991134,45,249.724036
7486,133,t_x_161,0.31993337202310457,44,249.746475
7487,134,t_x_255,0.31961596194100095,43,249.770398
7488,135,t_x_358,0.31957730052731464,42,249.792948
7489,136,t_x_284,0.31956004451484066,41,249.815814
7490,137,t_x_187,0.3195347061135602,40,249.838612
7491,138,t_x_242,0.3193170507532921,39,249.861102
7492,139,t_x_32,0.31928257804655796,38,249.883554
7493,140,t_x_443,0.31919004525908323,37,249.905991
7494,141,t_x_250,0.31910493517402994,36,249.928171
7495,142,t_x_246,0.3190836364520209,35,249.950656
7496,143,t_x_188,0.31901848908761204,34,249.972730
7497,144,t_x_266,0.31875346140061533,33,249.995115
7498,145,t_x_263,0.318706573347225,32,250.016452
7499,146,t_x_127,0.31864984704845123,31,250.037817
7500,147,t_x_52,0.3186162959873259,30,250.058416
7501,101,t_x_270,0.32783001401543077,349,250.113098
7502,102,t_x_172,0.32742867952012167,75,250.242124
7503,103,t_x_79,0.3273105193088242,74,250.292859
7504,104,t_x_168,0.3271013922953005,73,250.350853
7505,105,t_x_171,0.32614527961942785,29,250.397377
7506,106,t_x_166,0.32545563514268605,28,250.418279
7507,102,t_x_400,0.3277550551348225,348,250.472889
7508,103,t_x_71,0.32765571981761243,40,250.592730
7509,104,t_x_14,0.3274421151063002,39,250.625875
7510,105,t_x_145,0.32726340919038455,38,250.648083
7511,106,t_x_15,0.3268669079888928,37,250.669917
7512,107,t_x_22,0.32643339157926643,36,250.691402
7513,108,t_x_340,0.32488452727089095,35,250.713134
7514,109,t_x_147,0.32449028000274377,34,250.735651
7515,110,t_x_446,0.32394544265052777,33,250.757219
7516,111,t_x_415,0.32298385976283783,32,250.778234
7517,112,t_x_338,0.32264023726710334,31,250.799434
7518,113,t_x_61,0.3206324300073691,30,250.820671
7519,105,t_x_132,0.3268587771808999,72,250.863065
7520,106,t_x_22,0.32643339157926643,71,250.912785
7521,107,t_x_171,0.32614527961942785,70,250.962070
7522,108,t_x_166,0.32545563514268605,69,251.012554
7523,109,t_x_8,0.3252872337777598,68,251.058431
7524,110,t_x_340,0.32488452727089095,67,251.084350
7525,111,t_x_31,0.32473594029234726,66,251.109120
7526,112,t_x_18,0.3246724231025938,65,251.134239
7527,113,t_x_336,0.32462792849298816,64,251.179238
7528,114,t_x_167,0.3242644250523776,63,251.203235
7529,115,t_x_256,0.32401288646770043,62,251.247531
7530,116,t_x_16,0.3238783027854283,61,251.290600
7531,117,t_x_130,0.3237189430626469,60,251.317173
7532,118,t_x_59,0.3230693864089372,59,251.359334
7533,119,t_x_338,0.32264023726710334,58,251.384346
7534,120,t_x_27,0.3226116951650698,57,251.408654
7535,121,t_x_99,0.3215428667997927,56,251.433093
7536,122,t_x_91,0.32105979179969935,55,251.456563
7537,123,t_x_269,0.3207389474023821,54,251.497729
7538,124,t_x_135,0.32055137576989046,53,251.537665
7539,125,t_x_376,0.3203565634718892,52,251.561588
7540,126,t_x_92,0.3201060406698506,51,251.584620
7541,127,t_x_272,0.3200110872880186,50,251.608212
7542,128,t_x_280,0.31990873351166077,49,251.645283
7543,129,t_x_90,0.31975708337557535,28,251.675498
7544,129,t_x_90,0.31975708337557535,48,251.708585
7545,130,t_x_29,0.31970262399898997,47,251.733337
7546,131,t_x_282,0.3196933056683402,46,251.756835
7547,132,t_x_28,0.31963977817813943,45,251.790942
7548,133,t_x_255,0.31961596194100095,44,251.813744
7549,134,t_x_284,0.31956004451484066,43,251.848010
7550,135,t_x_436,0.3195203958746361,42,251.872370
7551,136,t_x_279,0.3193139926659193,41,251.894559
7552,137,t_x_32,0.31928257804655796,40,251.927872
7553,138,t_x_443,0.31919004525908323,39,251.950038
7554,139,t_x_281,0.3191887990043659,38,251.972042
7555,140,t_x_33,0.31907745609654115,37,252.004232
7556,141,t_x_439,0.31905430647098704,36,252.025599
7557,142,t_x_389,0.3190051244560763,35,252.047289
7558,143,t_x_120,0.31880171171540855,34,252.068795
7559,144,t_x_382,0.31876090221757525,33,252.091900
7560,145,t_x_266,0.31875346140061533,32,252.113516
7561,146,t_x_263,0.318706573347225,31,252.135711
7562,147,t_x_278,0.31856550808332806,30,252.156466
7563,103,t_x_148,0.32773032536471913,347,252.208757
7564,104,t_x_145,0.32726340919038455,62,252.334742
7565,105,t_x_229,0.32710653484174335,61,252.380103
7566,106,t_x_104,0.3270224657044486,60,252.425627
7567,107,t_x_101,0.32643855400786287,59,252.469599
7568,108,t_x_432,0.32631918216853084,58,252.513980
7569,109,t_x_163,0.32498562062928704,57,252.556622
7570,110,t_x_232,0.32481809607848655,56,252.582959
7571,111,t_x_245,0.32478719540614975,55,252.609203
7572,112,t_x_147,0.32449028000274377,54,252.635381
7573,113,t_x_446,0.32394544265052777,53,252.677619
7574,114,t_x_130,0.3237189430626469,52,252.716902
7575,115,t_x_131,0.32326796846853334,51,252.755310
7576,116,t_x_415,0.32298385976283783,50,252.780635
7577,117,t_x_138,0.3221951617760623,49,252.805926
7578,118,t_x_433,0.3218899203392841,48,252.842213
7579,119,t_x_99,0.3215428667997927,47,252.866680
7580,120,t_x_368,0.32082819954508945,46,252.891177
7581,121,t_x_95,0.32077476127869986,45,252.916326
7582,122,t_x_135,0.32055137576989046,44,252.940778
7583,123,t_x_249,0.3203398526266621,43,252.967165
7584,124,t_x_143,0.3203363352962292,42,252.990865
7585,125,t_x_447,0.3201059070916388,41,253.025925
7586,126,t_x_155,0.3200636541751233,40,253.051902
7587,127,t_x_449,0.3200522998991134,39,253.075982
7588,128,t_x_272,0.3200110872880186,38,253.099087
7589,129,t_x_90,0.31975708337557535,37,253.122753
7590,130,t_x_284,0.31956004451484066,36,253.146102
7591,131,t_x_431,0.3195293554421153,35,253.169773
7592,132,t_x_63,0.3193462006926152,34,253.192300
7593,133,t_x_238,0.3192659625599451,33,253.215172
7594,134,t_x_427,0.3192083979091698,32,253.238039
7595,135,t_x_244,0.31920743172188837,31,253.260329
7596,136,t_x_439,0.31905430647098704,30,253.282781
7597,104,t_x_71,0.32765571981761243,346,253.337572
7598,105,t_x_79,0.3273105193088242,74,253.464823
7599,106,t_x_260,0.32650316371008,73,253.493868
7600,107,t_x_180,0.32508066064641833,72,253.524687
7601,108,t_x_256,0.32401288646770043,71,253.573945
7602,109,t_x_72,0.32396974378127846,70,253.601332
7603,110,t_x_194,0.3239518020251907,69,253.649734
7604,111,t_x_446,0.32394544265052777,68,253.677140
7605,112,t_x_74,0.323802536529808,67,253.703622
7606,113,t_x_354,0.3213662439305996,28,253.738126
7607,105,t_x_411,0.32753300194262525,345,253.790927
7608,106,t_x_14,0.3274421151063002,64,253.913209
7609,107,t_x_236,0.3274205406343998,63,253.961486
7610,108,t_x_331,0.3274126242838769,62,253.988093
7611,109,t_x_79,0.3273105193088242,61,254.014425
7612,110,t_x_145,0.32726340919038455,60,254.040553
7613,111,t_x_10,0.3272199581788964,59,254.067274
7614,112,t_x_168,0.3271013922953005,58,254.112519
7615,113,t_x_192,0.3270128963252965,57,254.138807
7616,114,t_x_15,0.3268669079888928,56,254.183213
7617,115,t_x_237,0.32638683091703363,55,254.209505
7618,116,t_x_171,0.32614527961942785,54,254.235964
7619,117,t_x_226,0.3256741836549671,53,254.262066
7620,118,t_x_286,0.32463937627479783,52,254.287748
7621,119,t_x_352,0.3243614895021832,51,254.313792
7622,120,t_x_446,0.32394544265052777,50,254.338276
7623,121,t_x_408,0.3235294581808897,49,254.375722
7624,122,t_x_345,0.32350193897925106,48,254.412710
7625,123,t_x_181,0.32346568703913375,47,254.449445
7626,124,t_x_419,0.323059624125218,46,254.485999
7627,125,t_x_415,0.32298385976283783,45,254.521454
7628,126,t_x_338,0.32264023726710334,44,254.557468
7629,127,t_x_6,0.32156760061632716,43,254.581187
7630,128,t_x_354,0.3213662439305996,42,254.604936
7631,129,t_x_375,0.32083768524015677,41,254.640495
7632,130,t_x_409,0.32060591343907036,40,254.664039
7633,131,t_x_190,0.3203893311707023,39,254.697875
7634,132,t_x_4,0.32030328407467384,38,254.731900
7635,133,t_x_11,0.32017864898743276,37,254.755407
7636,134,t_x_447,0.3201059070916388,36,254.778122
7637,135,t_x_348,0.319840074379505,35,254.801609
7638,136,t_x_351,0.3198275341993695,34,254.823841
7639,137,t_x_379,0.31970047243472205,33,254.846208
7640,138,t_x_28,0.31963977817813943,32,254.867749
7641,139,t_x_187,0.3195347061135602,31,254.891101
7642,140,t_x_238,0.3192659625599451,30,254.912245
7643,113,t_x_345,0.32350193897925106,66,254.958387
7644,114,t_x_350,0.3220023172227456,65,254.987250
7645,115,t_x_354,0.3213662439305996,64,255.012806
7646,116,t_x_61,0.3206324300073691,63,255.038383
7647,117,t_x_184,0.3204442243710062,62,255.083660
7648,118,t_x_143,0.3203363352962292,61,255.109334
7649,119,t_x_363,0.3201927993523778,60,255.135633
7650,120,t_x_155,0.3200636541751233,59,255.161808
7651,121,t_x_348,0.319840074379505,58,255.188051
7652,122,t_x_351,0.3198275341993695,57,255.230259
7653,123,t_x_222,0.31980409393388687,56,255.257982
7654,124,t_x_39,0.3197549282209896,55,255.282820
7655,125,t_x_257,0.3196862469239287,54,255.308043
7656,126,t_x_358,0.31957730052731464,53,255.334336
7657,127,t_x_312,0.31948945754507085,52,255.358332
7658,128,t_x_252,0.31946986491772833,51,255.382795
7659,129,t_x_63,0.3193462006926152,50,255.407852
7660,130,t_x_238,0.3192659625599451,49,255.444650
7661,131,t_x_58,0.3188222732541668,48,255.470378
7662,132,t_x_70,0.31875483678757077,47,255.494276
7663,133,t_x_69,0.3187309179251806,46,255.529912
7664,134,t_x_310,0.3186284145331494,45,255.555645
7665,135,t_x_40,0.3182723724320793,44,255.579243
7666,136,t_x_391,0.31818185738335797,43,255.603266
7667,137,t_x_60,0.318135541005953,42,255.626250
7668,138,t_x_136,0.3180954596352299,41,255.649542
7669,139,t_x_34,0.31800397427268234,40,255.673641
7670,140,t_x_362,0.31656713007719534,39,255.697384
7671,141,t_x_265,0.31635471567331763,38,255.720777
7672,142,t_x_349,0.31631421643674923,37,255.744250
7673,143,t_x_223,0.3160970182211373,36,255.766883
7674,144,t_x_254,0.3160609246666214,35,255.789044
7675,145,t_x_313,0.31586778393762355,34,255.811833
7676,146,t_x_390,0.31555270575609,33,255.834007
7677,147,t_x_116,0.3153256744555527,32,255.855064
7678,148,t_x_185,0.31520648792151984,31,255.877486
7679,149,t_x_395,0.31490588068014713,30,255.899450
7680,106,t_x_14,0.3274421151063002,344,255.952824
7681,107,t_x_331,0.3274126242838769,73,256.084340
7682,108,t_x_10,0.3272199581788964,72,256.110345
7683,109,t_x_104,0.3270224657044486,32,256.146059
7684,110,t_x_260,0.32650316371008,31,256.166751
7685,111,t_x_432,0.32631918216853084,30,256.187419
7686,112,t_x_8,0.3252872337777598,29,256.208353
7687,113,t_x_256,0.32401288646770043,28,256.238735
7688,109,t_x_19,0.32721141007081767,71,256.271966
7689,110,t_x_104,0.3270224657044486,70,256.297494
7690,111,t_x_192,0.3270128963252965,69,256.343713
7691,112,t_x_341,0.32680349009166004,68,256.389064
7692,113,t_x_260,0.32650316371008,67,256.414567
7693,114,t_x_22,0.32643339157926643,66,256.460177
7694,115,t_x_432,0.32631918216853084,65,256.504361
7695,116,t_x_8,0.3252872337777598,64,256.530020
7696,117,t_x_194,0.3239518020251907,31,256.561557
7697,118,t_x_1,0.3237047946964038,30,256.583308
7698,119,t_x_181,0.32346568703913375,29,256.604948
7699,120,t_x_6,0.32156760061632716,28,256.626624
7700,117,t_x_31,0.32473594029234726,63,256.669413
7701,118,t_x_256,0.32401288646770043,62,256.695016
7702,119,t_x_194,0.3239518020251907,61,256.737393
7703,120,t_x_1,0.3237047946964038,60,256.780431
7704,121,t_x_408,0.3235294581808897,59,256.823483
7705,122,t_x_181,0.32346568703913375,58,256.847571
7706,123,t_x_36,0.32315741763196254,57,256.889001
7707,124,t_x_433,0.3218899203392841,56,256.914126
7708,125,t_x_6,0.32156760061632716,55,256.938643
7709,126,t_x_99,0.3215428667997927,54,256.978805
7710,127,t_x_241,0.3213790574644039,53,257.002779
7711,128,t_x_91,0.32105979179969935,52,257.031238
7712,129,t_x_269,0.3207389474023821,51,257.055949
7713,130,t_x_409,0.32060591343907036,50,257.079623
7714,131,t_x_190,0.3203893311707023,49,257.116032
7715,132,t_x_4,0.32030328407467384,48,257.140345
7716,133,t_x_11,0.32017864898743276,47,257.175303
7717,134,t_x_351,0.3198275341993695,46,257.210371
7718,135,t_x_90,0.31975708337557535,45,257.233466
7719,136,t_x_39,0.3197549282209896,44,257.255864
7720,137,t_x_112,0.3197033375206849,43,257.278893
7721,138,t_x_257,0.3196862469239287,42,257.301720
7722,139,t_x_255,0.31961596194100095,41,257.323658
7723,140,t_x_182,0.3192603059870898,40,257.345991
7724,141,t_x_427,0.3192083979091698,39,257.367850
7725,142,t_x_250,0.31910493517402994,38,257.390263
7726,143,t_x_246,0.3190836364520209,37,257.412090
7727,144,t_x_344,0.31900478376110813,36,257.434736
7728,145,t_x_414,0.31898229808373346,35,257.456101
7729,146,t_x_9,0.31880382724696477,34,257.478103
7730,147,t_x_266,0.31875346140061533,33,257.498602
7731,148,t_x_406,0.3187332588205406,32,257.519430
7732,149,t_x_263,0.318706573347225,31,257.540720
7733,150,t_x_12,0.3186774985671871,30,257.561311
7734,107,t_x_172,0.32742867952012167,343,257.613978
7735,108,t_x_169,0.32737452520812826,74,257.736987
7736,109,t_x_145,0.32726340919038455,73,257.787084
7737,110,t_x_229,0.32710653484174335,72,257.817571
7738,111,t_x_168,0.3271013922953005,71,257.865668
7739,112,t_x_192,0.3270128963252965,70,257.913569
7740,113,t_x_239,0.32682813220844253,69,257.940579
7741,114,t_x_260,0.32650316371008,68,257.969203
7742,115,t_x_101,0.32643855400786287,67,258.015872
7743,116,t_x_171,0.32614527961942785,66,258.042295
7744,117,t_x_166,0.32545563514268605,65,258.087539
7745,118,t_x_56,0.32519348547158655,64,258.133819
7746,119,t_x_245,0.32478719540614975,63,258.179768
7747,120,t_x_167,0.3242644250523776,62,258.206056
7748,121,t_x_256,0.32401288646770043,61,258.249909
7749,122,t_x_251,0.32383884010279435,60,258.275558
7750,123,t_x_35,0.323694450763153,59,258.301173
7751,124,t_x_408,0.3235294581808897,58,258.326828
7752,125,t_x_181,0.32346568703913375,57,258.352711
7753,126,t_x_138,0.3221951617760623,56,258.378013
7754,127,t_x_354,0.3213662439305996,55,258.402880
7755,128,t_x_95,0.32077476127869986,54,258.428479
7756,129,t_x_269,0.3207389474023821,53,258.452957
7757,130,t_x_184,0.3204442243710062,52,258.477872
7758,131,t_x_435,0.32023988121854285,51,258.502292
7759,132,t_x_128,0.3201485176076543,50,258.525814
7760,133,t_x_449,0.3200522998991134,49,258.551580
7761,134,t_x_280,0.31990873351166077,48,258.575331
7762,135,t_x_39,0.3197549282209896,47,258.610539
7763,136,t_x_379,0.31970047243472205,46,258.634604
7764,137,t_x_284,0.31956004451484066,45,258.659840
7765,138,t_x_252,0.31946986491772833,44,258.683026
7766,139,t_x_235,0.3193493197656214,43,258.705618
7767,140,t_x_242,0.3193170507532921,42,258.727916
7768,141,t_x_279,0.3193139926659193,41,258.750228
7769,142,t_x_182,0.3192603059870898,40,258.772695
7770,143,t_x_188,0.31901848908761204,39,258.795452
7771,144,t_x_121,0.31900809173540023,38,258.817949
7772,145,t_x_266,0.31875346140061533,37,258.840011
7773,146,t_x_263,0.318706573347225,36,258.862088
7774,147,t_x_278,0.31856550808332806,35,258.884237
7775,148,t_x_247,0.3185092782668806,34,258.906237
7776,149,t_x_405,0.3184748756480654,33,258.927716
7777,150,t_x_175,0.318348868548595,32,258.949902
7778,151,t_x_276,0.3183400161444687,31,258.970714
7779,152,t_x_47,0.3182127841880249,30,258.991771
7780,108,t_x_236,0.3274205406343998,342,259.044375
7781,109,t_x_145,0.32726340919038455,56,259.165737
7782,110,t_x_229,0.32710653484174335,55,259.190557
7783,111,t_x_239,0.32682813220844253,32,259.218972
7784,112,t_x_341,0.32680349009166004,31,259.250677
7785,113,t_x_234,0.32669830148764506,30,259.271880
7786,114,t_x_237,0.32638683091703363,29,259.302763
7787,115,t_x_226,0.3256741836549671,28,259.333548
7788,111,t_x_239,0.32682813220844253,54,259.376159
7789,112,t_x_341,0.32680349009166004,53,259.416901
7790,113,t_x_234,0.32669830148764506,52,259.441089
7791,114,t_x_339,0.3264010485281532,51,259.483544
7792,115,t_x_237,0.32638683091703363,50,259.507339
7793,116,t_x_226,0.3256741836549671,49,259.546242
7794,117,t_x_163,0.32498562062928704,28,259.574327
7795,117,t_x_163,0.32498562062928704,48,259.607622
7796,118,t_x_340,0.32488452727089095,47,259.645345
7797,119,t_x_232,0.32481809607848655,46,259.668551
7798,120,t_x_336,0.32462792849298816,45,259.703837
7799,121,t_x_147,0.32449028000274377,44,259.727091
7800,122,t_x_225,0.32404935223887216,43,259.752005
7801,123,t_x_256,0.32401288646770043,42,259.786253
7802,124,t_x_74,0.323802536529808,41,259.809386
7803,125,t_x_408,0.3235294581808897,40,259.832032
7804,126,t_x_138,0.3221951617760623,39,259.855180
7805,127,t_x_269,0.3207389474023821,38,259.877444
7806,128,t_x_135,0.32055137576989046,37,259.900361
7807,129,t_x_317,0.32030211942610837,36,259.922602
7808,130,t_x_231,0.32026074926974174,35,259.944602
7809,131,t_x_155,0.3200636541751233,34,259.968109
7810,132,t_x_161,0.31993337202310457,33,259.989800
7811,133,t_x_348,0.319840074379505,32,260.011580
7812,134,t_x_112,0.3197033375206849,31,260.033200
7813,135,t_x_235,0.3193493197656214,30,260.054747
7814,109,t_x_331,0.3274126242838769,341,260.117360
7815,110,t_x_79,0.3273105193088242,65,260.243309
7816,111,t_x_229,0.32710653484174335,64,260.270943
7817,112,t_x_192,0.3270128963252965,63,260.301993
7818,113,t_x_341,0.32680349009166004,62,260.329399
7819,114,t_x_260,0.32650316371008,61,260.375647
7820,115,t_x_339,0.3264010485281532,60,260.423092
7821,116,t_x_237,0.32638683091703363,59,260.467476
7822,117,t_x_56,0.32519348547158655,58,260.494205
7823,118,t_x_340,0.32488452727089095,57,260.538642
7824,119,t_x_336,0.32462792849298816,56,260.582784
7825,120,t_x_253,0.3240743066028985,55,260.627755
7826,121,t_x_1,0.3237047946964038,54,260.654711
7827,122,t_x_304,0.3231550820374737,53,260.680705
7828,123,t_x_419,0.323059624125218,52,260.706845
7829,124,t_x_338,0.32264023726710334,51,260.732897
7830,125,t_x_433,0.3218899203392841,50,260.773244
7831,126,t_x_368,0.32082819954508945,49,260.798239
7832,127,t_x_429,0.32064953327757917,48,260.823584
7833,128,t_x_324,0.3205857039195655,47,260.849015
7834,129,t_x_190,0.3203893311707023,46,260.874222
7835,130,t_x_231,0.32026074926974174,45,260.899070
7836,131,t_x_435,0.32023988121854285,44,260.924017
7837,132,t_x_222,0.31980409393388687,43,260.948172
7838,133,t_x_282,0.3196933056683402,42,260.972157
7839,134,t_x_255,0.31961596194100095,41,260.996089
7840,135,t_x_284,0.31956004451484066,40,261.019959
7841,136,t_x_312,0.31948945754507085,39,261.044148
7842,137,t_x_252,0.31946986491772833,38,261.068485
7843,138,t_x_242,0.3193170507532921,37,261.092392
7844,139,t_x_443,0.31919004525908323,36,261.115927
7845,140,t_x_281,0.3191887990043659,35,261.138807
7846,141,t_x_250,0.31910493517402994,34,261.162859
7847,142,t_x_389,0.3190051244560763,33,261.186140
7848,143,t_x_344,0.31900478376110813,32,261.209805
7849,144,t_x_422,0.3183627391269323,31,261.231632
7850,145,t_x_322,0.31830740841254235,30,261.254293
7851,110,t_x_169,0.32737452520812826,340,261.309456
7852,111,t_x_168,0.3271013922953005,78,261.436311
7853,112,t_x_132,0.3268587771808999,77,261.488436
7854,113,t_x_171,0.32614527961942785,76,261.518294
7855,114,t_x_166,0.32545563514268605,75,261.570505
7856,115,t_x_180,0.32508066064641833,74,261.621057
7857,116,t_x_31,0.32473594029234726,73,261.650826
7858,117,t_x_147,0.32449028000274377,72,261.701448
7859,118,t_x_167,0.3242644250523776,71,261.728503
7860,119,t_x_251,0.32383884010279435,70,261.777602
7861,120,t_x_345,0.32350193897925106,69,261.804430
7862,121,t_x_151,0.32337424325993264,68,261.830909
7863,122,t_x_59,0.3230693864089372,67,261.857538
7864,123,t_x_419,0.323059624125218,66,261.886375
7865,124,t_x_415,0.32298385976283783,65,261.912188
7866,125,t_x_99,0.3215428667997927,64,261.938294
7867,126,t_x_241,0.3213790574644039,63,261.964353
7868,127,t_x_135,0.32055137576989046,62,261.990332
7869,128,t_x_184,0.3204442243710062,61,262.015713
7870,129,t_x_376,0.3203565634718892,60,262.041236
7871,130,t_x_447,0.3201059070916388,59,262.066439
7872,131,t_x_449,0.3200522998991134,58,262.090966
7873,132,t_x_437,0.3199783566261846,57,262.115838
7874,133,t_x_158,0.3198822175572763,56,262.140569
7875,134,t_x_90,0.31975708337557535,55,262.165377
7876,135,t_x_112,0.3197033375206849,54,262.189779
7877,136,t_x_282,0.3196933056683402,53,262.214514
7878,137,t_x_257,0.3196862469239287,52,262.251544
7879,138,t_x_358,0.31957730052731464,51,262.275805
7880,139,t_x_436,0.3195203958746361,50,262.299569
7881,140,t_x_235,0.3193493197656214,49,262.323380
7882,141,t_x_238,0.3192659625599451,48,262.346734
7883,142,t_x_244,0.31920743172188837,47,262.381373
7884,143,t_x_443,0.31919004525908323,46,262.406129
7885,144,t_x_246,0.3190836364520209,45,262.429615
7886,145,t_x_188,0.31901848908761204,44,262.452627
7887,146,t_x_120,0.31880171171540855,43,262.475437
7888,147,t_x_278,0.31856550808332806,42,262.497656
7889,148,t_x_405,0.3184748756480654,41,262.519988
7890,149,t_x_30,0.3183566377299701,40,262.542674
7891,150,t_x_175,0.318348868548595,39,262.564427
7892,151,t_x_40,0.3182723724320793,38,262.585955
7893,152,t_x_47,0.3182127841880249,37,262.607288
7894,153,t_x_43,0.31810725726167277,36,262.628813
7895,154,t_x_34,0.31800397427268234,35,262.650752
7896,155,t_x_123,0.3174736029149601,34,262.672853
7897,156,t_x_274,0.31741748645940737,33,262.694070
7898,157,t_x_347,0.317349019525933,32,262.715249
7899,158,t_x_179,0.31715140598274194,31,262.736453
7900,159,t_x_134,0.31689565269778175,30,262.757392
7901,111,t_x_79,0.3273105193088242,339,262.812041
7902,112,t_x_19,0.32721141007081767,71,262.938671
7903,113,t_x_168,0.3271013922953005,70,262.988724
7904,114,t_x_104,0.3270224657044486,69,263.040522
7905,115,t_x_15,0.3268669079888928,68,263.069452
7906,116,t_x_341,0.32680349009166004,67,263.096408
7907,117,t_x_234,0.32669830148764506,66,263.123942
7908,118,t_x_101,0.32643855400786287,65,263.150123
7909,119,t_x_22,0.32643339157926643,64,263.177144
7910,120,t_x_226,0.3256741836549671,63,263.202896
7911,121,t_x_166,0.32545563514268605,62,263.228692
7912,122,t_x_366,0.32490447930058935,61,263.254719
7913,123,t_x_31,0.32473594029234726,60,263.280624
7914,124,t_x_18,0.3246724231025938,59,263.307302
7915,125,t_x_292,0.3244666037562576,58,263.333110
7916,126,t_x_41,0.32432807218660503,57,263.357992
7917,127,t_x_253,0.3240743066028985,56,263.384516
7918,128,t_x_225,0.32404935223887216,55,263.409521
7919,129,t_x_72,0.32396974378127846,54,263.435925
7920,130,t_x_251,0.32383884010279435,53,263.461089
7921,131,t_x_130,0.3237189430626469,52,263.486042
7922,132,t_x_35,0.323694450763153,51,263.511189
7923,133,t_x_328,0.3235503395467524,50,263.536868
7924,134,t_x_408,0.3235294581808897,49,263.561422
7925,135,t_x_131,0.32326796846853334,48,263.585539
7926,136,t_x_36,0.32315741763196254,47,263.610654
7927,137,t_x_304,0.3231550820374737,46,263.635113
7928,138,t_x_27,0.3226116951650698,45,263.658478
7929,139,t_x_368,0.32082819954508945,44,263.684093
7930,140,t_x_324,0.3205857039195655,43,263.708028
7931,141,t_x_231,0.32026074926974174,42,263.731747
7932,142,t_x_363,0.3201927993523778,41,263.755188
7933,143,t_x_28,0.31963977817813943,40,263.778429
7934,144,t_x_252,0.31946986491772833,39,263.801808
7935,145,t_x_160,0.31941654628814786,38,263.824973
7936,146,t_x_235,0.3193493197656214,37,263.848290
7937,147,t_x_250,0.31910493517402994,36,263.871640
7938,148,t_x_121,0.31900809173540023,35,263.894833
7939,149,t_x_120,0.31880171171540855,34,263.917372
7940,150,t_x_127,0.31864984704845123,33,263.940282
7941,151,t_x_310,0.3186284145331494,32,263.963157
7942,152,t_x_278,0.31856550808332806,31,263.985495
7943,153,t_x_247,0.3185092782668806,30,264.008809
7944,112,t_x_145,0.32726340919038455,338,264.062773
7945,113,t_x_132,0.3268587771808999,53,264.180751
7946,114,t_x_239,0.32682813220844253,52,264.206798
7947,115,t_x_432,0.32631918216853084,51,264.249557
7948,116,t_x_226,0.3256741836549671,50,264.292532
7949,117,t_x_245,0.32478719540614975,49,264.334628
7950,118,t_x_286,0.32463937627479783,48,264.360179
7951,119,t_x_147,0.32449028000274377,47,264.384384
7952,120,t_x_251,0.32383884010279435,46,264.421009
7953,121,t_x_419,0.323059624125218,45,264.445559
7954,122,t_x_415,0.32298385976283783,44,264.470435
7955,123,t_x_138,0.3221951617760623,43,264.495009
7956,124,t_x_433,0.3218899203392841,42,264.529980
7957,125,t_x_135,0.32055137576989046,41,264.554377
7958,126,t_x_143,0.3203363352962292,40,264.580387
7959,127,t_x_231,0.32026074926974174,39,264.605987
7960,128,t_x_363,0.3201927993523778,38,264.630161
7961,129,t_x_92,0.3201060406698506,37,264.653994
7962,130,t_x_272,0.3200110872880186,36,264.677653
7963,131,t_x_90,0.31975708337557535,35,264.701404
7964,132,t_x_282,0.3196933056683402,34,264.725182
7965,133,t_x_284,0.31956004451484066,33,264.748770
7966,134,t_x_252,0.31946986491772833,32,264.772326
7967,135,t_x_235,0.3193493197656214,31,264.794892
7968,136,t_x_238,0.3192659625599451,30,264.817709
7969,113,t_x_10,0.3272199581788964,337,264.872666
7970,114,t_x_104,0.3270224657044486,67,264.997955
7971,115,t_x_260,0.32650316371008,66,265.046843
7972,116,t_x_101,0.32643855400786287,65,265.094722
7973,117,t_x_432,0.32631918216853084,64,265.120713
7974,118,t_x_8,0.3252872337777598,63,265.146959
7975,119,t_x_194,0.3239518020251907,28,265.179217
7976,119,t_x_180,0.32508066064641833,62,265.212689
7977,120,t_x_245,0.32478719540614975,61,265.256758
7978,121,t_x_352,0.3243614895021832,60,265.282348
7979,122,t_x_253,0.3240743066028985,59,265.307225
7980,123,t_x_256,0.32401288646770043,58,265.331928
7981,124,t_x_194,0.3239518020251907,57,265.356628
7982,125,t_x_16,0.3238783027854283,56,265.399765
7983,126,t_x_251,0.32383884010279435,55,265.426684
7984,127,t_x_1,0.3237047946964038,54,265.451291
7985,128,t_x_408,0.3235294581808897,53,265.492517
7986,129,t_x_345,0.32350193897925106,52,265.517241
7987,130,t_x_419,0.323059624125218,51,265.540701
7988,131,t_x_27,0.3226116951650698,50,265.564172
7989,132,t_x_6,0.32156760061632716,49,265.587195
7990,133,t_x_99,0.3215428667997927,48,265.622952
7991,134,t_x_241,0.3213790574644039,47,265.648003
7992,135,t_x_95,0.32077476127869986,46,265.671315
7993,136,t_x_4,0.32030328407467384,45,265.694191
7994,137,t_x_11,0.32017864898743276,44,265.729221
7995,138,t_x_280,0.31990873351166077,43,265.763094
7996,139,t_x_39,0.3197549282209896,42,265.786393
7997,140,t_x_93,0.31969098511900007,41,265.809306
7998,141,t_x_255,0.31961596194100095,40,265.833104
7999,142,t_x_358,0.31957730052731464,39,265.855905
8000,143,t_x_284,0.31956004451484066,38,265.878735
8001,144,t_x_187,0.3195347061135602,37,265.901530
8002,145,t_x_431,0.3195293554421153,36,265.923831
8003,146,t_x_252,0.31946986491772833,35,265.946045
8004,147,t_x_250,0.31910493517402994,34,265.967772
8005,148,t_x_9,0.31880382724696477,33,265.989616
8006,149,t_x_263,0.318706573347225,32,266.012439
8007,150,t_x_12,0.3186774985671871,31,266.033785
8008,151,t_x_356,0.31860603215529865,30,266.055228
8009,114,t_x_19,0.32721141007081767,336,266.108119
8010,115,t_x_15,0.3268669079888928,64,266.230159
8011,116,t_x_132,0.3268587771808999,33,266.264165
8012,117,t_x_22,0.32643339157926643,32,266.286139
8013,118,t_x_18,0.3246724231025938,31,266.308867
8014,119,t_x_16,0.3238783027854283,30,266.340803
8015,120,t_x_151,0.32337424325993264,29,266.363876
8016,121,t_x_27,0.3226116951650698,28,266.384912
8017,115,t_x_229,0.32710653484174335,335,266.445763
8018,116,t_x_239,0.32682813220844253,69,266.568274
8019,117,t_x_341,0.32680349009166004,31,266.604934
8020,118,t_x_234,0.32669830148764506,30,266.626220
8021,119,t_x_260,0.32650316371008,29,266.657977
8022,120,t_x_237,0.32638683091703363,28,266.679481
8023,116,t_x_132,0.3268587771808999,63,266.721437
8024,117,t_x_22,0.32643339157926643,62,266.747542
8025,118,t_x_369,0.3257086592576262,29,266.780177
8026,119,t_x_18,0.3246724231025938,28,266.801121
8027,118,t_x_369,0.3257086592576262,61,266.834117
8028,119,t_x_163,0.32498562062928704,60,266.859215
8029,120,t_x_18,0.3246724231025938,59,266.903358
8030,121,t_x_53,0.323954494307468,58,266.947531
8031,122,t_x_16,0.3238783027854283,57,266.972819
8032,123,t_x_151,0.32337424325993264,56,267.017449
8033,124,t_x_419,0.323059624125218,55,267.042461
8034,125,t_x_27,0.3226116951650698,54,267.067535
8035,126,t_x_99,0.3215428667997927,53,267.108976
8036,127,t_x_4,0.32030328407467384,52,267.133304
8037,128,t_x_363,0.3201927993523778,51,267.157676
8038,129,t_x_272,0.3200110872880186,50,267.181863
8039,130,t_x_371,0.31997869627072717,49,267.205545
8040,131,t_x_161,0.31993337202310457,48,267.229542
8041,132,t_x_280,0.31990873351166077,47,267.253327
8042,133,t_x_158,0.3198822175572763,46,267.276619
8043,134,t_x_29,0.31970262399898997,45,267.299661
8044,135,t_x_282,0.3196933056683402,44,267.334209
8045,136,t_x_93,0.31969098511900007,43,267.357148
8046,137,t_x_28,0.31963977817813943,42,267.380324
8047,138,t_x_284,0.31956004451484066,41,267.402809
8048,139,t_x_312,0.31948945754507085,40,267.425569
8049,140,t_x_279,0.3193139926659193,39,267.447943
8050,141,t_x_9,0.31880382724696477,38,267.470386
8051,142,t_x_406,0.3187332588205406,37,267.492791
8052,143,t_x_278,0.31856550808332806,36,267.515851
8053,144,t_x_247,0.3185092782668806,35,267.538093
8054,145,t_x_276,0.3183400161444687,34,267.560783
8055,146,t_x_94,0.31824593329857287,33,267.582887
8056,147,t_x_391,0.31818185738335797,32,267.605104
8057,148,t_x_0,0.3179572713585191,31,267.626321
8058,149,t_x_248,0.3177753668134972,30,267.648357
8059,117,t_x_341,0.32680349009166004,68,267.694350
8060,118,t_x_234,0.32669830148764506,67,267.742826
8061,119,t_x_260,0.32650316371008,30,267.785388
8062,120,t_x_237,0.32638683091703363,29,267.806139
8063,121,t_x_226,0.3256741836549671,28,267.837174
8064,119,t_x_260,0.32650316371008,66,267.882165
8065,120,t_x_237,0.32638683091703363,65,267.928583
8066,121,t_x_171,0.32614527961942785,64,267.975658
8067,122,t_x_226,0.3256741836549671,63,268.021137
8068,123,t_x_232,0.32481809607848655,28,268.053697
8069,123,t_x_340,0.32488452727089095,62,268.089339
8070,124,t_x_232,0.32481809607848655,61,268.114577
8071,125,t_x_245,0.32478719540614975,60,268.161744
8072,126,t_x_336,0.32462792849298816,59,268.187361
8073,127,t_x_147,0.32449028000274377,58,268.212777
8074,128,t_x_352,0.3243614895021832,57,268.254963
8075,129,t_x_225,0.32404935223887216,56,268.279808
8076,130,t_x_251,0.32383884010279435,55,268.322507
8077,131,t_x_328,0.3235503395467524,54,268.347823
8078,132,t_x_408,0.3235294581808897,53,268.373062
8079,133,t_x_345,0.32350193897925106,52,268.397575
8080,134,t_x_131,0.32326796846853334,51,268.421481
8081,135,t_x_327,0.3211406740627265,50,268.445746
8082,136,t_x_269,0.3207389474023821,49,268.482675
8083,137,t_x_61,0.3206324300073691,48,268.506783
8084,138,t_x_409,0.32060591343907036,47,268.529825
8085,139,t_x_135,0.32055137576989046,46,268.553449
8086,140,t_x_162,0.32046107090717313,45,268.576468
8087,141,t_x_317,0.32030211942610837,44,268.599405
8088,142,t_x_231,0.32026074926974174,43,268.622409
8089,143,t_x_155,0.3200636541751233,42,268.644908
8090,144,t_x_371,0.31997869627072717,41,268.667300
8091,145,t_x_161,0.31993337202310457,40,268.689910
8092,146,t_x_158,0.3198822175572763,39,268.711925
8093,147,t_x_351,0.3198275341993695,38,268.734264
8094,148,t_x_112,0.3197033375206849,37,268.756861
8095,149,t_x_235,0.3193493197656214,36,268.779416
8096,150,t_x_242,0.3193170507532921,35,268.801113
8097,151,t_x_238,0.3192659625599451,34,268.822742
8098,152,t_x_250,0.31910493517402994,33,268.844186
8099,153,t_x_344,0.31900478376110813,32,268.865615
8100,154,t_x_321,0.3189184288017534,31,268.887161
8101,155,t_x_58,0.3188222732541668,30,268.908933
8102,116,t_x_168,0.3271013922953005,334,268.960493
8103,117,t_x_192,0.3270128963252965,68,269.081784
8104,118,t_x_237,0.32638683091703363,67,269.110424
8105,119,t_x_171,0.32614527961942785,66,269.136235
8106,120,t_x_166,0.32545563514268605,28,269.169660
8107,117,t_x_104,0.3270224657044486,333,269.222437
8108,118,t_x_192,0.3270128963252965,66,269.342415
8109,119,t_x_101,0.32643855400786287,65,269.391099
8110,120,t_x_22,0.32643339157926643,64,269.440283
8111,121,t_x_369,0.3257086592576262,63,269.468293
8112,122,t_x_8,0.3252872337777598,62,269.493702
8113,123,t_x_180,0.32508066064641833,61,269.518811
8114,124,t_x_366,0.32490447930058935,60,269.563495
8115,125,t_x_167,0.3242644250523776,59,269.588523
8116,126,t_x_72,0.32396974378127846,58,269.613766
8117,127,t_x_194,0.3239518020251907,57,269.639926
8118,128,t_x_16,0.3238783027854283,56,269.664981
8119,129,t_x_130,0.3237189430626469,55,269.689276
8120,130,t_x_328,0.3235503395467524,54,269.731977
8121,131,t_x_131,0.32326796846853334,53,269.773020
8122,132,t_x_6,0.32156760061632716,52,269.812988
8123,133,t_x_99,0.3215428667997927,51,269.837974
8124,134,t_x_327,0.3211406740627265,50,269.876954
8125,135,t_x_91,0.32105979179969935,49,269.902931
8126,136,t_x_375,0.32083768524015677,48,269.940930
8127,137,t_x_95,0.32077476127869986,47,269.964296
8128,138,t_x_135,0.32055137576989046,46,269.999717
8129,139,t_x_184,0.3204442243710062,45,270.022679
8130,140,t_x_92,0.3201060406698506,44,270.045842
8131,141,t_x_272,0.3200110872880186,43,270.068252
8132,142,t_x_90,0.31975708337557535,42,270.102563
8133,143,t_x_29,0.31970262399898997,41,270.136224
8134,144,t_x_379,0.31970047243472205,40,270.159312
8135,145,t_x_93,0.31969098511900007,39,270.181838
8136,146,t_x_319,0.3196661549508256,38,270.204067
8137,147,t_x_187,0.3195347061135602,37,270.226238
8138,148,t_x_182,0.3192603059870898,36,270.248756
8139,149,t_x_443,0.31919004525908323,35,270.271306
8140,150,t_x_329,0.3191806753137926,34,270.293692
8141,151,t_x_188,0.31901848908761204,33,270.315228
8142,152,t_x_121,0.31900809173540023,32,270.337199
8143,153,t_x_321,0.3189184288017534,31,270.358225
8144,154,t_x_69,0.3187309179251806,30,270.379629
8145,120,t_x_166,0.32545563514268605,65,270.421543
8146,121,t_x_180,0.32508066064641833,64,270.467130
8147,122,t_x_232,0.32481809607848655,63,270.494736
8148,123,t_x_245,0.32478719540614975,62,270.520321
8149,124,t_x_31,0.32473594029234726,61,270.545813
8150,125,t_x_352,0.3243614895021832,60,270.570733
8151,126,t_x_41,0.32432807218660503,59,270.595881
8152,127,t_x_167,0.3242644250523776,58,270.622300
8153,128,t_x_253,0.3240743066028985,57,270.664885
8154,129,t_x_194,0.3239518020251907,56,270.689521
8155,130,t_x_251,0.32383884010279435,55,270.715032
8156,131,t_x_130,0.3237189430626469,54,270.739851
8157,132,t_x_35,0.323694450763153,53,270.781453
8158,133,t_x_36,0.32315741763196254,52,270.805588
8159,134,t_x_241,0.3213790574644039,51,270.830171
8160,135,t_x_91,0.32105979179969935,50,270.854228
8161,136,t_x_269,0.3207389474023821,49,270.877871
8162,137,t_x_249,0.3203398526266621,48,270.901363
8163,138,t_x_357,0.3201529313354039,47,270.924427
8164,139,t_x_128,0.3201485176076543,46,270.947873
8165,140,t_x_92,0.3201060406698506,45,270.982828
8166,141,t_x_272,0.3200110872880186,44,271.005994
8167,142,t_x_112,0.3197033375206849,43,271.040362
8168,143,t_x_282,0.3196933056683402,42,271.063898
8169,144,t_x_255,0.31961596194100095,41,271.098631
8170,145,t_x_252,0.31946986491772833,40,271.120950
8171,146,t_x_182,0.3192603059870898,39,271.144085
8172,147,t_x_443,0.31919004525908323,38,271.166627
8173,148,t_x_281,0.3191887990043659,37,271.188849
8174,149,t_x_246,0.3190836364520209,36,271.210945
8175,150,t_x_384,0.3190740655960574,35,271.233617
8176,151,t_x_266,0.31875346140061533,34,271.255088
8177,152,t_x_278,0.31856550808332806,33,271.276801
8178,153,t_x_30,0.3183566377299701,32,271.298268
8179,154,t_x_175,0.318348868548595,31,271.320732
8180,155,t_x_385,0.3182809165606692,30,271.342074
8181,118,t_x_192,0.3270128963252965,332,271.393488
8182,119,t_x_341,0.32680349009166004,66,271.515021
8183,120,t_x_180,0.32508066064641833,65,271.541139
8184,121,t_x_194,0.3239518020251907,31,271.576274
8185,122,t_x_130,0.3237189430626469,30,271.607458
8186,123,t_x_345,0.32350193897925106,29,271.628114
8187,124,t_x_181,0.32346568703913375,28,271.648534
8188,121,t_x_287,0.324896557933668,64,271.691107
8189,122,t_x_352,0.3243614895021832,63,271.717503
8190,123,t_x_194,0.3239518020251907,62,271.762057
8191,124,t_x_130,0.3237189430626469,61,271.805027
8192,125,t_x_345,0.32350193897925106,60,271.830345
8193,126,t_x_181,0.32346568703913375,59,271.873053
8194,127,t_x_131,0.32326796846853334,58,271.918419
8195,128,t_x_191,0.3231065965073835,57,271.943531
8196,129,t_x_419,0.323059624125218,56,271.986087
8197,130,t_x_6,0.32156760061632716,55,272.026865
8198,131,t_x_95,0.32077476127869986,54,272.067493
8199,132,t_x_184,0.3204442243710062,53,272.091935
8200,133,t_x_190,0.3203893311707023,52,272.131956
8201,134,t_x_4,0.32030328407467384,51,272.170649
8202,135,t_x_11,0.32017864898743276,50,272.194543
8203,136,t_x_92,0.3201060406698506,49,272.218655
8204,137,t_x_379,0.31970047243472205,48,272.242587
8205,138,t_x_358,0.31957730052731464,47,272.265741
8206,139,t_x_187,0.3195347061135602,46,272.288978
8207,140,t_x_63,0.3193462006926152,45,272.323669
8208,141,t_x_182,0.3192603059870898,44,272.347416
8209,142,t_x_384,0.3190740655960574,43,272.381222
8210,143,t_x_188,0.31901848908761204,42,272.403589
8211,144,t_x_389,0.3190051244560763,41,272.425927
8212,145,t_x_414,0.31898229808373346,40,272.448844
8213,146,t_x_9,0.31880382724696477,39,272.471032
8214,147,t_x_266,0.31875346140061533,38,272.493311
8215,148,t_x_127,0.31864984704845123,37,272.515575
8216,149,t_x_356,0.31860603215529865,36,272.537333
8217,150,t_x_388,0.31859982612148885,35,272.559203
8218,151,t_x_103,0.3177068122855853,34,272.581271
8219,152,t_x_412,0.317504401176674,33,272.603593
8220,153,t_x_347,0.317349019525933,32,272.624935
8221,154,t_x_179,0.31715140598274194,31,272.645990
8222,155,t_x_224,0.31695016743775284,30,272.667041
8223,119,t_x_15,0.3268669079888928,331,272.718297
8224,120,t_x_132,0.3268587771808999,63,272.837631
8225,121,t_x_22,0.32643339157926643,62,272.863591
8226,122,t_x_301,0.32545457191610666,61,272.910057
8227,123,t_x_56,0.32519348547158655,60,272.937734
8228,124,t_x_366,0.32490447930058935,59,272.963444
8229,125,t_x_18,0.3246724231025938,58,272.989270
8230,126,t_x_16,0.3238783027854283,57,273.034663
8231,127,t_x_408,0.3235294581808897,56,273.076005
8232,128,t_x_151,0.32337424325993264,55,273.101048
8233,129,t_x_27,0.3226116951650698,54,273.125287
8234,130,t_x_162,0.32046107090717313,53,273.166663
8235,131,t_x_363,0.3201927993523778,52,273.191294
8236,132,t_x_272,0.3200110872880186,51,273.216208
8237,133,t_x_371,0.31997869627072717,50,273.240113
8238,134,t_x_161,0.31993337202310457,49,273.264401
8239,135,t_x_158,0.3198822175572763,48,273.288073
8240,136,t_x_112,0.3197033375206849,47,273.311279
8241,137,t_x_29,0.31970262399898997,46,273.334388
8242,138,t_x_93,0.31969098511900007,45,273.359239
8243,139,t_x_28,0.31963977817813943,44,273.382306
8244,140,t_x_284,0.31956004451484066,43,273.416611
8245,141,t_x_370,0.3195182550040618,42,273.440142
8246,142,t_x_242,0.3193170507532921,41,273.463995
8247,143,t_x_246,0.3190836364520209,40,273.486863
8248,144,t_x_9,0.31880382724696477,39,273.509329
8249,145,t_x_406,0.3187332588205406,38,273.531579
8250,146,t_x_94,0.31824593329857287,37,273.555059
8251,147,t_x_47,0.3182127841880249,36,273.577703
8252,148,t_x_391,0.31818185738335797,35,273.600185
8253,149,t_x_0,0.3179572713585191,34,273.621678
8254,150,t_x_243,0.3178222164750265,33,273.644156
8255,151,t_x_248,0.3177753668134972,32,273.666408
8256,152,t_x_275,0.31771745817028574,31,273.688548
8257,153,t_x_124,0.31766996104254247,30,273.709675
8258,120,t_x_132,0.3268587771808999,330,273.761546
8259,121,t_x_234,0.32669830148764506,57,273.883826
8260,122,t_x_237,0.32638683091703363,56,273.909681
8261,123,t_x_432,0.32631918216853084,55,273.935099
8262,124,t_x_171,0.32614527961942785,54,273.959532
8263,125,t_x_18,0.3246724231025938,53,274.000982
8264,126,t_x_147,0.32449028000274377,52,274.026245
8265,127,t_x_256,0.32401288646770043,51,274.050745
8266,128,t_x_16,0.3238783027854283,50,274.090531
8267,129,t_x_130,0.3237189430626469,49,274.115327
8268,130,t_x_131,0.32326796846853334,28,274.141644
8269,130,t_x_328,0.3235503395467524,48,274.184276
8270,131,t_x_181,0.32346568703913375,47,274.208348
8271,132,t_x_131,0.32326796846853334,46,274.232313
8272,133,t_x_27,0.3226116951650698,45,274.267312
8273,134,t_x_138,0.3221951617760623,44,274.291230
8274,135,t_x_95,0.32077476127869986,43,274.314521
8275,136,t_x_269,0.3207389474023821,42,274.339660
8276,137,t_x_376,0.3203565634718892,41,274.374952
8277,138,t_x_128,0.3201485176076543,40,274.397321
8278,139,t_x_272,0.3200110872880186,39,274.430935
8279,140,t_x_282,0.3196933056683402,38,274.464872
8280,141,t_x_257,0.3196862469239287,37,274.489552
8281,142,t_x_255,0.31961596194100095,36,274.512063
8282,143,t_x_431,0.3195293554421153,35,274.534094
8283,144,t_x_235,0.3193493197656214,34,274.556743
8284,145,t_x_182,0.3192603059870898,33,274.578952
8285,146,t_x_281,0.3191887990043659,32,274.600722
8286,147,t_x_329,0.3191806753137926,31,274.621703
8287,148,t_x_121,0.31900809173540023,30,274.643694
8288,121,t_x_239,0.32682813220844253,329,274.705109
8289,122,t_x_341,0.32680349009166004,61,274.825372
8290,123,t_x_234,0.32669830148764506,60,274.852511
8291,124,t_x_260,0.32650316371008,59,274.898119
8292,125,t_x_237,0.32638683091703363,58,274.923540
8293,126,t_x_432,0.32631918216853084,57,274.966932
8294,127,t_x_171,0.32614527961942785,56,274.992261
8295,128,t_x_226,0.3256741836549671,55,275.035293
8296,129,t_x_163,0.32498562062928704,54,275.076144
8297,130,t_x_366,0.32490447930058935,53,275.117359
8298,131,t_x_232,0.32481809607848655,52,275.141111
8299,132,t_x_336,0.32462792849298816,51,275.181124
8300,133,t_x_253,0.3240743066028985,50,275.205291
8301,134,t_x_225,0.32404935223887216,49,275.229902
8302,135,t_x_53,0.323954494307468,48,275.266140
8303,136,t_x_415,0.32298385976283783,47,275.290171
8304,137,t_x_241,0.3213790574644039,46,275.314712
8305,138,t_x_429,0.32064953327757917,45,275.338111
8306,139,t_x_249,0.3203398526266621,44,275.360915
8307,140,t_x_317,0.32030211942610837,43,275.384273
8308,141,t_x_231,0.32026074926974174,42,275.407087
8309,142,t_x_363,0.3201927993523778,41,275.441662
8310,143,t_x_357,0.3201529313354039,40,275.463920
8311,144,t_x_128,0.3201485176076543,39,275.486974
8312,145,t_x_348,0.319840074379505,38,275.509318
8313,146,t_x_351,0.3198275341993695,37,275.531657
8314,147,t_x_112,0.3197033375206849,36,275.554437
8315,148,t_x_257,0.3196862469239287,35,275.575954
8316,149,t_x_255,0.31961596194100095,34,275.597758
8317,150,t_x_370,0.3195182550040618,33,275.619489
8318,151,t_x_160,0.31941654628814786,32,275.641466
8319,152,t_x_235,0.3193493197656214,31,275.662693
8320,153,t_x_238,0.3192659625599451,30,275.684062
8321,122,t_x_341,0.32680349009166004,328,275.735718
8322,123,t_x_339,0.3264010485281532,57,275.853592
8323,124,t_x_432,0.32631918216853084,56,275.897908
8324,125,t_x_369,0.3257086592576262,55,275.924601
8325,126,t_x_226,0.3256741836549671,54,275.951050
8326,127,t_x_56,0.32519348547158655,53,275.976023
8327,128,t_x_180,0.32508066064641833,52,276.017377
8328,129,t_x_340,0.32488452727089095,51,276.043639
8329,130,t_x_245,0.32478719540614975,50,276.068426
8330,131,t_x_336,0.32462792849298816,49,276.093434
8331,132,t_x_225,0.32404935223887216,48,276.117574
8332,133,t_x_53,0.323954494307468,47,276.142530
8333,134,t_x_446,0.32394544265052777,46,276.167050
8334,135,t_x_1,0.3237047946964038,45,276.190967
8335,136,t_x_328,0.3235503395467524,44,276.214838
8336,137,t_x_59,0.3230693864089372,43,276.239071
8337,138,t_x_338,0.32264023726710334,42,276.263010
8338,139,t_x_6,0.32156760061632716,41,276.286087
8339,140,t_x_327,0.3211406740627265,40,276.310122
8340,141,t_x_376,0.3203565634718892,39,276.333353
8341,142,t_x_437,0.3199783566261846,38,276.356511
8342,143,t_x_319,0.3196661549508256,37,276.379738
8343,144,t_x_436,0.3195203958746361,36,276.402925
8344,145,t_x_252,0.31946986491772833,35,276.425470
8345,146,t_x_235,0.3193493197656214,34,276.448470
8346,147,t_x_279,0.3193139926659193,33,276.471043
8347,148,t_x_244,0.31920743172188837,32,276.493816
8348,149,t_x_384,0.3190740655960574,31,276.516358
8349,150,t_x_344,0.31900478376110813,30,276.539081
8350,123,t_x_234,0.32669830148764506,327,276.593183
8351,124,t_x_260,0.32650316371008,54,276.718853
8352,125,t_x_339,0.3264010485281532,53,276.761739
8353,126,t_x_237,0.32638683091703363,52,276.787366
8354,127,t_x_226,0.3256741836549671,51,276.828685
8355,128,t_x_163,0.32498562062928704,50,276.866765
8356,129,t_x_340,0.32488452727089095,49,276.903959
8357,130,t_x_232,0.32481809607848655,48,276.928805
8358,131,t_x_245,0.32478719540614975,47,276.964531
8359,132,t_x_147,0.32449028000274377,46,276.988843
8360,133,t_x_225,0.32404935223887216,45,277.024482
8361,134,t_x_256,0.32401288646770043,44,277.059433
8362,135,t_x_53,0.323954494307468,43,277.082443
8363,136,t_x_408,0.3235294581808897,42,277.105658
8364,137,t_x_345,0.32350193897925106,41,277.129161
8365,138,t_x_138,0.3221951617760623,40,277.152253
8366,139,t_x_433,0.3218899203392841,39,277.174266
8367,140,t_x_241,0.3213790574644039,38,277.197303
8368,141,t_x_327,0.3211406740627265,37,277.219854
8369,142,t_x_269,0.3207389474023821,36,277.241682
8370,143,t_x_429,0.32064953327757917,35,277.263607
8371,144,t_x_162,0.32046107090717313,34,277.285748
8372,145,t_x_231,0.32026074926974174,33,277.307378
8373,146,t_x_357,0.3201529313354039,32,277.328323
8374,147,t_x_155,0.3200636541751233,31,277.349993
8375,148,t_x_161,0.31993337202310457,30,277.371213
8376,124,t_x_260,0.32650316371008,326,277.423306
8377,125,t_x_237,0.32638683091703363,58,277.539754
8378,126,t_x_226,0.3256741836549671,57,277.564326
8379,127,t_x_8,0.3252872337777598,56,277.605818
8380,128,t_x_56,0.32519348547158655,55,277.629006
8381,129,t_x_180,0.32508066064641833,54,277.670723
8382,130,t_x_336,0.32462792849298816,53,277.711476
8383,131,t_x_225,0.32404935223887216,52,277.734249
8384,132,t_x_256,0.32401288646770043,51,277.757999
8385,133,t_x_53,0.323954494307468,29,277.785326
8386,134,t_x_1,0.3237047946964038,28,277.805651
8387,125,t_x_101,0.32643855400786287,325,277.855927
8388,126,t_x_171,0.32614527961942785,51,277.974084
8389,127,t_x_130,0.3237189430626469,50,277.997925
8390,128,t_x_1,0.3237047946964038,49,278.038342
8391,129,t_x_181,0.32346568703913375,48,278.062987
8392,130,t_x_131,0.32326796846853334,47,278.086657
8393,131,t_x_138,0.3221951617760623,46,278.109211
8394,132,t_x_6,0.32156760061632716,45,278.133925
8395,133,t_x_99,0.3215428667997927,44,278.157453
8396,134,t_x_327,0.3211406740627265,43,278.191909
8397,135,t_x_91,0.32105979179969935,42,278.214614
8398,136,t_x_375,0.32083768524015677,41,278.248505
8399,137,t_x_95,0.32077476127869986,40,278.270665
8400,138,t_x_184,0.3204442243710062,39,278.303932
8401,139,t_x_190,0.3203893311707023,38,278.326823
8402,140,t_x_4,0.32030328407467384,37,278.349232
8403,141,t_x_128,0.3201485176076543,36,278.384120
8404,142,t_x_92,0.3201060406698506,35,278.417306
8405,143,t_x_447,0.3201059070916388,34,278.449208
8406,144,t_x_272,0.3200110872880186,33,278.470240
8407,145,t_x_90,0.31975708337557535,32,278.491350
8408,146,t_x_282,0.3196933056683402,31,278.521994
8409,147,t_x_93,0.31969098511900007,30,278.543008
8410,133,t_x_53,0.323954494307468,50,278.594202
8411,134,t_x_74,0.323802536529808,49,278.634517
8412,135,t_x_130,0.3237189430626469,48,278.657339
8413,136,t_x_1,0.3237047946964038,47,278.696389
8414,137,t_x_131,0.32326796846853334,46,278.718998
8415,138,t_x_59,0.3230693864089372,45,278.741278
8416,139,t_x_6,0.32156760061632716,44,278.763724
8417,140,t_x_269,0.3207389474023821,43,278.786066
8418,141,t_x_190,0.3203893311707023,42,278.820940
8419,142,t_x_4,0.32030328407467384,41,278.843633
8420,143,t_x_222,0.31980409393388687,40,278.865882
8421,144,t_x_282,0.3196933056683402,39,278.887700
8422,145,t_x_257,0.3196862469239287,38,278.908972
8423,146,t_x_255,0.31961596194100095,37,278.941632
8424,147,t_x_284,0.31956004451484066,36,278.972929
8425,148,t_x_370,0.3195182550040618,35,278.993800
8426,149,t_x_235,0.3193493197656214,34,279.015358
8427,150,t_x_63,0.3193462006926152,33,279.036237
8428,151,t_x_279,0.3193139926659193,32,279.057443
8429,152,t_x_238,0.3192659625599451,31,279.077983
8430,153,t_x_182,0.3192603059870898,30,279.099234
8431,126,t_x_22,0.32643339157926643,324,279.150349
8432,127,t_x_369,0.3257086592576262,61,279.273475
8433,128,t_x_8,0.3252872337777598,60,279.298246
8434,129,t_x_56,0.32519348547158655,59,279.326004
8435,130,t_x_245,0.32478719540614975,58,279.351334
8436,131,t_x_18,0.3246724231025938,57,279.376429
8437,132,t_x_16,0.3238783027854283,56,279.417952
8438,133,t_x_304,0.3231550820374737,28,279.448436
8439,133,t_x_300,0.32343917332278554,55,279.482497
8440,134,t_x_131,0.32326796846853334,54,279.507249
8441,135,t_x_304,0.3231550820374737,53,279.531917
8442,136,t_x_27,0.3226116951650698,52,279.556087
8443,137,t_x_368,0.32082819954508945,51,279.594622
8444,138,t_x_409,0.32060591343907036,50,279.618398
8445,139,t_x_4,0.32030328407467384,49,279.642814
8446,140,t_x_363,0.3201927993523778,48,279.666071
8447,141,t_x_128,0.3201485176076543,47,279.689630
8448,142,t_x_155,0.3200636541751233,46,279.714125
8449,143,t_x_371,0.31997869627072717,45,279.737807
8450,144,t_x_161,0.31993337202310457,44,279.761182
8451,145,t_x_280,0.31990873351166077,43,279.784448
8452,146,t_x_158,0.3198822175572763,42,279.807762
8453,147,t_x_90,0.31975708337557535,41,279.830253
8454,148,t_x_29,0.31970262399898997,40,279.852929
8455,149,t_x_282,0.3196933056683402,39,279.877006
8456,150,t_x_28,0.31963977817813943,38,279.899474
8457,151,t_x_370,0.3195182550040618,37,279.921206
8458,152,t_x_312,0.31948945754507085,36,279.944081
8459,153,t_x_279,0.3193139926659193,35,279.966864
8460,154,t_x_281,0.3191887990043659,34,279.988977
8461,155,t_x_250,0.31910493517402994,33,280.010884
8462,156,t_x_246,0.3190836364520209,32,280.033333
8463,157,t_x_406,0.3187332588205406,31,280.055478
8464,158,t_x_278,0.31856550808332806,30,280.077294
8465,127,t_x_339,0.3264010485281532,323,280.129372
8466,128,t_x_237,0.32638683091703363,59,280.252213
8467,129,t_x_432,0.32631918216853084,58,280.282058
8468,130,t_x_301,0.32545457191610666,57,280.309753
8469,131,t_x_366,0.32490447930058935,56,280.336495
8470,132,t_x_340,0.32488452727089095,55,280.363370
8471,133,t_x_336,0.32462792849298816,54,280.407746
8472,134,t_x_225,0.32404935223887216,53,280.452070
8473,135,t_x_59,0.3230693864089372,52,280.478442
8474,136,t_x_338,0.32264023726710334,51,280.504638
8475,137,t_x_375,0.32083768524015677,50,280.546390
8476,138,t_x_429,0.32064953327757917,49,280.572608
8477,139,t_x_249,0.3203398526266621,48,280.598238
8478,140,t_x_4,0.32030328407467384,47,280.623557
8479,141,t_x_231,0.32026074926974174,46,280.649518
8480,142,t_x_447,0.3201059070916388,45,280.674527
8481,143,t_x_437,0.3199783566261846,44,280.698080
8482,144,t_x_280,0.31990873351166077,43,280.722851
8483,145,t_x_222,0.31980409393388687,42,280.747704
8484,146,t_x_379,0.31970047243472205,41,280.799809
8485,147,t_x_319,0.3196661549508256,40,280.830132
8486,148,t_x_436,0.3195203958746361,39,280.860878
8487,149,t_x_238,0.3192659625599451,38,280.889242
8488,150,t_x_182,0.3192603059870898,37,280.918246
8489,151,t_x_427,0.3192083979091698,36,280.947487
8490,152,t_x_281,0.3191887990043659,35,280.976226
8491,153,t_x_439,0.31905430647098704,34,281.004310
8492,154,t_x_188,0.31901848908761204,33,281.031039
8493,155,t_x_344,0.31900478376110813,32,281.059707
8494,156,t_x_406,0.3187332588205406,31,281.086325
8495,157,t_x_424,0.3182253669639071,30,281.112833
8496,128,t_x_237,0.32638683091703363,322,281.167567
8497,129,t_x_432,0.32631918216853084,46,281.282500
8498,130,t_x_226,0.3256741836549671,45,281.306908
8499,131,t_x_56,0.32519348547158655,44,281.341894
8500,132,t_x_366,0.32490447930058935,43,281.366042
8501,133,t_x_340,0.32488452727089095,42,281.389375
8502,134,t_x_232,0.32481809607848655,41,281.412913
8503,135,t_x_336,0.32462792849298816,40,281.435765
8504,136,t_x_147,0.32449028000274377,39,281.458527
8505,137,t_x_352,0.3243614895021832,38,281.481444
8506,138,t_x_225,0.32404935223887216,37,281.504061
8507,139,t_x_328,0.3235503395467524,36,281.537402
8508,140,t_x_345,0.32350193897925106,35,281.559927
8509,141,t_x_151,0.32337424325993264,34,281.582600
8510,142,t_x_415,0.32298385976283783,33,281.604329
8511,143,t_x_338,0.32264023726710334,32,281.627094
8512,144,t_x_433,0.3218899203392841,31,281.648763
8513,145,t_x_241,0.3213790574644039,30,281.669978
8514,129,t_x_432,0.32631918216853084,321,281.723965
8515,130,t_x_369,0.3257086592576262,57,281.850875
8516,131,t_x_163,0.32498562062928704,56,281.894938
8517,132,t_x_232,0.32481809607848655,55,281.939738
8518,133,t_x_336,0.32462792849298816,54,281.966058
8519,134,t_x_292,0.3244666037562576,53,281.991619
8520,135,t_x_446,0.32394544265052777,52,282.032528
8521,136,t_x_130,0.3237189430626469,51,282.056954
8522,137,t_x_328,0.3235503395467524,50,282.081347
8523,138,t_x_300,0.32343917332278554,49,282.106832
8524,139,t_x_304,0.3231550820374737,48,282.131548
8525,140,t_x_138,0.3221951617760623,47,282.156574
8526,141,t_x_433,0.3218899203392841,46,282.183066
8527,142,t_x_375,0.32083768524015677,45,282.218165
8528,143,t_x_429,0.32064953327757917,44,282.242723
8529,144,t_x_135,0.32055137576989046,43,282.278071
8530,145,t_x_162,0.32046107090717313,42,282.301663
8531,146,t_x_363,0.3201927993523778,41,282.326161
8532,147,t_x_447,0.3201059070916388,40,282.349225
8533,148,t_x_449,0.3200522998991134,39,282.372147
8534,149,t_x_161,0.31993337202310457,38,282.395512
8535,150,t_x_158,0.3198822175572763,37,282.429679
8536,151,t_x_39,0.3197549282209896,36,282.451920
8537,152,t_x_319,0.3196661549508256,35,282.474614
8538,153,t_x_431,0.3195293554421153,34,282.497166
8539,154,t_x_312,0.31948945754507085,33,282.529558
8540,155,t_x_160,0.31941654628814786,32,282.551826
8541,156,t_x_427,0.3192083979091698,31,282.573840
8542,157,t_x_443,0.31919004525908323,30,282.595046
8543,130,t_x_171,0.32614527961942785,320,282.647129
8544,131,t_x_166,0.32545563514268605,69,282.770622
8545,132,t_x_31,0.32473594029234726,68,282.818360
8546,133,t_x_147,0.32449028000274377,67,282.845011
8547,134,t_x_41,0.32432807218660503,66,282.870940
8548,135,t_x_167,0.3242644250523776,65,282.915708
8549,136,t_x_253,0.3240743066028985,64,282.959349
8550,137,t_x_251,0.32383884010279435,63,283.003414
8551,138,t_x_130,0.3237189430626469,62,283.029172
8552,139,t_x_181,0.32346568703913375,61,283.054647
8553,140,t_x_131,0.32326796846853334,60,283.080002
8554,141,t_x_36,0.32315741763196254,59,283.104940
8555,142,t_x_350,0.3220023172227456,58,283.146250
8556,143,t_x_99,0.3215428667997927,57,283.171108
8557,144,t_x_241,0.3213790574644039,56,283.196138
8558,145,t_x_91,0.32105979179969935,55,283.222687
8559,146,t_x_95,0.32077476127869986,54,283.247081
8560,147,t_x_190,0.3203893311707023,53,283.271540
8561,148,t_x_249,0.3203398526266621,52,283.295042
8562,149,t_x_357,0.3201529313354039,51,283.318712
8563,150,t_x_272,0.3200110872880186,50,283.342654
8564,151,t_x_280,0.31990873351166077,49,283.366188
8565,152,t_x_90,0.31975708337557535,48,283.389506
8566,153,t_x_39,0.3197549282209896,47,283.413241
8567,154,t_x_112,0.3197033375206849,46,283.436377
8568,155,t_x_257,0.3196862469239287,45,283.460484
8569,156,t_x_284,0.31956004451484066,44,283.484162
8570,157,t_x_187,0.3195347061135602,43,283.507436
8571,158,t_x_252,0.31946986491772833,42,283.530141
8572,159,t_x_160,0.31941654628814786,41,283.552966
8573,160,t_x_242,0.3193170507532921,40,283.576055
8574,161,t_x_244,0.31920743172188837,39,283.598288
8575,162,t_x_250,0.31910493517402994,38,283.620652
8576,163,t_x_384,0.3190740655960574,37,283.642931
8577,164,t_x_188,0.31901848908761204,36,283.664533
8578,165,t_x_389,0.3190051244560763,35,283.686513
8579,166,t_x_58,0.3188222732541668,34,283.708022
8580,167,t_x_382,0.31876090221757525,33,283.730149
8581,168,t_x_266,0.31875346140061533,32,283.751561
8582,169,t_x_406,0.3187332588205406,31,283.773470
8583,170,t_x_52,0.3186162959873259,30,283.795009
8584,131,t_x_369,0.3257086592576262,319,283.846128
8585,132,t_x_226,0.3256741836549671,56,283.957185
8586,133,t_x_163,0.32498562062928704,55,283.999980
8587,134,t_x_366,0.32490447930058935,54,284.043610
8588,135,t_x_232,0.32481809607848655,53,284.086472
8589,136,t_x_18,0.3246724231025938,52,284.111070
8590,137,t_x_286,0.32463937627479783,51,284.136241
8591,138,t_x_336,0.32462792849298816,50,284.161466
8592,139,t_x_292,0.3244666037562576,49,284.186396
8593,140,t_x_72,0.32396974378127846,48,284.211016
8594,141,t_x_16,0.3238783027854283,47,284.235573
8595,142,t_x_74,0.323802536529808,46,284.259969
8596,143,t_x_345,0.32350193897925106,45,284.284315
8597,144,t_x_151,0.32337424325993264,44,284.307543
8598,145,t_x_27,0.3226116951650698,43,284.331296
8599,146,t_x_138,0.3221951617760623,42,284.355608
8600,147,t_x_327,0.3211406740627265,41,284.379239
8601,148,t_x_368,0.32082819954508945,40,284.414057
8602,149,t_x_95,0.32077476127869986,39,284.448396
8603,150,t_x_324,0.3205857039195655,38,284.471518
8604,151,t_x_135,0.32055137576989046,37,284.493848
8605,152,t_x_317,0.32030211942610837,36,284.516882
8606,153,t_x_363,0.3201927993523778,35,284.550203
8607,154,t_x_92,0.3201060406698506,34,284.572145
8608,155,t_x_155,0.3200636541751233,33,284.594848
8609,156,t_x_371,0.31997869627072717,32,284.617074
8610,157,t_x_161,0.31993337202310457,31,284.638292
8611,158,t_x_158,0.3198822175572763,30,284.660717
8612,132,t_x_226,0.3256741836549671,318,284.713482
8613,133,t_x_56,0.32519348547158655,60,284.829791
8614,134,t_x_163,0.32498562062928704,59,284.855830
8615,135,t_x_232,0.32481809607848655,58,284.899705
8616,136,t_x_336,0.32462792849298816,57,284.941683
8617,137,t_x_147,0.32449028000274377,56,284.967436
8618,138,t_x_225,0.32404935223887216,55,285.009170
8619,139,t_x_251,0.32383884010279435,54,285.050940
8620,140,t_x_130,0.3237189430626469,53,285.076167
8621,141,t_x_433,0.3218899203392841,52,285.101372
8622,142,t_x_354,0.3213662439305996,51,285.125944
8623,143,t_x_327,0.3211406740627265,50,285.149945
8624,144,t_x_409,0.32060591343907036,49,285.188069
8625,145,t_x_324,0.3205857039195655,48,285.213161
8626,146,t_x_162,0.32046107090717313,47,285.236570
8627,147,t_x_143,0.3203363352962292,46,285.260400
8628,148,t_x_231,0.32026074926974174,45,285.283692
8629,149,t_x_128,0.3201485176076543,44,285.318609
8630,150,t_x_155,0.3200636541751233,43,285.341557
8631,151,t_x_348,0.319840074379505,42,285.364397
8632,152,t_x_112,0.3197033375206849,41,285.387333
8633,153,t_x_257,0.3196862469239287,40,285.410210
8634,154,t_x_319,0.3196661549508256,39,285.433044
8635,155,t_x_235,0.3193493197656214,38,285.455766
8636,156,t_x_238,0.3192659625599451,37,285.488498
8637,157,t_x_427,0.3192083979091698,36,285.510867
8638,158,t_x_246,0.3190836364520209,35,285.533341
8639,159,t_x_344,0.31900478376110813,34,285.555568
8640,160,t_x_120,0.31880171171540855,33,285.577440
8641,161,t_x_70,0.31875483678757077,32,285.599398
8642,162,t_x_406,0.3187332588205406,31,285.620380
8643,163,t_x_69,0.3187309179251806,30,285.642502
8644,133,t_x_166,0.32545563514268605,317,285.697493
8645,134,t_x_163,0.32498562062928704,55,285.816147
8646,135,t_x_245,0.32478719540614975,54,285.841865
8647,136,t_x_352,0.3243614895021832,53,285.867557
8648,137,t_x_167,0.3242644250523776,52,285.891976
8649,138,t_x_194,0.3239518020251907,51,285.935311
8650,139,t_x_36,0.32315741763196254,50,285.960403
8651,140,t_x_59,0.3230693864089372,49,285.984517
8652,141,t_x_269,0.3207389474023821,48,286.008609
8653,142,t_x_409,0.32060591343907036,47,286.032839
8654,143,t_x_162,0.32046107090717313,46,286.056805
8655,144,t_x_249,0.3203398526266621,45,286.080477
8656,145,t_x_231,0.32026074926974174,44,286.103398
8657,146,t_x_357,0.3201529313354039,43,286.126829
8658,147,t_x_92,0.3201060406698506,42,286.149431
8659,148,t_x_282,0.3196933056683402,41,286.172946
8660,149,t_x_160,0.31941654628814786,40,286.195220
8661,150,t_x_242,0.3193170507532921,39,286.218938
8662,151,t_x_32,0.31928257804655796,38,286.241780
8663,152,t_x_281,0.3191887990043659,37,286.264489
8664,153,t_x_384,0.3190740655960574,36,286.286723
8665,154,t_x_439,0.31905430647098704,35,286.308522
8666,155,t_x_353,0.3190031724528899,34,286.330020
8667,156,t_x_406,0.3187332588205406,33,286.351909
8668,157,t_x_388,0.31859982612148885,32,286.374273
8669,158,t_x_175,0.318348868548595,31,286.396236
8670,159,t_x_40,0.3182723724320793,30,286.417157
8671,134,t_x_301,0.32545457191610666,316,286.469170
8672,135,t_x_18,0.3246724231025938,56,286.585898
8673,136,t_x_286,0.32463937627479783,55,286.627897
8674,137,t_x_336,0.32462792849298816,54,286.671423
8675,138,t_x_292,0.3244666037562576,53,286.696383
8676,139,t_x_352,0.3243614895021832,52,286.720052
8677,140,t_x_16,0.3238783027854283,51,286.744444
8678,141,t_x_251,0.32383884010279435,50,286.784052
8679,142,t_x_300,0.32343917332278554,49,286.807125
8680,143,t_x_304,0.3231550820374737,28,286.833653
8681,143,t_x_151,0.32337424325993264,48,286.876308
8682,144,t_x_304,0.3231550820374737,47,286.912032
8683,145,t_x_27,0.3226116951650698,28,286.935961
8684,145,t_x_27,0.3226116951650698,46,286.968332
8685,146,t_x_162,0.32046107090717313,45,286.991315
8686,147,t_x_155,0.3200636541751233,44,287.014573
8687,148,t_x_112,0.3197033375206849,43,287.038012
8688,149,t_x_29,0.31970262399898997,42,287.072320
8689,150,t_x_28,0.31963977817813943,41,287.094977
8690,151,t_x_312,0.31948945754507085,40,287.118843
8691,152,t_x_427,0.3192083979091698,39,287.152596
8692,153,t_x_244,0.31920743172188837,38,287.175580
8693,154,t_x_250,0.31910493517402994,37,287.197509
8694,155,t_x_310,0.3186284145331494,36,287.219897
8695,156,t_x_422,0.3183627391269323,35,287.251484
8696,157,t_x_248,0.3177753668134972,34,287.273305
8697,158,t_x_224,0.31695016743775284,33,287.294417
8698,159,t_x_154,0.3165212994787281,32,287.315649
8699,160,t_x_294,0.31638282770248616,31,287.336937
8700,161,t_x_223,0.3160970182211373,30,287.358218
8701,135,t_x_8,0.3252872337777598,315,287.408986
8702,136,t_x_41,0.32432807218660503,58,287.525137
8703,137,t_x_194,0.3239518020251907,57,287.550706
8704,138,t_x_1,0.3237047946964038,56,287.593523
8705,139,t_x_345,0.32350193897925106,55,287.636522
8706,140,t_x_181,0.32346568703913375,54,287.660833
8707,141,t_x_419,0.323059624125218,53,287.702571
8708,142,t_x_27,0.3226116951650698,52,287.743251
8709,143,t_x_6,0.32156760061632716,51,287.768008
8710,144,t_x_99,0.3215428667997927,50,287.806796
8711,145,t_x_354,0.3213662439305996,49,287.831748
8712,146,t_x_190,0.3203893311707023,48,287.856222
8713,147,t_x_249,0.3203398526266621,47,287.879255
8714,148,t_x_4,0.32030328407467384,46,287.903402
8715,149,t_x_11,0.32017864898743276,45,287.938363
8716,150,t_x_90,0.31975708337557535,44,287.973601
8717,151,t_x_39,0.3197549282209896,43,287.997762
8718,152,t_x_282,0.3196933056683402,42,288.022212
8719,153,t_x_93,0.31969098511900007,41,288.045684
8720,154,t_x_255,0.31961596194100095,40,288.068793
8721,155,t_x_187,0.3195347061135602,39,288.091964
8722,156,t_x_242,0.3193170507532921,38,288.115237
8723,157,t_x_427,0.3192083979091698,37,288.138786
8724,158,t_x_281,0.3191887990043659,36,288.162364
8725,159,t_x_246,0.3190836364520209,35,288.185079
8726,160,t_x_414,0.31898229808373346,34,288.208086
8727,161,t_x_9,0.31880382724696477,33,288.229623
8728,162,t_x_266,0.31875346140061533,32,288.261129
8729,163,t_x_406,0.3187332588205406,31,288.283298
8730,164,t_x_263,0.318706573347225,30,288.304917
8731,136,t_x_56,0.32519348547158655,314,288.356396
8732,137,t_x_287,0.324896557933668,56,288.472557
8733,138,t_x_340,0.32488452727089095,55,288.496971
8734,139,t_x_53,0.323954494307468,54,288.520287
8735,140,t_x_74,0.323802536529808,53,288.565547
8736,141,t_x_35,0.323694450763153,52,288.589115
8737,142,t_x_181,0.32346568703913375,51,288.613643
8738,143,t_x_151,0.32337424325993264,50,288.637144
8739,144,t_x_59,0.3230693864089372,49,288.660786
8740,145,t_x_61,0.3206324300073691,48,288.697653
8741,146,t_x_190,0.3203893311707023,47,288.722117
8742,147,t_x_29,0.31970262399898997,46,288.745088
8743,148,t_x_257,0.3196862469239287,45,288.768023
8744,149,t_x_255,0.31961596194100095,44,288.802662
8745,150,t_x_160,0.31941654628814786,43,288.837687
8746,151,t_x_235,0.3193493197656214,42,288.860356
8747,152,t_x_242,0.3193170507532921,41,288.882971
8748,153,t_x_32,0.31928257804655796,40,288.905380
8749,154,t_x_182,0.3192603059870898,39,288.927512
8750,155,t_x_58,0.3188222732541668,38,288.949589
8751,156,t_x_263,0.318706573347225,37,288.982286
8752,157,t_x_52,0.3186162959873259,36,289.015566
8753,158,t_x_175,0.318348868548595,35,289.052078
8754,159,t_x_276,0.3183400161444687,34,289.074427
8755,160,t_x_47,0.3182127841880249,33,289.096809
8756,161,t_x_391,0.31818185738335797,32,289.129032
8757,162,t_x_60,0.318135541005953,31,289.150486
8758,163,t_x_243,0.3178222164750265,30,289.172127
8759,137,t_x_180,0.32508066064641833,313,289.224046
8760,138,t_x_286,0.32463937627479783,61,289.337992
8761,139,t_x_292,0.3244666037562576,60,289.365335
8762,140,t_x_72,0.32396974378127846,59,289.391138
8763,141,t_x_194,0.3239518020251907,58,289.417147
8764,142,t_x_130,0.3237189430626469,57,289.461249
8765,143,t_x_408,0.3235294581808897,56,289.503535
8766,144,t_x_345,0.32350193897925106,55,289.527659
8767,145,t_x_181,0.32346568703913375,54,289.569543
8768,146,t_x_191,0.3231065965073835,53,289.612365
8769,147,t_x_419,0.323059624125218,52,289.654529
8770,148,t_x_338,0.32264023726710334,51,289.694102
8771,149,t_x_354,0.3213662439305996,50,289.724618
8772,150,t_x_91,0.32105979179969935,49,289.754185
8773,151,t_x_375,0.32083768524015677,48,289.792079
8774,152,t_x_95,0.32077476127869986,47,289.815445
8775,153,t_x_269,0.3207389474023821,46,289.851429
8776,154,t_x_409,0.32060591343907036,45,289.874535
8777,155,t_x_184,0.3204442243710062,44,289.896964
8778,156,t_x_190,0.3203893311707023,43,289.931150
8779,157,t_x_4,0.32030328407467384,42,289.964721
8780,158,t_x_11,0.32017864898743276,41,289.998994
8781,159,t_x_357,0.3201529313354039,40,290.021435
8782,160,t_x_92,0.3201060406698506,39,290.043285
8783,161,t_x_222,0.31980409393388687,38,290.065947
8784,162,t_x_90,0.31975708337557535,37,290.087481
8785,163,t_x_93,0.31969098511900007,36,290.110078
8786,164,t_x_255,0.31961596194100095,35,290.132479
8787,165,t_x_187,0.3195347061135602,34,290.154513
8788,166,t_x_182,0.3192603059870898,33,290.186727
8789,167,t_x_188,0.31901848908761204,32,290.219118
8790,168,t_x_389,0.3190051244560763,31,290.240006
8791,169,t_x_353,0.3190031724528899,30,290.261701
8792,138,t_x_163,0.32498562062928704,312,290.314733
8793,139,t_x_366,0.32490447930058935,58,290.430165
8794,140,t_x_232,0.32481809607848655,57,290.456554
8795,141,t_x_18,0.3246724231025938,56,290.480832
8796,142,t_x_292,0.3244666037562576,55,290.505458
8797,143,t_x_41,0.32432807218660503,54,290.530091
8798,144,t_x_225,0.32404935223887216,53,290.571360
8799,145,t_x_35,0.323694450763153,52,290.612453
8800,146,t_x_151,0.32337424325993264,51,290.636247
8801,147,t_x_27,0.3226116951650698,50,290.677042
8802,148,t_x_433,0.3218899203392841,49,290.717069
8803,149,t_x_368,0.32082819954508945,48,290.740456
8804,150,t_x_324,0.3205857039195655,47,290.763369
8805,151,t_x_162,0.32046107090717313,46,290.785738
8806,152,t_x_231,0.32026074926974174,45,290.820821
8807,153,t_x_363,0.3201927993523778,44,290.842931
8808,154,t_x_155,0.3200636541751233,43,290.865785
8809,155,t_x_371,0.31997869627072717,42,290.899904
8810,156,t_x_161,0.31993337202310457,41,290.922135
8811,157,t_x_158,0.3198822175572763,40,290.943733
8812,158,t_x_112,0.3197033375206849,39,290.976516
8813,159,t_x_29,0.31970262399898997,38,290.998389
8814,160,t_x_319,0.3196661549508256,37,291.020256
8815,161,t_x_312,0.31948945754507085,36,291.041958
8816,162,t_x_160,0.31941654628814786,35,291.063922
8817,163,t_x_235,0.3193493197656214,34,291.085639
8818,164,t_x_242,0.3193170507532921,33,291.107222
8819,165,t_x_32,0.31928257804655796,32,291.128617
8820,166,t_x_238,0.3192659625599451,31,291.149525
8821,167,t_x_321,0.3189184288017534,30,291.170691
8822,139,t_x_366,0.32490447930058935,311,291.221458
8823,140,t_x_328,0.3235503395467524,45,291.337677
8824,141,t_x_350,0.3220023172227456,44,291.375715
8825,142,t_x_354,0.3213662439305996,43,291.399184
8826,143,t_x_368,0.32082819954508945,42,291.423402
8827,144,t_x_429,0.32064953327757917,41,291.459445
8828,145,t_x_317,0.32030211942610837,40,291.482692
8829,146,t_x_363,0.3201927993523778,39,291.516743
8830,147,t_x_371,0.31997869627072717,38,291.549932
8831,148,t_x_351,0.3198275341993695,37,291.583503
8832,149,t_x_29,0.31970262399898997,36,291.606995
8833,150,t_x_379,0.31970047243472205,35,291.630923
8834,151,t_x_257,0.3196862469239287,34,291.652991
8835,152,t_x_319,0.3196661549508256,33,291.676733
8836,153,t_x_28,0.31963977817813943,32,291.698946
8837,154,t_x_255,0.31961596194100095,31,291.721730
8838,155,t_x_431,0.3195293554421153,30,291.758006
8839,140,t_x_287,0.324896557933668,310,291.811689
8840,141,t_x_286,0.32463937627479783,38,291.923708
8841,142,t_x_292,0.3244666037562576,37,291.957553
8842,143,t_x_251,0.32383884010279435,36,291.991419
8843,144,t_x_415,0.32298385976283783,35,292.014155
8844,145,t_x_241,0.3213790574644039,34,292.036304
8845,146,t_x_429,0.32064953327757917,33,292.058604
8846,147,t_x_409,0.32060591343907036,32,292.080625
8847,148,t_x_162,0.32046107090717313,31,292.102839
8848,149,t_x_190,0.3203893311707023,30,292.124714
8849,141,t_x_340,0.32488452727089095,309,292.176230
8850,142,t_x_232,0.32481809607848655,54,292.292808
8851,143,t_x_336,0.32462792849298816,53,292.318894
8852,144,t_x_251,0.32383884010279435,52,292.344686
8853,145,t_x_191,0.3231065965073835,51,292.371381
8854,146,t_x_338,0.32264023726710334,50,292.398496
8855,147,t_x_6,0.32156760061632716,49,292.441158
8856,148,t_x_190,0.3203893311707023,48,292.466017
8857,149,t_x_4,0.32030328407467384,47,292.490815
8858,150,t_x_231,0.32026074926974174,46,292.516023
8859,151,t_x_447,0.3201059070916388,45,292.541232
8860,152,t_x_449,0.3200522998991134,44,292.564836
8861,153,t_x_371,0.31997869627072717,43,292.589396
8862,154,t_x_280,0.31990873351166077,42,292.614247
8863,155,t_x_379,0.31970047243472205,41,292.638734
8864,156,t_x_255,0.31961596194100095,40,292.663037
8865,157,t_x_187,0.3195347061135602,39,292.687204
8866,158,t_x_431,0.3195293554421153,38,292.710602
8867,159,t_x_242,0.3193170507532921,37,292.734762
8868,160,t_x_238,0.3192659625599451,36,292.758312
8869,161,t_x_182,0.3192603059870898,35,292.782150
8870,162,t_x_427,0.3192083979091698,34,292.805772
8871,163,t_x_244,0.31920743172188837,33,292.828978
8872,164,t_x_443,0.31919004525908323,32,292.852396
8873,165,t_x_344,0.31900478376110813,31,292.874567
8874,166,t_x_414,0.31898229808373346,30,292.896620
8875,142,t_x_232,0.32481809607848655,308,292.948054
8876,143,t_x_245,0.32478719540614975,44,293.059589
8877,144,t_x_336,0.32462792849298816,43,293.088776
8878,145,t_x_225,0.32404935223887216,42,293.112089
8879,146,t_x_72,0.32396974378127846,41,293.147448
8880,147,t_x_328,0.3235503395467524,40,293.171115
8881,148,t_x_151,0.32337424325993264,39,293.194420
8882,149,t_x_59,0.3230693864089372,38,293.217709
8883,150,t_x_419,0.323059624125218,37,293.240960
8884,151,t_x_338,0.32264023726710334,36,293.263222
8885,152,t_x_350,0.3220023172227456,35,293.285643
8886,153,t_x_269,0.3207389474023821,34,293.307856
8887,154,t_x_324,0.3205857039195655,33,293.330435
8888,155,t_x_231,0.32026074926974174,32,293.351959
8889,156,t_x_363,0.3201927993523778,31,293.372927
8890,157,t_x_255,0.31961596194100095,30,293.394597
8891,143,t_x_245,0.32478719540614975,307,293.446965
8892,144,t_x_253,0.3240743066028985,45,293.557066
8893,145,t_x_446,0.32394544265052777,44,293.592942
8894,146,t_x_251,0.32383884010279435,43,293.615302
8895,147,t_x_1,0.3237047946964038,42,293.649251
8896,148,t_x_300,0.32343917332278554,41,293.671357
8897,149,t_x_151,0.32337424325993264,40,293.693936
8898,150,t_x_59,0.3230693864089372,39,293.715557
8899,151,t_x_138,0.3221951617760623,38,293.737772
8900,152,t_x_241,0.3213790574644039,37,293.759195
8901,153,t_x_375,0.32083768524015677,36,293.791756
8902,154,t_x_135,0.32055137576989046,35,293.813423
8903,155,t_x_249,0.3203398526266621,34,293.834726
8904,156,t_x_11,0.32017864898743276,33,293.866594
8905,157,t_x_449,0.3200522998991134,32,293.888168
8906,158,t_x_158,0.3198822175572763,31,293.909446
8907,159,t_x_29,0.31970262399898997,30,293.930103
8908,144,t_x_31,0.32473594029234726,306,293.981350
8909,145,t_x_41,0.32432807218660503,54,294.094246
8910,146,t_x_53,0.323954494307468,53,294.137891
8911,147,t_x_1,0.3237047946964038,52,294.162273
8912,148,t_x_35,0.323694450763153,51,294.187202
8913,149,t_x_345,0.32350193897925106,50,294.230729
8914,150,t_x_151,0.32337424325993264,49,294.256973
8915,151,t_x_36,0.32315741763196254,48,294.281827
8916,152,t_x_59,0.3230693864089372,47,294.321847
8917,153,t_x_354,0.3213662439305996,46,294.346127
8918,154,t_x_324,0.3205857039195655,45,294.369434
8919,155,t_x_162,0.32046107090717313,44,294.392389
8920,156,t_x_39,0.3197549282209896,43,294.416130
8921,157,t_x_379,0.31970047243472205,42,294.450643
8922,158,t_x_282,0.3196933056683402,41,294.485110
8923,159,t_x_358,0.31957730052731464,40,294.508808
8924,160,t_x_431,0.3195293554421153,39,294.531008
8925,161,t_x_32,0.31928257804655796,38,294.553589
8926,162,t_x_33,0.31907745609654115,37,294.587186
8927,163,t_x_384,0.3190740655960574,36,294.620049
8928,164,t_x_70,0.31875483678757077,35,294.643800
8929,165,t_x_356,0.31860603215529865,34,294.665839
8930,166,t_x_30,0.3183566377299701,33,294.687092
8931,167,t_x_175,0.318348868548595,32,294.719456
8932,168,t_x_385,0.3182809165606692,31,294.741507
8933,169,t_x_40,0.3182723724320793,30,294.762167
8934,145,t_x_18,0.3246724231025938,305,294.811507
8935,146,t_x_53,0.323954494307468,49,294.919715
8936,147,t_x_16,0.3238783027854283,48,294.944951
8937,148,t_x_151,0.32337424325993264,47,294.982774
8938,149,t_x_304,0.3231550820374737,46,295.005850
8939,150,t_x_419,0.323059624125218,45,295.029212
8940,151,t_x_27,0.3226116951650698,44,295.053005
8941,152,t_x_99,0.3215428667997927,43,295.087103
8942,153,t_x_368,0.32082819954508945,42,295.110376
8943,154,t_x_272,0.3200110872880186,41,295.133442
8944,155,t_x_371,0.31997869627072717,40,295.155820
8945,156,t_x_280,0.31990873351166077,39,295.179157
8946,157,t_x_29,0.31970262399898997,38,295.201324
8947,158,t_x_93,0.31969098511900007,37,295.234470
8948,159,t_x_28,0.31963977817813943,36,295.256672
8949,160,t_x_284,0.31956004451484066,35,295.278234
8950,161,t_x_370,0.3195182550040618,34,295.299968
8951,162,t_x_312,0.31948945754507085,33,295.322609
8952,163,t_x_244,0.31920743172188837,32,295.344460
8953,164,t_x_281,0.3191887990043659,31,295.366575
8954,165,t_x_246,0.3190836364520209,30,295.387754
8955,146,t_x_286,0.32463937627479783,304,295.438215
8956,147,t_x_292,0.3244666037562576,51,295.552058
8957,148,t_x_53,0.323954494307468,50,295.593033
8958,149,t_x_251,0.32383884010279435,49,295.634195
8959,150,t_x_300,0.32343917332278554,48,295.660309
8960,151,t_x_304,0.3231550820374737,47,295.683925
8961,152,t_x_191,0.3231065965073835,46,295.707749
8962,153,t_x_59,0.3230693864089372,45,295.731759
8963,154,t_x_433,0.3218899203392841,44,295.768032
8964,155,t_x_429,0.32064953327757917,43,295.793554
8965,156,t_x_409,0.32060591343907036,42,295.816268
8966,157,t_x_162,0.32046107090717313,41,295.840123
8967,158,t_x_449,0.3200522998991134,40,295.863291
8968,159,t_x_158,0.3198822175572763,39,295.885855
8969,160,t_x_39,0.3197549282209896,38,295.907863
8970,161,t_x_431,0.3195293554421153,37,295.938087
8971,162,t_x_252,0.31946986491772833,36,295.963484
8972,163,t_x_242,0.3193170507532921,35,295.989731
8973,164,t_x_32,0.31928257804655796,34,296.015370
8974,165,t_x_427,0.3192083979091698,33,296.041395
8975,166,t_x_246,0.3190836364520209,32,296.066849
8976,167,t_x_33,0.31907745609654115,31,296.090466
8977,168,t_x_439,0.31905430647098704,30,296.113420
8978,147,t_x_336,0.32462792849298816,303,296.166546
8979,148,t_x_446,0.32394544265052777,49,296.275167
8980,149,t_x_408,0.3235294581808897,48,296.301883
8981,150,t_x_338,0.32264023726710334,47,296.327407
8982,151,t_x_433,0.3218899203392841,46,296.368165
8983,152,t_x_241,0.3213790574644039,45,296.393443
8984,153,t_x_327,0.3211406740627265,44,296.418402
8985,154,t_x_269,0.3207389474023821,43,296.443461
8986,155,t_x_184,0.3204442243710062,42,296.468382
8987,156,t_x_190,0.3203893311707023,41,296.493329
8988,157,t_x_231,0.32026074926974174,40,296.517101
8989,158,t_x_363,0.3201927993523778,39,296.541796
8990,159,t_x_11,0.32017864898743276,38,296.566563
8991,160,t_x_437,0.3199783566261846,37,296.590393
8992,161,t_x_222,0.31980409393388687,36,296.613709
8993,162,t_x_255,0.31961596194100095,35,296.637406
8994,163,t_x_284,0.31956004451484066,34,296.661274
8995,164,t_x_431,0.3195293554421153,33,296.685528
8996,165,t_x_436,0.3195203958746361,32,296.709465
8997,166,t_x_312,0.31948945754507085,31,296.732060
8998,167,t_x_182,0.3192603059870898,30,296.755628
8999,148,t_x_147,0.32449028000274377,302,296.806931
9000,149,t_x_292,0.3244666037562576,51,296.920306
9001,150,t_x_253,0.3240743066028985,50,296.944726
9002,151,t_x_130,0.3237189430626469,49,296.970284
9003,152,t_x_408,0.3235294581808897,48,296.995068
9004,153,t_x_138,0.3221951617760623,47,297.019849
9005,154,t_x_99,0.3215428667997927,46,297.055739
9006,155,t_x_91,0.32105979179969935,45,297.081716
9007,156,t_x_95,0.32077476127869986,44,297.105833
9008,157,t_x_135,0.32055137576989046,43,297.129993
9009,158,t_x_162,0.32046107090717313,42,297.153437
9010,159,t_x_143,0.3203363352962292,41,297.177463
9011,160,t_x_231,0.32026074926974174,40,297.211731
9012,161,t_x_363,0.3201927993523778,39,297.235291
9013,162,t_x_92,0.3201060406698506,38,297.259295
9014,163,t_x_155,0.3200636541751233,37,297.283038
9015,164,t_x_437,0.3199783566261846,36,297.306382
9016,165,t_x_280,0.31990873351166077,35,297.329731
9017,166,t_x_158,0.3198822175572763,34,297.352333
9018,167,t_x_93,0.31969098511900007,33,297.375332
9019,168,t_x_284,0.31956004451484066,32,297.398626
9020,169,t_x_370,0.3195182550040618,31,297.421488
9021,170,t_x_63,0.3193462006926152,30,297.444763
9022,149,t_x_292,0.3244666037562576,301,297.496717
9023,150,t_x_253,0.3240743066028985,50,297.608670
9024,151,t_x_35,0.323694450763153,49,297.633329
9025,152,t_x_408,0.3235294581808897,48,297.658717
9026,153,t_x_181,0.32346568703913375,47,297.683118
9027,154,t_x_300,0.32343917332278554,46,297.707765
9028,155,t_x_59,0.3230693864089372,45,297.732420
9029,156,t_x_368,0.32082819954508945,44,297.756512
9030,157,t_x_409,0.32060591343907036,43,297.780971
9031,158,t_x_143,0.3203363352962292,42,297.804707
9032,159,t_x_447,0.3201059070916388,41,297.839154
9033,160,t_x_449,0.3200522998991134,40,297.861889
9034,161,t_x_371,0.31997869627072717,39,297.884791
9035,162,t_x_161,0.31993337202310457,38,297.907956
9036,163,t_x_39,0.3197549282209896,37,297.930543
9037,164,t_x_431,0.3195293554421153,36,297.953202
9038,165,t_x_252,0.31946986491772833,35,297.977998
9039,166,t_x_242,0.3193170507532921,34,298.000726
9040,167,t_x_427,0.3192083979091698,33,298.023166
9041,168,t_x_443,0.31919004525908323,32,298.044763
9042,169,t_x_33,0.31907745609654115,31,298.066527
9043,170,t_x_405,0.3184748756480654,30,298.088609
9044,150,t_x_352,0.3243614895021832,300,298.138877
9045,151,t_x_167,0.3242644250523776,56,298.244255
9046,152,t_x_72,0.32396974378127846,55,298.270112
9047,153,t_x_446,0.32394544265052777,54,298.296112
9048,154,t_x_74,0.323802536529808,53,298.321256
9049,155,t_x_1,0.3237047946964038,52,298.346958
9050,156,t_x_328,0.3235503395467524,51,298.372748
9051,157,t_x_345,0.32350193897925106,50,298.397587
9052,158,t_x_419,0.323059624125218,49,298.441178
9053,159,t_x_415,0.32298385976283783,48,298.478808
9054,160,t_x_350,0.3220023172227456,47,298.506284
9055,161,t_x_354,0.3213662439305996,46,298.542703
9056,162,t_x_327,0.3211406740627265,45,298.579362
9057,163,t_x_61,0.3206324300073691,44,298.603695
9058,164,t_x_4,0.32030328407467384,43,298.627433
9059,165,t_x_317,0.32030211942610837,42,298.652158
9060,166,t_x_357,0.3201529313354039,41,298.675550
9061,167,t_x_371,0.31997869627072717,40,298.710172
9062,168,t_x_348,0.319840074379505,39,298.733497
9063,169,t_x_351,0.3198275341993695,38,298.767269
9064,170,t_x_39,0.3197549282209896,37,298.801329
9065,171,t_x_358,0.31957730052731464,36,298.823804
9066,172,t_x_436,0.3195203958746361,35,298.846458
9067,173,t_x_63,0.3193462006926152,34,298.869380
9068,174,t_x_33,0.31907745609654115,33,298.892518
9069,175,t_x_384,0.3190740655960574,32,298.915177
9070,176,t_x_439,0.31905430647098704,31,298.936700
9071,177,t_x_188,0.31901848908761204,30,298.959096
9072,151,t_x_41,0.32432807218660503,299,299.012551
9073,152,t_x_167,0.3242644250523776,51,299.132288
9074,153,t_x_72,0.32396974378127846,50,299.163140
9075,154,t_x_53,0.323954494307468,49,299.187278
9076,155,t_x_35,0.323694450763153,48,299.211680
9077,156,t_x_345,0.32350193897925106,47,299.251226
9078,157,t_x_36,0.32315741763196254,46,299.274758
9079,158,t_x_354,0.3213662439305996,45,299.310559
9080,159,t_x_162,0.32046107090717313,44,299.333632
9081,160,t_x_317,0.32030211942610837,43,299.356895
9082,161,t_x_357,0.3201529313354039,42,299.379631
9083,162,t_x_272,0.3200110872880186,41,299.402915
9084,163,t_x_161,0.31993337202310457,40,299.425546
9085,164,t_x_39,0.3197549282209896,39,299.447992
9086,165,t_x_319,0.3196661549508256,38,299.481364
9087,166,t_x_284,0.31956004451484066,37,299.504099
9088,167,t_x_160,0.31941654628814786,36,299.526751
9089,168,t_x_32,0.31928257804655796,35,299.549093
9090,169,t_x_33,0.31907745609654115,34,299.581499
9091,170,t_x_70,0.31875483678757077,33,299.614110
9092,171,t_x_52,0.3186162959873259,32,299.636059
9093,172,t_x_388,0.31859982612148885,31,299.657815
9094,173,t_x_30,0.3183566377299701,30,299.679274
9095,152,t_x_167,0.3242644250523776,298,299.731194
9096,153,t_x_225,0.32404935223887216,58,299.856149
9097,154,t_x_256,0.32401288646770043,57,299.882209
9098,155,t_x_194,0.3239518020251907,56,299.909459
9099,156,t_x_446,0.32394544265052777,55,299.934182
9100,157,t_x_36,0.32315741763196254,54,299.958420
9101,158,t_x_59,0.3230693864089372,53,299.985660
9102,159,t_x_241,0.3213790574644039,52,300.010063
9103,160,t_x_354,0.3213662439305996,51,300.034502
9104,161,t_x_95,0.32077476127869986,50,300.058913
9105,162,t_x_269,0.3207389474023821,49,300.083123
9106,163,t_x_249,0.3203398526266621,48,300.107042
9107,164,t_x_143,0.3203363352962292,47,300.130615
9108,165,t_x_231,0.32026074926974174,46,300.154466
9109,166,t_x_357,0.3201529313354039,45,300.178103
9110,167,t_x_128,0.3201485176076543,44,300.201155
9111,168,t_x_155,0.3200636541751233,43,300.223940
9112,169,t_x_161,0.31993337202310457,42,300.247294
9113,170,t_x_280,0.31990873351166077,41,300.270919
9114,171,t_x_90,0.31975708337557535,40,300.293038
9115,172,t_x_112,0.3197033375206849,39,300.315711
9116,173,t_x_282,0.3196933056683402,38,300.339129
9117,174,t_x_358,0.31957730052731464,37,300.360456
9118,175,t_x_187,0.3195347061135602,36,300.382959
9119,176,t_x_436,0.3195203958746361,35,300.404984
9120,177,t_x_32,0.31928257804655796,34,300.426994
9121,178,t_x_182,0.3192603059870898,33,300.448894
9122,179,t_x_443,0.31919004525908323,32,300.471017
9123,180,t_x_250,0.31910493517402994,31,300.492839
9124,181,t_x_33,0.31907745609654115,30,300.514199
9125,153,t_x_253,0.3240743066028985,297,300.564677
9126,154,t_x_225,0.32404935223887216,44,300.674329
9127,155,t_x_72,0.32396974378127846,43,300.697601
9128,156,t_x_446,0.32394544265052777,42,300.721213
9129,157,t_x_251,0.32383884010279435,41,300.743276
9130,158,t_x_300,0.32343917332278554,40,300.776292
9131,159,t_x_304,0.3231550820374737,39,300.798836
9132,160,t_x_27,0.3226116951650698,38,300.820896
9133,161,t_x_6,0.32156760061632716,37,300.843507
9134,162,t_x_241,0.3213790574644039,36,300.866016
9135,163,t_x_61,0.3206324300073691,35,300.898454
9136,164,t_x_135,0.32055137576989046,34,300.920768
9137,165,t_x_249,0.3203398526266621,33,300.942102
9138,166,t_x_4,0.32030328407467384,32,300.979841
9139,167,t_x_11,0.32017864898743276,31,301.002440
9140,168,t_x_449,0.3200522998991134,30,301.024531
9141,154,t_x_225,0.32404935223887216,296,301.076189
9142,155,t_x_151,0.32337424325993264,45,301.198879
9143,156,t_x_415,0.32298385976283783,44,301.225133
9144,157,t_x_138,0.3221951617760623,43,301.249715
9145,158,t_x_350,0.3220023172227456,42,301.272296
9146,159,t_x_269,0.3207389474023821,41,301.295752
9147,160,t_x_143,0.3203363352962292,40,301.318489
9148,161,t_x_231,0.32026074926974174,39,301.341716
9149,162,t_x_158,0.3198822175572763,38,301.363245
9150,163,t_x_112,0.3197033375206849,37,301.385052
9151,164,t_x_257,0.3196862469239287,36,301.407318
9152,165,t_x_358,0.31957730052731464,35,301.429700
9153,166,t_x_431,0.3195293554421153,34,301.455501
9154,167,t_x_235,0.3193493197656214,33,301.478229
9155,168,t_x_63,0.3193462006926152,32,301.499049
9156,169,t_x_238,0.3192659625599451,31,301.520614
9157,170,t_x_244,0.31920743172188837,30,301.541646
9158,155,t_x_256,0.32401288646770043,295,301.594409
9159,156,t_x_53,0.323954494307468,52,301.701113
9160,157,t_x_1,0.3237047946964038,51,301.740174
9161,158,t_x_131,0.32326796846853334,50,301.763279
9162,159,t_x_59,0.3230693864089372,49,301.786502
9163,160,t_x_6,0.32156760061632716,48,301.823705
9164,161,t_x_368,0.32082819954508945,47,301.846728
9165,162,t_x_269,0.3207389474023821,46,301.868981
9166,163,t_x_190,0.3203893311707023,45,301.903028
9167,164,t_x_4,0.32030328407467384,44,301.924890
9168,165,t_x_231,0.32026074926974174,43,301.946733
9169,166,t_x_363,0.3201927993523778,42,301.968990
9170,167,t_x_371,0.31997869627072717,41,301.990853
9171,168,t_x_222,0.31980409393388687,40,302.013312
9172,169,t_x_282,0.3196933056683402,39,302.034911
9173,170,t_x_257,0.3196862469239287,38,302.067211
9174,171,t_x_255,0.31961596194100095,37,302.099899
9175,172,t_x_63,0.3193462006926152,36,302.139987
9176,173,t_x_121,0.31900809173540023,35,302.163503
9177,174,t_x_58,0.3188222732541668,34,302.184250
9178,175,t_x_266,0.31875346140061533,33,302.204710
9179,176,t_x_263,0.318706573347225,32,302.235030
9180,177,t_x_12,0.3186774985671871,31,302.265336
9181,178,t_x_127,0.31864984704845123,30,302.286505
9182,156,t_x_72,0.32396974378127846,294,302.338060
9183,157,t_x_53,0.323954494307468,56,302.450452
9184,158,t_x_446,0.32394544265052777,55,302.475388
9185,159,t_x_251,0.32383884010279435,54,302.501153
9186,160,t_x_74,0.323802536529808,53,302.526081
9187,161,t_x_35,0.323694450763153,52,302.568589
9188,162,t_x_300,0.32343917332278554,51,302.594046
9189,163,t_x_36,0.32315741763196254,50,302.618221
9190,164,t_x_59,0.3230693864089372,49,302.642252
9191,165,t_x_138,0.3221951617760623,48,302.666167
9192,166,t_x_350,0.3220023172227456,47,302.690070
9193,167,t_x_61,0.3206324300073691,46,302.714401
9194,168,t_x_162,0.32046107090717313,45,302.750588
9195,169,t_x_184,0.3204442243710062,44,302.774407
9196,170,t_x_143,0.3203363352962292,43,302.801586
9197,171,t_x_92,0.3201060406698506,42,302.826676
9198,172,t_x_437,0.3199783566261846,41,302.850812
9199,173,t_x_161,0.31993337202310457,40,302.874046
9200,174,t_x_348,0.319840074379505,39,302.896756
9201,175,t_x_351,0.3198275341993695,38,302.919169
9202,176,t_x_112,0.3197033375206849,37,302.941804
9203,177,t_x_187,0.3195347061135602,36,302.963900
9204,178,t_x_252,0.31946986491772833,35,302.985838
9205,179,t_x_63,0.3193462006926152,34,303.008578
9206,180,t_x_238,0.3192659625599451,33,303.039749
9207,181,t_x_443,0.31919004525908323,32,303.062140
9208,182,t_x_246,0.3190836364520209,31,303.084325
9209,183,t_x_70,0.31875483678757077,30,303.105969
9210,157,t_x_53,0.323954494307468,293,303.156137
9211,158,t_x_59,0.3230693864089372,53,303.262868
9212,159,t_x_162,0.32046107090717313,52,303.302699
9213,160,t_x_184,0.3204442243710062,51,303.327381
9214,161,t_x_249,0.3203398526266621,50,303.351680
9215,162,t_x_280,0.31990873351166077,49,303.375495
9216,163,t_x_39,0.3197549282209896,48,303.399342
9217,164,t_x_282,0.3196933056683402,47,303.422560
9218,165,t_x_319,0.3196661549508256,46,303.446094
9219,166,t_x_160,0.31941654628814786,45,303.469063
9220,167,t_x_242,0.3193170507532921,44,303.492297
9221,168,t_x_182,0.3192603059870898,43,303.515117
9222,169,t_x_33,0.31907745609654115,42,303.537402
9223,170,t_x_321,0.3189184288017534,41,303.560629
9224,171,t_x_58,0.3188222732541668,40,303.583034
9225,172,t_x_266,0.31875346140061533,39,303.617175
9226,173,t_x_263,0.318706573347225,38,303.651229
9227,174,t_x_52,0.3186162959873259,37,303.673463
9228,175,t_x_322,0.31830740841254235,36,303.695527
9229,176,t_x_315,0.3183061176182019,35,303.717443
9230,177,t_x_47,0.3182127841880249,34,303.739372
9231,178,t_x_391,0.31818185738335797,33,303.760634
9232,179,t_x_60,0.318135541005953,32,303.782639
9233,180,t_x_43,0.31810725726167277,31,303.804221
9234,181,t_x_243,0.3178222164750265,30,303.825844
9235,158,t_x_194,0.3239518020251907,292,303.877662
9236,159,t_x_1,0.3237047946964038,47,303.983284
9237,160,t_x_408,0.3235294581808897,46,304.007951
9238,161,t_x_181,0.32346568703913375,45,304.042527
9239,162,t_x_191,0.3231065965073835,44,304.078341
9240,163,t_x_419,0.323059624125218,43,304.111877
9241,164,t_x_350,0.3220023172227456,42,304.138992
9242,165,t_x_99,0.3215428667997927,41,304.167464
9243,166,t_x_269,0.3207389474023821,40,304.189928
9244,167,t_x_184,0.3204442243710062,39,304.212679
9245,168,t_x_190,0.3203893311707023,38,304.245674
9246,169,t_x_11,0.32017864898743276,37,304.278445
9247,170,t_x_92,0.3201060406698506,36,304.299792
9248,171,t_x_90,0.31975708337557535,35,304.322037
9249,172,t_x_379,0.31970047243472205,34,304.343733
9250,173,t_x_358,0.31957730052731464,33,304.364671
9251,174,t_x_187,0.3195347061135602,32,304.385789
9252,175,t_x_182,0.3192603059870898,31,304.416672
9253,176,t_x_188,0.31901848908761204,30,304.437138
9254,159,t_x_446,0.32394544265052777,291,304.487715
9255,160,t_x_74,0.323802536529808,53,304.594104
9256,161,t_x_408,0.3235294581808897,52,304.639406
9257,162,t_x_415,0.32298385976283783,51,304.665218
9258,163,t_x_99,0.3215428667997927,50,304.690419
9259,164,t_x_354,0.3213662439305996,49,304.715913
9260,165,t_x_91,0.32105979179969935,48,304.741464
9261,166,t_x_429,0.32064953327757917,47,304.767016
9262,167,t_x_409,0.32060591343907036,46,304.804405
9263,168,t_x_135,0.32055137576989046,45,304.828848
9264,169,t_x_435,0.32023988121854285,44,304.865465
9265,170,t_x_357,0.3201529313354039,43,304.901322
9266,171,t_x_447,0.3201059070916388,42,304.925957
9267,172,t_x_449,0.3200522998991134,41,304.960952
9268,173,t_x_437,0.3199783566261846,40,304.995872
9269,174,t_x_280,0.31990873351166077,39,305.030310
9270,175,t_x_348,0.319840074379505,38,305.053962
9271,176,t_x_431,0.3195293554421153,37,305.077656
9272,177,t_x_436,0.3195203958746361,36,305.101427
9273,178,t_x_427,0.3192083979091698,35,305.126671
9274,179,t_x_443,0.31919004525908323,34,305.149548
9275,180,t_x_281,0.3191887990043659,33,305.182125
9276,181,t_x_439,0.31905430647098704,32,305.204584
9277,182,t_x_353,0.3190031724528899,31,305.228922
9278,183,t_x_70,0.31875483678757077,30,305.251885
9279,160,t_x_16,0.3238783027854283,290,305.301830
9280,161,t_x_251,0.32383884010279435,56,305.408928
9281,162,t_x_151,0.32337424325993264,55,305.433281
9282,163,t_x_304,0.3231550820374737,54,305.459264
9283,164,t_x_59,0.3230693864089372,53,305.505501
9284,165,t_x_27,0.3226116951650698,52,305.529564
9285,166,t_x_241,0.3213790574644039,51,305.569355
9286,167,t_x_162,0.32046107090717313,50,305.592989
9287,168,t_x_4,0.32030328407467384,49,305.616360
9288,169,t_x_363,0.3201927993523778,48,305.640297
9289,170,t_x_155,0.3200636541751233,47,305.663800
9290,171,t_x_371,0.31997869627072717,46,305.687170
9291,172,t_x_280,0.31990873351166077,45,305.710555
9292,173,t_x_112,0.3197033375206849,44,305.732966
9293,174,t_x_29,0.31970262399898997,43,305.755269
9294,175,t_x_93,0.31969098511900007,42,305.777030
9295,176,t_x_28,0.31963977817813943,41,305.799568
9296,177,t_x_312,0.31948945754507085,40,305.833274
9297,178,t_x_279,0.3193139926659193,39,305.855639
9298,179,t_x_246,0.3190836364520209,38,305.877365
9299,180,t_x_58,0.3188222732541668,37,305.899605
9300,181,t_x_310,0.3186284145331494,36,305.921479
9301,182,t_x_52,0.3186162959873259,35,305.942949
9302,183,t_x_278,0.31856550808332806,34,305.964882
9303,184,t_x_364,0.31835288347826046,33,305.998994
9304,185,t_x_96,0.3181829080367553,32,306.025218
9305,186,t_x_391,0.31818185738335797,31,306.050942
9306,187,t_x_243,0.3178222164750265,30,306.072596
9307,161,t_x_251,0.32383884010279435,289,306.123924
9308,162,t_x_304,0.3231550820374737,39,306.227706
9309,163,t_x_59,0.3230693864089372,38,306.249783
9310,164,t_x_27,0.3226116951650698,37,306.272025
9311,165,t_x_6,0.32156760061632716,36,306.294223
9312,166,t_x_241,0.3213790574644039,35,306.316487
9313,167,t_x_135,0.32055137576989046,34,306.348816
9314,168,t_x_162,0.32046107090717313,33,306.370509
9315,169,t_x_249,0.3203398526266621,32,306.392554
9316,170,t_x_143,0.3203363352962292,31,306.423987
9317,171,t_x_435,0.32023988121854285,30,306.445010
9318,162,t_x_74,0.323802536529808,288,306.493548
9319,163,t_x_35,0.323694450763153,56,306.599543
9320,164,t_x_181,0.32346568703913375,55,306.625782
9321,165,t_x_354,0.3213662439305996,54,306.652239
9322,166,t_x_61,0.3206324300073691,53,306.678013
9323,167,t_x_135,0.32055137576989046,52,306.719598
9324,168,t_x_184,0.3204442243710062,51,306.744541
9325,169,t_x_363,0.3201927993523778,50,306.769801
9326,170,t_x_437,0.3199783566261846,49,306.796033
9327,171,t_x_158,0.3198822175572763,48,306.820380
9328,172,t_x_348,0.319840074379505,47,306.845714
9329,173,t_x_112,0.3197033375206849,46,306.871870
9330,174,t_x_187,0.3195347061135602,45,306.896342
9331,175,t_x_235,0.3193493197656214,44,306.919994
9332,176,t_x_63,0.3193462006926152,43,306.944341
9333,177,t_x_439,0.31905430647098704,42,306.979261
9334,178,t_x_70,0.31875483678757077,41,307.002634
9335,179,t_x_69,0.3187309179251806,40,307.025360
9336,180,t_x_356,0.31860603215529865,39,307.048398
9337,181,t_x_247,0.3185092782668806,38,307.071994
9338,182,t_x_146,0.3183069069966693,37,307.095533
9339,183,t_x_40,0.3182723724320793,36,307.117834
9340,184,t_x_96,0.3181829080367553,35,307.140800
9341,185,t_x_391,0.31818185738335797,34,307.164623
9342,186,t_x_60,0.318135541005953,33,307.186608
9343,187,t_x_448,0.31809788928887106,32,307.208433
9344,188,t_x_34,0.31800397427268234,31,307.231054
9345,189,t_x_347,0.317349019525933,30,307.253233
9346,163,t_x_130,0.3237189430626469,287,307.302923
9347,164,t_x_131,0.32326796846853334,52,307.407373
9348,165,t_x_27,0.3226116951650698,51,307.448809
9349,166,t_x_138,0.3221951617760623,50,307.474224
9350,167,t_x_327,0.3211406740627265,49,307.498710
9351,168,t_x_375,0.32083768524015677,48,307.522704
9352,169,t_x_269,0.3207389474023821,47,307.547106
9353,170,t_x_190,0.3203893311707023,46,307.570623
9354,171,t_x_143,0.3203363352962292,45,307.593975
9355,172,t_x_128,0.3201485176076543,44,307.617377
9356,173,t_x_92,0.3201060406698506,43,307.652090
9357,174,t_x_447,0.3201059070916388,42,307.675444
9358,175,t_x_449,0.3200522998991134,41,307.698047
9359,176,t_x_272,0.3200110872880186,40,307.720766
9360,177,t_x_437,0.3199783566261846,39,307.754464
9361,178,t_x_280,0.31990873351166077,38,307.777566
9362,179,t_x_93,0.31969098511900007,37,307.810929
9363,180,t_x_257,0.3196862469239287,36,307.832816
9364,181,t_x_319,0.3196661549508256,35,307.854945
9365,182,t_x_28,0.31963977817813943,34,307.877064
9366,183,t_x_431,0.3195293554421153,33,307.900040
9367,184,t_x_182,0.3192603059870898,32,307.922080
9368,185,t_x_443,0.31919004525908323,31,307.943869
9369,186,t_x_329,0.3191806753137926,30,307.964853
9370,164,t_x_1,0.3237047946964038,286,308.014440
9371,165,t_x_408,0.3235294581808897,49,308.117572
9372,166,t_x_419,0.323059624125218,48,308.140790
9373,167,t_x_338,0.32264023726710334,47,308.174917
9374,168,t_x_6,0.32156760061632716,46,308.201455
9375,169,t_x_91,0.32105979179969935,45,308.237386
9376,170,t_x_269,0.3207389474023821,44,308.260486
9377,171,t_x_429,0.32064953327757917,43,308.282767
9378,172,t_x_409,0.32060591343907036,42,308.305967
9379,173,t_x_249,0.3203398526266621,41,308.329429
9380,174,t_x_4,0.32030328407467384,40,308.351523
9381,175,t_x_11,0.32017864898743276,39,308.385290
9382,176,t_x_92,0.3201060406698506,38,308.418040
9383,177,t_x_272,0.3200110872880186,37,308.439962
9384,178,t_x_282,0.3196933056683402,36,308.461811
9385,179,t_x_257,0.3196862469239287,35,308.483617
9386,180,t_x_28,0.31963977817813943,34,308.509373
9387,181,t_x_255,0.31961596194100095,33,308.531032
9388,182,t_x_252,0.31946986491772833,32,308.552560
9389,183,t_x_279,0.3193139926659193,31,308.573739
9390,184,t_x_182,0.3192603059870898,30,308.595031
9391,165,t_x_35,0.323694450763153,285,308.647598
9392,166,t_x_36,0.32315741763196254,44,308.753579
9393,167,t_x_375,0.32083768524015677,43,308.789242
9394,168,t_x_162,0.32046107090717313,42,308.824150
9395,169,t_x_376,0.3203565634718892,41,308.847156
9396,170,t_x_317,0.32030211942610837,40,308.869383
9397,171,t_x_155,0.3200636541751233,39,308.891965
9398,172,t_x_272,0.3200110872880186,38,308.914944
9399,173,t_x_161,0.31993337202310457,37,308.937019
9400,174,t_x_280,0.31990873351166077,36,308.959445
9401,175,t_x_158,0.3198822175572763,35,308.981844
9402,176,t_x_348,0.319840074379505,34,309.004215
9403,177,t_x_39,0.3197549282209896,33,309.025481
9404,178,t_x_379,0.31970047243472205,32,309.057709
9405,179,t_x_32,0.31928257804655796,31,309.088951
9406,180,t_x_427,0.3192083979091698,30,309.120296
9407,166,t_x_328,0.3235503395467524,284,309.175853
9408,167,t_x_36,0.32315741763196254,44,309.291003
9409,168,t_x_433,0.3218899203392841,43,309.314879
9410,169,t_x_327,0.3211406740627265,42,309.338164
9411,170,t_x_368,0.32082819954508945,41,309.373581
9412,171,t_x_95,0.32077476127869986,40,309.396522
9413,172,t_x_324,0.3205857039195655,39,309.419702
9414,173,t_x_317,0.32030211942610837,38,309.453287
9415,174,t_x_348,0.319840074379505,37,309.486023
9416,175,t_x_90,0.31975708337557535,36,309.508181
9417,176,t_x_379,0.31970047243472205,35,309.530114
9418,177,t_x_319,0.3196661549508256,34,309.552027
9419,178,t_x_358,0.31957730052731464,33,309.584310
9420,179,t_x_427,0.3192083979091698,32,309.606270
9421,180,t_x_329,0.3191806753137926,31,309.628302
9422,181,t_x_344,0.31900478376110813,30,309.651420
9423,167,t_x_408,0.3235294581808897,283,309.700522
9424,168,t_x_181,0.32346568703913375,43,309.803434
9425,169,t_x_191,0.3231065965073835,42,309.838781
9426,170,t_x_419,0.323059624125218,41,309.868109
9427,171,t_x_415,0.32298385976283783,40,309.901918
9428,172,t_x_27,0.3226116951650698,39,309.936110
9429,173,t_x_138,0.3221951617760623,38,309.960462
9430,174,t_x_350,0.3220023172227456,37,309.984529
9431,175,t_x_6,0.32156760061632716,36,310.007027
9432,176,t_x_409,0.32060591343907036,35,310.030417
9433,177,t_x_135,0.32055137576989046,34,310.063554
9434,178,t_x_357,0.3201529313354039,33,310.087057
9435,179,t_x_437,0.3199783566261846,32,310.109692
9436,180,t_x_222,0.31980409393388687,31,310.132517
9437,181,t_x_358,0.31957730052731464,30,310.155561
9438,168,t_x_345,0.32350193897925106,282,310.205377
9439,169,t_x_304,0.3231550820374737,55,310.307893
9440,170,t_x_419,0.323059624125218,54,310.334798
9441,171,t_x_350,0.3220023172227456,53,310.377028
9442,172,t_x_354,0.3213662439305996,52,310.421720
9443,173,t_x_375,0.32083768524015677,51,310.465171
9444,174,t_x_61,0.3206324300073691,50,310.490077
9445,175,t_x_409,0.32060591343907036,49,310.515173
9446,176,t_x_324,0.3205857039195655,48,310.553349
9447,177,t_x_357,0.3201529313354039,47,310.577466
9448,178,t_x_371,0.31997869627072717,46,310.614076
9449,179,t_x_437,0.3199783566261846,45,310.638135
9450,180,t_x_348,0.319840074379505,44,310.662754
9451,181,t_x_351,0.3198275341993695,43,310.697338
9452,182,t_x_358,0.31957730052731464,42,310.732706
9453,183,t_x_63,0.3193462006926152,41,310.767376
9454,184,t_x_182,0.3192603059870898,40,310.790886
9455,185,t_x_329,0.3191806753137926,39,310.814228
9456,186,t_x_384,0.3190740655960574,38,310.837368
9457,187,t_x_439,0.31905430647098704,37,310.859276
9458,188,t_x_389,0.3190051244560763,36,310.882903
9459,189,t_x_353,0.3190031724528899,35,310.904834
9460,190,t_x_414,0.31898229808373346,34,310.929098
9461,191,t_x_321,0.3189184288017534,33,310.951277
9462,192,t_x_9,0.31880382724696477,32,310.973792
9463,193,t_x_356,0.31860603215529865,31,310.996278
9464,194,t_x_388,0.31859982612148885,30,311.027257
9465,169,t_x_181,0.32346568703913375,281,311.079607
9466,170,t_x_131,0.32326796846853334,51,311.191312
9467,171,t_x_191,0.3231065965073835,50,311.222217
9468,172,t_x_419,0.323059624125218,49,311.260132
9469,173,t_x_350,0.3220023172227456,48,311.297194
9470,174,t_x_184,0.3204442243710062,47,311.320790
9471,175,t_x_190,0.3203893311707023,46,311.356412
9472,176,t_x_11,0.32017864898743276,45,311.390729
9473,177,t_x_357,0.3201529313354039,44,311.413871
9474,178,t_x_351,0.3198275341993695,43,311.436797
9475,179,t_x_93,0.31969098511900007,42,311.459996
9476,180,t_x_358,0.31957730052731464,41,311.483216
9477,181,t_x_187,0.3195347061135602,40,311.505899
9478,182,t_x_63,0.3193462006926152,39,311.539330
9479,183,t_x_182,0.3192603059870898,38,311.562538
9480,184,t_x_188,0.31901848908761204,37,311.595851
9481,185,t_x_121,0.31900809173540023,36,311.617494
9482,186,t_x_344,0.31900478376110813,35,311.640193
9483,187,t_x_414,0.31898229808373346,34,311.661237
9484,188,t_x_9,0.31880382724696477,33,311.682988
9485,189,t_x_120,0.31880171171540855,32,311.704633
9486,190,t_x_406,0.3187332588205406,31,311.726496
9487,191,t_x_263,0.318706573347225,30,311.747053
9488,170,t_x_300,0.32343917332278554,280,311.797938
9489,171,t_x_304,0.3231550820374737,45,311.900712
9490,172,t_x_161,0.31993337202310457,44,311.938549
9491,173,t_x_158,0.3198822175572763,43,311.962000
9492,174,t_x_351,0.3198275341993695,42,311.984708
9493,175,t_x_222,0.31980409393388687,41,312.007592
9494,176,t_x_29,0.31970262399898997,40,312.030356
9495,177,t_x_431,0.3195293554421153,39,312.052971
9496,178,t_x_312,0.31948945754507085,38,312.075528
9497,179,t_x_252,0.31946986491772833,37,312.108274
9498,180,t_x_344,0.31900478376110813,36,312.130529
9499,181,t_x_310,0.3186284145331494,35,312.152615
9500,182,t_x_247,0.3185092782668806,34,312.184949
9501,183,t_x_422,0.3183627391269323,33,312.207212
9502,184,t_x_243,0.3178222164750265,32,312.229114
9503,185,t_x_24,0.31704158739102617,31,312.250768
9504,186,t_x_154,0.3165212994787281,30,312.272339
9505,171,t_x_151,0.32337424325993264,279,312.321365
9506,172,t_x_36,0.32315741763196254,42,312.428474
9507,173,t_x_59,0.3230693864089372,41,312.453043
9508,174,t_x_241,0.3213790574644039,40,312.476235
9509,175,t_x_429,0.32064953327757917,39,312.498814
9510,176,t_x_162,0.32046107090717313,38,312.524617
9511,177,t_x_155,0.3200636541751233,37,312.559506
9512,178,t_x_371,0.31997869627072717,36,312.581590
9513,179,t_x_161,0.31993337202310457,35,312.604241
9514,180,t_x_158,0.3198822175572763,34,312.626486
9515,181,t_x_29,0.31970262399898997,33,312.658157
9516,182,t_x_312,0.31948945754507085,32,312.680129
9517,183,t_x_160,0.31941654628814786,31,312.702486
9518,184,t_x_235,0.3193493197656214,30,312.724147
9519,172,t_x_131,0.32326796846853334,278,312.775838
9520,173,t_x_433,0.3218899203392841,46,312.876649
9521,174,t_x_375,0.32083768524015677,45,312.900168
9522,175,t_x_269,0.3207389474023821,44,312.935853
9523,176,t_x_429,0.32064953327757917,43,312.959206
9524,177,t_x_135,0.32055137576989046,42,312.982270
9525,178,t_x_184,0.3204442243710062,41,313.005564
9526,179,t_x_190,0.3203893311707023,40,313.028275
9527,180,t_x_143,0.3203363352962292,39,313.051025
9528,181,t_x_317,0.32030211942610837,38,313.074270
9529,182,t_x_435,0.32023988121854285,37,313.096586
9530,183,t_x_128,0.3201485176076543,36,313.119207
9531,184,t_x_92,0.3201060406698506,35,313.151955
9532,185,t_x_272,0.3200110872880186,34,313.174046
9533,186,t_x_280,0.31990873351166077,33,313.195309
9534,187,t_x_90,0.31975708337557535,32,313.216611
9535,188,t_x_29,0.31970262399898997,31,313.238133
9536,189,t_x_319,0.3196661549508256,30,313.260694
9537,173,t_x_36,0.32315741763196254,277,313.310028
9538,174,t_x_59,0.3230693864089372,48,313.408698
9539,175,t_x_433,0.3218899203392841,47,313.433769
9540,176,t_x_327,0.3211406740627265,46,313.457458
9541,177,t_x_375,0.32083768524015677,45,313.482400
9542,178,t_x_61,0.3206324300073691,44,313.505075
9543,179,t_x_324,0.3205857039195655,43,313.528394
9544,180,t_x_162,0.32046107090717313,42,313.550905
9545,181,t_x_376,0.3203565634718892,41,313.573727
9546,182,t_x_317,0.32030211942610837,40,313.596271
9547,183,t_x_357,0.3201529313354039,39,313.618519
9548,184,t_x_155,0.3200636541751233,38,313.640354
9549,185,t_x_272,0.3200110872880186,37,313.662466
9550,186,t_x_39,0.3197549282209896,36,313.684554
9551,187,t_x_63,0.3193462006926152,35,313.716684
9552,188,t_x_32,0.31928257804655796,34,313.738176
9553,189,t_x_329,0.3191806753137926,33,313.761080
9554,190,t_x_33,0.31907745609654115,32,313.782969
9555,191,t_x_384,0.3190740655960574,31,313.805390
9556,192,t_x_58,0.3188222732541668,30,313.826042
9557,174,t_x_304,0.3231550820374737,276,313.875303
9558,175,t_x_338,0.32264023726710334,37,313.973555
9559,176,t_x_27,0.3226116951650698,36,313.995671
9560,177,t_x_61,0.3206324300073691,35,314.017603
9561,178,t_x_357,0.3201529313354039,34,314.038990
9562,179,t_x_155,0.3200636541751233,33,314.060475
9563,180,t_x_112,0.3197033375206849,32,314.082305
9564,181,t_x_28,0.31963977817813943,31,314.113679
9565,182,t_x_312,0.31948945754507085,30,314.135142
9566,175,t_x_191,0.3231065965073835,275,314.193339
9567,176,t_x_415,0.32298385976283783,53,314.293581
9568,177,t_x_91,0.32105979179969935,52,314.318309
9569,178,t_x_95,0.32077476127869986,51,314.360399
9570,179,t_x_269,0.3207389474023821,50,314.386236
9571,180,t_x_184,0.3204442243710062,49,314.410357
9572,181,t_x_190,0.3203893311707023,48,314.450293
9573,182,t_x_92,0.3201060406698506,47,314.486512
9574,183,t_x_348,0.319840074379505,46,314.510194
9575,184,t_x_93,0.31969098511900007,45,314.532740
9576,185,t_x_257,0.3196862469239287,44,314.555721
9577,186,t_x_255,0.31961596194100095,43,314.579480
9578,187,t_x_187,0.3195347061135602,42,314.603061
9579,188,t_x_182,0.3192603059870898,41,314.636704
9580,189,t_x_384,0.3190740655960574,40,314.671226
9581,190,t_x_188,0.31901848908761204,39,314.692852
9582,191,t_x_389,0.3190051244560763,38,314.716968
9583,192,t_x_353,0.3190031724528899,37,314.738688
9584,193,t_x_70,0.31875483678757077,36,314.760710
9585,194,t_x_263,0.318706573347225,35,314.783148
9586,195,t_x_127,0.31864984704845123,34,314.805179
9587,196,t_x_405,0.3184748756480654,33,314.826588
9588,197,t_x_175,0.318348868548595,32,314.848084
9589,198,t_x_94,0.31824593329857287,31,314.869427
9590,199,t_x_96,0.3181829080367553,30,314.890418
9591,176,t_x_59,0.3230693864089372,274,314.938923
9592,177,t_x_324,0.3205857039195655,42,315.036916
9593,178,t_x_190,0.3203893311707023,41,315.059530
9594,179,t_x_317,0.32030211942610837,40,315.082211
9595,180,t_x_272,0.3200110872880186,39,315.104500
9596,181,t_x_161,0.31993337202310457,38,315.126260
9597,182,t_x_158,0.3198822175572763,37,315.148594
9598,183,t_x_279,0.3193139926659193,36,315.170517
9599,184,t_x_246,0.3190836364520209,35,315.194805
9600,185,t_x_344,0.31900478376110813,34,315.225971
9601,186,t_x_321,0.3189184288017534,33,315.247882
9602,187,t_x_58,0.3188222732541668,32,315.269352
9603,188,t_x_52,0.3186162959873259,31,315.291435
9604,189,t_x_40,0.3182723724320793,30,315.313322
9605,177,t_x_419,0.323059624125218,273,315.363887
9606,178,t_x_415,0.32298385976283783,48,315.462760
9607,179,t_x_350,0.3220023172227456,47,315.504315
9608,180,t_x_6,0.32156760061632716,46,315.543948
9609,181,t_x_354,0.3213662439305996,45,315.569217
9610,182,t_x_409,0.32060591343907036,44,315.596424
9611,183,t_x_4,0.32030328407467384,43,315.631193
9612,184,t_x_437,0.3199783566261846,42,315.655264
9613,185,t_x_348,0.319840074379505,41,315.679561
9614,186,t_x_358,0.31957730052731464,40,315.714716
9615,187,t_x_436,0.3195203958746361,39,315.749759
9616,188,t_x_235,0.3193493197656214,38,315.773073
9617,189,t_x_182,0.3192603059870898,37,315.797363
9618,190,t_x_439,0.31905430647098704,36,315.820137
9619,191,t_x_389,0.3190051244560763,35,315.842756
9620,192,t_x_344,0.31900478376110813,34,315.865387
9621,193,t_x_353,0.3190031724528899,33,315.887587
9622,194,t_x_414,0.31898229808373346,32,315.909058
9623,195,t_x_9,0.31880382724696477,31,315.930404
9624,196,t_x_382,0.31876090221757525,30,315.952667
9625,178,t_x_415,0.32298385976283783,272,316.001358
9626,179,t_x_338,0.32264023726710334,48,316.100036
9627,180,t_x_354,0.3213662439305996,47,316.125940
9628,181,t_x_409,0.32060591343907036,46,316.150690
9629,182,t_x_135,0.32055137576989046,45,316.188038
9630,183,t_x_190,0.3203893311707023,44,316.212592
9631,184,t_x_376,0.3203565634718892,43,316.248308
9632,185,t_x_4,0.32030328407467384,42,316.271571
9633,186,t_x_435,0.32023988121854285,41,316.295797
9634,187,t_x_11,0.32017864898743276,40,316.319055
9635,188,t_x_437,0.3199783566261846,39,316.342709
9636,189,t_x_348,0.319840074379505,38,316.365709
9637,190,t_x_379,0.31970047243472205,37,316.388357
9638,191,t_x_436,0.3195203958746361,36,316.411163
9639,192,t_x_182,0.3192603059870898,35,316.434259
9640,193,t_x_188,0.31901848908761204,34,316.456445
9641,194,t_x_389,0.3190051244560763,33,316.478630
9642,195,t_x_344,0.31900478376110813,32,316.501346
9643,196,t_x_414,0.31898229808373346,31,316.523510
9644,197,t_x_9,0.31880382724696477,30,316.544585
9645,179,t_x_338,0.32264023726710334,271,316.594327
9646,180,t_x_433,0.3218899203392841,50,316.699704
9647,181,t_x_327,0.3211406740627265,49,316.726111
9648,182,t_x_429,0.32064953327757917,48,316.752111
9649,183,t_x_409,0.32060591343907036,47,316.777013
9650,184,t_x_184,0.3204442243710062,46,316.802151
9651,185,t_x_435,0.32023988121854285,45,316.828689
9652,186,t_x_449,0.3200522998991134,44,316.852956
9653,187,t_x_371,0.31997869627072717,43,316.878359
9654,188,t_x_222,0.31980409393388687,42,316.903481
9655,189,t_x_187,0.3195347061135602,41,316.928410
9656,190,t_x_431,0.3195293554421153,40,316.952655
9657,191,t_x_436,0.3195203958746361,39,316.976868
9658,192,t_x_279,0.3193139926659193,38,317.000369
9659,193,t_x_238,0.3192659625599451,37,317.024762
9660,194,t_x_281,0.3191887990043659,36,317.049647
9661,195,t_x_329,0.3191806753137926,35,317.072665
9662,196,t_x_439,0.31905430647098704,34,317.096411
9663,197,t_x_188,0.31901848908761204,33,317.118952
9664,198,t_x_344,0.31900478376110813,32,317.142495
9665,199,t_x_414,0.31898229808373346,31,317.164268
9666,200,t_x_310,0.3186284145331494,30,317.187486
9667,180,t_x_27,0.3226116951650698,270,317.237957
9668,181,t_x_368,0.32082819954508945,49,317.336596
9669,182,t_x_162,0.32046107090717313,48,317.361409
9670,183,t_x_249,0.3203398526266621,47,317.385010
9671,184,t_x_92,0.3201060406698506,46,317.409431
9672,185,t_x_371,0.31997869627072717,45,317.433559
9673,186,t_x_161,0.31993337202310457,44,317.457720
9674,187,t_x_112,0.3197033375206849,43,317.481018
9675,188,t_x_29,0.31970262399898997,42,317.503851
9676,189,t_x_28,0.31963977817813943,41,317.538033
9677,190,t_x_284,0.31956004451484066,40,317.572589
9678,191,t_x_160,0.31941654628814786,39,317.595390
9679,192,t_x_9,0.31880382724696477,38,317.618545
9680,193,t_x_406,0.3187332588205406,37,317.641053
9681,194,t_x_127,0.31864984704845123,36,317.664141
9682,195,t_x_278,0.31856550808332806,35,317.687105
9683,196,t_x_247,0.3185092782668806,34,317.709614
9684,197,t_x_276,0.3183400161444687,33,317.732213
9685,198,t_x_96,0.3181829080367553,32,317.754708
9686,199,t_x_391,0.31818185738335797,31,317.777018
9687,200,t_x_275,0.31771745817028574,30,317.798936
9688,181,t_x_138,0.3221951617760623,269,317.848081
9689,182,t_x_433,0.3218899203392841,52,317.952585
9690,183,t_x_99,0.3215428667997927,51,317.977633
9691,184,t_x_241,0.3213790574644039,50,318.020368
9692,185,t_x_91,0.32105979179969935,49,318.045663
9693,186,t_x_61,0.3206324300073691,48,318.070710
9694,187,t_x_135,0.32055137576989046,47,318.094734
9695,188,t_x_249,0.3203398526266621,46,318.130278
9696,189,t_x_143,0.3203363352962292,45,318.154415
9697,190,t_x_231,0.32026074926974174,44,318.190748
9698,191,t_x_447,0.3201059070916388,43,318.214744
9699,192,t_x_449,0.3200522998991134,42,318.237748
9700,193,t_x_371,0.31997869627072717,41,318.261220
9701,194,t_x_161,0.31993337202310457,40,318.284890
9702,195,t_x_90,0.31975708337557535,39,318.307358
9703,196,t_x_282,0.3196933056683402,38,318.330754
9704,197,t_x_93,0.31969098511900007,37,318.354391
9705,198,t_x_284,0.31956004451484066,36,318.377484
9706,199,t_x_431,0.3195293554421153,35,318.401216
9707,200,t_x_370,0.3195182550040618,34,318.423945
9708,201,t_x_160,0.31941654628814786,33,318.447195
9709,202,t_x_235,0.3193493197656214,32,318.469906
9710,203,t_x_242,0.3193170507532921,31,318.492434
9711,204,t_x_439,0.31905430647098704,30,318.514849
9712,182,t_x_350,0.3220023172227456,268,318.564880
9713,183,t_x_354,0.3213662439305996,48,318.664494
9714,184,t_x_375,0.32083768524015677,47,318.705555
9715,185,t_x_409,0.32060591343907036,46,318.730330
9716,186,t_x_435,0.32023988121854285,45,318.755271
9717,187,t_x_357,0.3201529313354039,44,318.779809
9718,188,t_x_348,0.319840074379505,43,318.815466
9719,189,t_x_351,0.3198275341993695,42,318.850022
9720,190,t_x_222,0.31980409393388687,41,318.884807
9721,191,t_x_379,0.31970047243472205,40,318.909316
9722,192,t_x_319,0.3196661549508256,39,318.943653
9723,193,t_x_358,0.31957730052731464,38,318.967403
9724,194,t_x_235,0.3193493197656214,37,319.000755
9725,195,t_x_384,0.3190740655960574,36,319.024071
9726,196,t_x_353,0.3190031724528899,35,319.046132
9727,197,t_x_414,0.31898229808373346,34,319.079040
9728,198,t_x_382,0.31876090221757525,33,319.101497
9729,199,t_x_70,0.31875483678757077,32,319.124071
9730,200,t_x_69,0.3187309179251806,31,319.146779
9731,201,t_x_356,0.31860603215529865,30,319.169020
9732,183,t_x_433,0.3218899203392841,267,319.227277
9733,184,t_x_6,0.32156760061632716,44,319.322417
9734,185,t_x_368,0.32082819954508945,43,319.347105
9735,186,t_x_429,0.32064953327757917,42,319.371424
9736,187,t_x_376,0.3203565634718892,41,319.406545
9737,188,t_x_143,0.3203363352962292,40,319.430378
9738,189,t_x_435,0.32023988121854285,39,319.453278
9739,190,t_x_447,0.3201059070916388,38,319.476529
9740,191,t_x_371,0.31997869627072717,37,319.499025
9741,192,t_x_437,0.3199783566261846,36,319.522177
9742,193,t_x_158,0.3198822175572763,35,319.545485
9743,194,t_x_39,0.3197549282209896,34,319.568376
9744,195,t_x_379,0.31970047243472205,33,319.591502
9745,196,t_x_319,0.3196661549508256,32,319.613893
9746,197,t_x_431,0.3195293554421153,31,319.636333
9747,198,t_x_436,0.3195203958746361,30,319.660519
9748,184,t_x_6,0.32156760061632716,266,319.708187
9749,185,t_x_429,0.32064953327757917,46,319.803545
9750,186,t_x_190,0.3203893311707023,45,319.827870
9751,187,t_x_4,0.32030328407467384,44,319.853564
9752,188,t_x_11,0.32017864898743276,43,319.889664
9753,189,t_x_357,0.3201529313354039,42,319.923409
9754,190,t_x_90,0.31975708337557535,41,319.946187
9755,191,t_x_39,0.3197549282209896,40,319.969547
9756,192,t_x_187,0.3195347061135602,39,319.992749
9757,193,t_x_182,0.3192603059870898,38,320.014968
9758,194,t_x_244,0.31920743172188837,37,320.037243
9759,195,t_x_250,0.31910493517402994,36,320.060077
9760,196,t_x_33,0.31907745609654115,35,320.082565
9761,197,t_x_344,0.31900478376110813,34,320.105507
9762,198,t_x_414,0.31898229808373346,33,320.127875
9763,199,t_x_9,0.31880382724696477,32,320.149708
9764,200,t_x_266,0.31875346140061533,31,320.171054
9765,201,t_x_406,0.3187332588205406,30,320.192572
9766,185,t_x_99,0.3215428667997927,265,320.240635
9767,186,t_x_327,0.3211406740627265,48,320.342682
9768,187,t_x_91,0.32105979179969935,47,320.366028
9769,188,t_x_375,0.32083768524015677,46,320.405267
9770,189,t_x_95,0.32077476127869986,45,320.428432
9771,190,t_x_324,0.3205857039195655,44,320.465921
9772,191,t_x_143,0.3203363352962292,43,320.488234
9773,192,t_x_4,0.32030328407467384,42,320.510357
9774,193,t_x_128,0.3201485176076543,41,320.532636
9775,194,t_x_92,0.3201060406698506,40,320.555069
9776,195,t_x_447,0.3201059070916388,39,320.576611
9777,196,t_x_280,0.31990873351166077,38,320.598245
9778,197,t_x_90,0.31975708337557535,37,320.619728
9779,198,t_x_379,0.31970047243472205,36,320.652715
9780,199,t_x_93,0.31969098511900007,35,320.674001
9781,200,t_x_319,0.3196661549508256,34,320.706880
9782,201,t_x_284,0.31956004451484066,33,320.728194
9783,202,t_x_63,0.3193462006926152,32,320.749340
9784,203,t_x_279,0.3193139926659193,31,320.770575
9785,204,t_x_188,0.31901848908761204,30,320.791425
9786,186,t_x_241,0.3213790574644039,264,320.839589
9787,187,t_x_375,0.32083768524015677,38,320.934439
9788,188,t_x_162,0.32046107090717313,37,320.956310
9789,189,t_x_249,0.3203398526266621,36,320.979210
9790,190,t_x_435,0.32023988121854285,35,321.011470
9791,191,t_x_11,0.32017864898743276,34,321.033679
9792,192,t_x_312,0.31948945754507085,33,321.056008
9793,193,t_x_252,0.31946986491772833,32,321.078236
9794,194,t_x_235,0.3193493197656214,31,321.109984
9795,195,t_x_242,0.3193170507532921,30,321.162899
9796,187,t_x_354,0.3213662439305996,263,321.231407
9797,188,t_x_324,0.3205857039195655,41,321.339115
9798,189,t_x_231,0.32026074926974174,40,321.363214
9799,190,t_x_357,0.3201529313354039,39,321.387112
9800,191,t_x_437,0.3199783566261846,38,321.421575
9801,192,t_x_348,0.319840074379505,37,321.445527
9802,193,t_x_351,0.3198275341993695,36,321.479293
9803,194,t_x_319,0.3196661549508256,35,321.504453
9804,195,t_x_358,0.31957730052731464,34,321.527661
9805,196,t_x_238,0.3192659625599451,33,321.560762
9806,197,t_x_384,0.3190740655960574,32,321.584405
9807,198,t_x_353,0.3190031724528899,31,321.605973
9808,199,t_x_414,0.31898229808373346,30,321.627362
9809,188,t_x_327,0.3211406740627265,262,321.675427
9810,189,t_x_375,0.32083768524015677,55,321.782416
9811,190,t_x_324,0.3205857039195655,54,321.809228
9812,191,t_x_317,0.32030211942610837,53,321.853689
9813,192,t_x_231,0.32026074926974174,52,321.894623
9814,193,t_x_363,0.3201927993523778,51,321.919150
9815,194,t_x_155,0.3200636541751233,50,321.945404
9816,195,t_x_161,0.31993337202310457,49,321.970011
9817,196,t_x_39,0.3197549282209896,48,321.993920
9818,197,t_x_379,0.31970047243472205,47,322.017949
9819,198,t_x_319,0.3196661549508256,46,322.041017
9820,199,t_x_358,0.31957730052731464,45,322.076730
9821,200,t_x_235,0.3193493197656214,44,322.099718
9822,201,t_x_238,0.3192659625599451,43,322.122875
9823,202,t_x_329,0.3191806753137926,42,322.146356
9824,203,t_x_321,0.3189184288017534,41,322.180312
9825,204,t_x_120,0.31880171171540855,40,322.202289
9826,205,t_x_382,0.31876090221757525,39,322.224420
9827,206,t_x_52,0.3186162959873259,38,322.246507
9828,207,t_x_422,0.3183627391269323,37,322.269455
9829,208,t_x_364,0.31835288347826046,36,322.292103
9830,209,t_x_322,0.31830740841254235,35,322.313584
9831,210,t_x_315,0.3183061176182019,34,322.335270
9832,211,t_x_94,0.31824593329857287,33,322.366772
9833,212,t_x_47,0.3182127841880249,32,322.388117
9834,213,t_x_34,0.31800397427268234,31,322.410066
9835,214,t_x_230,0.3177190400122357,30,322.432221
9836,189,t_x_91,0.32105979179969935,261,322.480776
9837,190,t_x_375,0.32083768524015677,45,322.578048
9838,191,t_x_368,0.32082819954508945,44,322.614431
9839,192,t_x_95,0.32077476127869986,43,322.637490
9840,193,t_x_61,0.3206324300073691,42,322.672325
9841,194,t_x_184,0.3204442243710062,41,322.694925
9842,195,t_x_190,0.3203893311707023,40,322.716992
9843,196,t_x_376,0.3203565634718892,39,322.741006
9844,197,t_x_143,0.3203363352962292,38,322.774271
9845,198,t_x_4,0.32030328407467384,37,322.796923
9846,199,t_x_11,0.32017864898743276,36,322.819087
9847,200,t_x_92,0.3201060406698506,35,322.841413
9848,201,t_x_280,0.31990873351166077,34,322.862950
9849,202,t_x_90,0.31975708337557535,33,322.884382
9850,203,t_x_379,0.31970047243472205,32,322.916800
9851,204,t_x_93,0.31969098511900007,31,322.937550
9852,205,t_x_284,0.31956004451484066,30,322.959186
9853,190,t_x_375,0.32083768524015677,260,323.007409
9854,191,t_x_376,0.3203565634718892,45,323.104515
9855,192,t_x_357,0.3201529313354039,29,323.127856
9856,193,t_x_351,0.3198275341993695,28,323.148810
9857,191,t_x_368,0.32082819954508945,259,323.196852
9858,192,t_x_95,0.32077476127869986,36,323.298741
9859,193,t_x_429,0.32064953327757917,35,323.326552
9860,194,t_x_324,0.3205857039195655,34,323.349528
9861,195,t_x_363,0.3201927993523778,33,323.371595
9862,196,t_x_155,0.3200636541751233,32,323.392873
9863,197,t_x_371,0.31997869627072717,31,323.414573
9864,198,t_x_222,0.31980409393388687,30,323.436230
9865,192,t_x_357,0.3201529313354039,44,323.477464
9866,193,t_x_280,0.31990873351166077,43,323.501139
9867,194,t_x_351,0.3198275341993695,42,323.524130
9868,195,t_x_39,0.3197549282209896,41,323.547620
9869,196,t_x_379,0.31970047243472205,40,323.586862
9870,197,t_x_93,0.31969098511900007,39,323.620150
9871,198,t_x_431,0.3195293554421153,38,323.642790
9872,199,t_x_252,0.31946986491772833,37,323.665562
9873,200,t_x_279,0.3193139926659193,36,323.688431
9874,201,t_x_244,0.31920743172188837,35,323.710340
9875,202,t_x_281,0.3191887990043659,34,323.732616
9876,203,t_x_33,0.31907745609654115,33,323.755222
9877,204,t_x_384,0.3190740655960574,32,323.777183
9878,205,t_x_389,0.3190051244560763,31,323.809314
9879,206,t_x_353,0.3190031724528899,30,323.832662
9880,192,t_x_95,0.32077476127869986,258,323.882776
9881,193,t_x_135,0.32055137576989046,44,323.978405
9882,194,t_x_184,0.3204442243710062,43,324.001652
9883,195,t_x_190,0.3203893311707023,42,324.024428
9884,196,t_x_4,0.32030328407467384,41,324.047232
9885,197,t_x_128,0.3201485176076543,40,324.069901
9886,198,t_x_92,0.3201060406698506,39,324.091745
9887,199,t_x_449,0.3200522998991134,38,324.125082
9888,200,t_x_280,0.31990873351166077,37,324.147720
9889,201,t_x_90,0.31975708337557535,36,324.169369
9890,202,t_x_93,0.31969098511900007,35,324.190806
9891,203,t_x_370,0.3195182550040618,34,324.212021
9892,204,t_x_281,0.3191887990043659,33,324.233528
9893,205,t_x_329,0.3191806753137926,32,324.263597
9894,206,t_x_188,0.31901848908761204,31,324.287719
9895,207,t_x_389,0.3190051244560763,30,324.309394
9896,193,t_x_269,0.3207389474023821,257,324.359534
9897,194,t_x_11,0.32017864898743276,35,324.455227
9898,195,t_x_272,0.3200110872880186,34,324.476176
9899,196,t_x_257,0.3196862469239287,33,324.498233
9900,197,t_x_255,0.31961596194100095,32,324.529818
9901,198,t_x_279,0.3193139926659193,31,324.560278
9902,199,t_x_182,0.3192603059870898,30,324.580786
9903,194,t_x_429,0.32064953327757917,256,324.627702
9904,195,t_x_4,0.32030328407467384,37,324.721206
9905,196,t_x_231,0.32026074926974174,36,324.746521
9906,197,t_x_435,0.32023988121854285,35,324.770386
9907,198,t_x_449,0.3200522998991134,34,324.794263
9908,199,t_x_437,0.3199783566261846,33,324.817415
9909,200,t_x_379,0.31970047243472205,32,324.840956
9910,201,t_x_431,0.3195293554421153,31,324.863927
9911,202,t_x_312,0.31948945754507085,30,324.885497
9912,195,t_x_61,0.3206324300073691,255,324.939311
9913,196,t_x_184,0.3204442243710062,48,325.033587
9914,197,t_x_363,0.3201927993523778,47,325.058220
9915,198,t_x_371,0.31997869627072717,46,325.083352
9916,199,t_x_351,0.3198275341993695,45,325.106926
9917,200,t_x_90,0.31975708337557535,44,325.130321
9918,201,t_x_39,0.3197549282209896,43,325.154562
9919,202,t_x_358,0.31957730052731464,42,325.178046
9920,203,t_x_187,0.3195347061135602,41,325.201882
9921,204,t_x_252,0.31946986491772833,40,325.224570
9922,205,t_x_160,0.31941654628814786,39,325.247668
9923,206,t_x_63,0.3193462006926152,38,325.270536
9924,207,t_x_242,0.3193170507532921,37,325.303727
9925,208,t_x_353,0.3190031724528899,36,325.326730
9926,209,t_x_58,0.3188222732541668,35,325.348936
9927,210,t_x_70,0.31875483678757077,34,325.370728
9928,211,t_x_69,0.3187309179251806,33,325.391576
9929,212,t_x_310,0.3186284145331494,32,325.412666
9930,213,t_x_52,0.3186162959873259,31,325.434623
9931,214,t_x_364,0.31835288347826046,30,325.456042
9932,196,t_x_409,0.32060591343907036,254,325.503738
9933,197,t_x_190,0.3203893311707023,40,325.592104
9934,198,t_x_376,0.3203565634718892,39,325.626425
9935,199,t_x_11,0.32017864898743276,38,325.648932
9936,200,t_x_357,0.3201529313354039,37,325.683112
9937,201,t_x_348,0.319840074379505,36,325.705507
9938,202,t_x_351,0.3198275341993695,35,325.727470
9939,203,t_x_235,0.3193493197656214,34,325.749812
9940,204,t_x_182,0.3192603059870898,33,325.772520
9941,205,t_x_188,0.31901848908761204,32,325.794454
9942,206,t_x_353,0.3190031724528899,31,325.815758
9943,207,t_x_414,0.31898229808373346,30,325.837407
9944,197,t_x_324,0.3205857039195655,253,325.883630
9945,198,t_x_162,0.32046107090717313,39,325.975012
9946,199,t_x_317,0.32030211942610837,38,325.997918
9947,200,t_x_363,0.3201927993523778,37,326.030715
9948,201,t_x_357,0.3201529313354039,36,326.052930
9949,202,t_x_155,0.3200636541751233,35,326.075064
9950,203,t_x_371,0.31997869627072717,34,326.097200
9951,204,t_x_90,0.31975708337557535,33,326.121289
9952,205,t_x_319,0.3196661549508256,32,326.142584
9953,206,t_x_329,0.3191806753137926,31,326.181794
9954,207,t_x_33,0.31907745609654115,30,326.216818
9955,198,t_x_135,0.32055137576989046,252,326.285399
9956,199,t_x_249,0.3203398526266621,41,326.384745
9957,200,t_x_143,0.3203363352962292,40,326.408595
9958,201,t_x_128,0.3201485176076543,39,326.443828
9959,202,t_x_447,0.3201059070916388,38,326.467381
9960,203,t_x_371,0.31997869627072717,37,326.501201
9961,204,t_x_437,0.3199783566261846,36,326.525472
9962,205,t_x_90,0.31975708337557535,35,326.550496
9963,206,t_x_252,0.31946986491772833,34,326.573390
9964,207,t_x_235,0.3193493197656214,33,326.596335
9965,208,t_x_242,0.3193170507532921,32,326.619742
9966,209,t_x_244,0.31920743172188837,31,326.642192
9967,210,t_x_281,0.3191887990043659,30,326.665449
9968,199,t_x_162,0.32046107090717313,251,326.713228
9969,200,t_x_317,0.32030211942610837,33,326.804651
9970,201,t_x_231,0.32026074926974174,32,326.825897
9971,202,t_x_155,0.3200636541751233,31,326.847301
9972,203,t_x_371,0.31997869627072717,30,326.867657
9973,200,t_x_184,0.3204442243710062,250,326.914767
9974,201,t_x_190,0.3203893311707023,39,327.008902
9975,202,t_x_92,0.3201060406698506,38,327.042957
9976,203,t_x_351,0.3198275341993695,37,327.065260
9977,204,t_x_222,0.31980409393388687,36,327.087502
9978,205,t_x_379,0.31970047243472205,35,327.109078
9979,206,t_x_93,0.31969098511900007,34,327.130905
9980,207,t_x_187,0.3195347061135602,33,327.152849
9981,208,t_x_182,0.3192603059870898,32,327.175833
9982,209,t_x_188,0.31901848908761204,31,327.206758
9983,210,t_x_9,0.31880382724696477,30,327.227971
9984,201,t_x_190,0.3203893311707023,249,327.274523
9985,202,t_x_4,0.32030328407467384,47,327.366210
9986,203,t_x_357,0.3201529313354039,46,327.391246
9987,204,t_x_92,0.3201060406698506,45,327.417953
9988,205,t_x_348,0.319840074379505,44,327.441386
9989,206,t_x_222,0.31980409393388687,43,327.464056
9990,207,t_x_90,0.31975708337557535,42,327.487224
9991,208,t_x_379,0.31970047243472205,41,327.510248
9992,209,t_x_93,0.31969098511900007,40,327.532627
9993,210,t_x_187,0.3195347061135602,39,327.555510
9994,211,t_x_182,0.3192603059870898,38,327.588384
9995,212,t_x_384,0.3190740655960574,37,327.626753
9996,213,t_x_188,0.31901848908761204,36,327.647884
9997,214,t_x_389,0.3190051244560763,35,327.672154
9998,215,t_x_414,0.31898229808373346,34,327.694252
9999,216,t_x_58,0.3188222732541668,33,327.715070
10000,217,t_x_382,0.31876090221757525,32,327.737231
10001,218,t_x_406,0.3187332588205406,31,327.758924
10002,219,t_x_388,0.31859982612148885,30,327.780486
10003,202,t_x_376,0.3203565634718892,248,327.828064
10004,203,t_x_363,0.3201927993523778,44,327.917454
10005,204,t_x_357,0.3201529313354039,43,327.942111
10006,205,t_x_371,0.31997869627072717,42,327.965699
10007,206,t_x_351,0.3198275341993695,41,327.989422
10008,207,t_x_39,0.3197549282209896,40,328.012606
10009,208,t_x_379,0.31970047243472205,39,328.035165
10010,209,t_x_93,0.31969098511900007,38,328.068442
10011,210,t_x_252,0.31946986491772833,37,328.091289
10012,211,t_x_33,0.31907745609654115,36,328.114601
10013,212,t_x_384,0.3190740655960574,35,328.137737
10014,213,t_x_188,0.31901848908761204,34,328.169749
10015,214,t_x_389,0.3190051244560763,33,328.192112
10016,215,t_x_344,0.31900478376110813,32,328.224148
10017,216,t_x_353,0.3190031724528899,31,328.246320
10018,217,t_x_120,0.31880171171540855,30,328.267500
10019,203,t_x_249,0.3203398526266621,247,328.330039
10020,204,t_x_4,0.32030328407467384,41,328.422402
10021,205,t_x_155,0.3200636541751233,40,328.446140
10022,206,t_x_449,0.3200522998991134,39,328.468857
10023,207,t_x_161,0.31993337202310457,38,328.491266
10024,208,t_x_29,0.31970262399898997,37,328.513793
10025,209,t_x_28,0.31963977817813943,36,328.536655
10026,210,t_x_252,0.31946986491772833,35,328.559132
10027,211,t_x_160,0.31941654628814786,34,328.591121
10028,212,t_x_63,0.3193462006926152,33,328.613019
10029,213,t_x_242,0.3193170507532921,32,328.634760
10030,214,t_x_244,0.31920743172188837,31,328.666861
10031,215,t_x_250,0.31910493517402994,30,328.698026
10032,204,t_x_143,0.3203363352962292,246,328.753785
10033,205,t_x_128,0.3201485176076543,41,328.843480
10034,206,t_x_447,0.3201059070916388,40,328.866743
10035,207,t_x_449,0.3200522998991134,39,328.889736
10036,208,t_x_371,0.31997869627072717,38,328.913592
10037,209,t_x_280,0.31990873351166077,37,328.937587
10038,210,t_x_90,0.31975708337557535,36,328.964711
10039,211,t_x_282,0.3196933056683402,35,328.988073
10040,212,t_x_252,0.31946986491772833,34,329.010903
10041,213,t_x_238,0.3192659625599451,33,329.033316
10042,214,t_x_427,0.3192083979091698,32,329.055795
10043,215,t_x_250,0.31910493517402994,31,329.077552
10044,216,t_x_439,0.31905430647098704,30,329.099826
10045,205,t_x_4,0.32030328407467384,245,329.148065
10046,206,t_x_11,0.32017864898743276,36,329.236418
10047,207,t_x_90,0.31975708337557535,35,329.269355
10048,208,t_x_282,0.3196933056683402,34,329.291034
10049,209,t_x_28,0.31963977817813943,33,329.312364
10050,210,t_x_255,0.31961596194100095,32,329.333619
10051,211,t_x_358,0.31957730052731464,31,329.355021
10052,212,t_x_187,0.3195347061135602,30,329.376429
10053,206,t_x_317,0.32030211942610837,244,329.421990
10054,207,t_x_363,0.3201927993523778,40,329.514435
10055,208,t_x_92,0.3201060406698506,39,329.536975
10056,209,t_x_371,0.31997869627072717,38,329.559003
10057,210,t_x_161,0.31993337202310457,37,329.583267
10058,211,t_x_39,0.3197549282209896,36,329.605690
10059,212,t_x_379,0.31970047243472205,35,329.627979
10060,213,t_x_319,0.3196661549508256,34,329.660604
10061,214,t_x_370,0.3195182550040618,33,329.692928
10062,215,t_x_32,0.31928257804655796,32,329.714699
10063,216,t_x_238,0.3192659625599451,31,329.735644
10064,217,t_x_329,0.3191806753137926,30,329.757644
10065,207,t_x_231,0.32026074926974174,243,329.813931
10066,208,t_x_155,0.3200636541751233,33,329.904073
10067,209,t_x_161,0.31993337202310457,32,329.926195
10068,210,t_x_112,0.3197033375206849,31,329.948353
10069,211,t_x_370,0.3195182550040618,30,329.970222
10070,208,t_x_435,0.32023988121854285,242,330.019251
10071,209,t_x_447,0.3201059070916388,36,330.106352
10072,210,t_x_449,0.3200522998991134,35,330.139327
10073,211,t_x_437,0.3199783566261846,34,330.172901
10074,212,t_x_348,0.319840074379505,33,330.205919
10075,213,t_x_436,0.3195203958746361,32,330.228895
10076,214,t_x_242,0.3193170507532921,31,330.260668
10077,215,t_x_279,0.3193139926659193,30,330.283535
10078,209,t_x_363,0.3201927993523778,241,330.344808
10079,210,t_x_371,0.31997869627072717,36,330.433199
10080,211,t_x_351,0.3198275341993695,35,330.455867
10081,212,t_x_93,0.31969098511900007,34,330.478369
10082,213,t_x_319,0.3196661549508256,33,330.501169
10083,214,t_x_28,0.31963977817813943,32,330.523149
10084,215,t_x_255,0.31961596194100095,31,330.545323
10085,216,t_x_358,0.31957730052731464,30,330.567792
10086,210,t_x_11,0.32017864898743276,240,330.615765
10087,211,t_x_92,0.3201060406698506,52,330.705221
10088,212,t_x_280,0.31990873351166077,51,330.730926
10089,213,t_x_351,0.3198275341993695,50,330.755729
10090,214,t_x_90,0.31975708337557535,49,330.780429
10091,215,t_x_39,0.3197549282209896,48,330.804555
10092,216,t_x_29,0.31970262399898997,47,330.828744
10093,217,t_x_282,0.3196933056683402,46,330.852000
10094,218,t_x_257,0.3196862469239287,45,330.876041
10095,219,t_x_28,0.31963977817813943,44,330.899619
10096,220,t_x_255,0.31961596194100095,43,330.921920
10097,221,t_x_252,0.31946986491772833,42,330.945181
10098,222,t_x_32,0.31928257804655796,41,330.968823
10099,223,t_x_182,0.3192603059870898,40,330.991940
10100,224,t_x_244,0.31920743172188837,39,331.014774
10101,225,t_x_246,0.3190836364520209,38,331.037953
10102,226,t_x_414,0.31898229808373346,37,331.061349
10103,227,t_x_9,0.31880382724696477,36,331.083868
10104,228,t_x_266,0.31875346140061533,35,331.106278
10105,229,t_x_12,0.3186774985671871,34,331.128646
10106,230,t_x_278,0.31856550808332806,33,331.150234
10107,231,t_x_405,0.3184748756480654,32,331.172977
10108,232,t_x_422,0.3183627391269323,31,331.206116
10109,233,t_x_96,0.3181829080367553,30,331.232827
10110,211,t_x_357,0.3201529313354039,239,331.279919
10111,212,t_x_348,0.319840074379505,40,331.370385
10112,213,t_x_351,0.3198275341993695,39,331.403682
10113,214,t_x_358,0.31957730052731464,38,331.426295
10114,215,t_x_187,0.3195347061135602,37,331.459617
10115,216,t_x_235,0.3193493197656214,36,331.482102
10116,217,t_x_182,0.3192603059870898,35,331.505461
10117,218,t_x_329,0.3191806753137926,34,331.528039
10118,219,t_x_33,0.31907745609654115,33,331.550683
10119,220,t_x_384,0.3190740655960574,32,331.573137
10120,221,t_x_439,0.31905430647098704,31,331.593937
10121,222,t_x_188,0.31901848908761204,30,331.616625
10122,212,t_x_128,0.3201485176076543,238,331.668900
10123,213,t_x_92,0.3201060406698506,42,331.759195
10124,214,t_x_449,0.3200522998991134,41,331.781369
10125,215,t_x_272,0.3200110872880186,40,331.804339
10126,216,t_x_257,0.3196862469239287,39,331.837885
10127,217,t_x_284,0.31956004451484066,38,331.861492
10128,218,t_x_427,0.3192083979091698,37,331.885583
10129,219,t_x_281,0.3191887990043659,36,331.908276
10130,220,t_x_384,0.3190740655960574,35,331.941143
10131,221,t_x_121,0.31900809173540023,34,331.962843
10132,222,t_x_120,0.31880171171540855,33,331.995949
10133,223,t_x_266,0.31875346140061533,32,332.027586
10134,224,t_x_263,0.318706573347225,31,332.059390
10135,225,t_x_127,0.31864984704845123,30,332.080528
10136,213,t_x_92,0.3201060406698506,237,332.135392
10137,214,t_x_272,0.3200110872880186,32,332.224950
10138,215,t_x_371,0.31997869627072717,31,332.246170
10139,216,t_x_90,0.31975708337557535,30,332.268405
10140,214,t_x_447,0.3201059070916388,236,332.323369
10141,215,t_x_449,0.3200522998991134,39,332.418305
10142,216,t_x_272,0.3200110872880186,38,332.452282
10143,217,t_x_437,0.3199783566261846,37,332.475555
10144,218,t_x_282,0.3196933056683402,36,332.509713
10145,219,t_x_284,0.31956004451484066,35,332.532641
10146,220,t_x_436,0.3195203958746361,34,332.556686
10147,221,t_x_242,0.3193170507532921,33,332.589372
10148,222,t_x_279,0.3193139926659193,32,332.612552
10149,223,t_x_427,0.3192083979091698,31,332.634954
10150,224,t_x_443,0.31919004525908323,30,332.656946
10151,215,t_x_155,0.3200636541751233,235,332.702995
10152,216,t_x_449,0.3200522998991134,234,332.815760
10153,217,t_x_437,0.3199783566261846,37,332.903820
10154,218,t_x_351,0.3198275341993695,36,332.937648
10155,219,t_x_284,0.31956004451484066,35,332.961850
10156,220,t_x_436,0.3195203958746361,34,332.988232
10157,221,t_x_252,0.31946986491772833,33,333.011690
10158,222,t_x_244,0.31920743172188837,32,333.034513
10159,223,t_x_443,0.31919004525908323,31,333.056989
10160,224,t_x_246,0.3190836364520209,30,333.088523
10161,217,t_x_272,0.3200110872880186,233,333.136060
10162,218,t_x_280,0.31990873351166077,42,333.224308
10163,219,t_x_379,0.31970047243472205,41,333.257948
10164,220,t_x_282,0.3196933056683402,40,333.279877
10165,221,t_x_93,0.31969098511900007,39,333.312443
10166,222,t_x_28,0.31963977817813943,38,333.334410
10167,223,t_x_255,0.31961596194100095,37,333.356851
10168,224,t_x_284,0.31956004451484066,36,333.389783
10169,225,t_x_279,0.3193139926659193,35,333.421845
10170,226,t_x_443,0.31919004525908323,34,333.454075
10171,227,t_x_281,0.3191887990043659,33,333.475271
10172,228,t_x_121,0.31900809173540023,32,333.506976
10173,229,t_x_344,0.31900478376110813,31,333.527294
10174,230,t_x_58,0.3188222732541668,30,333.548361
10175,218,t_x_371,0.31997869627072717,232,333.593400
10176,219,t_x_437,0.3199783566261846,231,333.706042
10177,220,t_x_348,0.319840074379505,31,333.791641
10178,221,t_x_284,0.31956004451484066,30,333.814948
10179,220,t_x_161,0.31993337202310457,230,333.861820
10180,221,t_x_158,0.3198822175572763,35,333.949144
10181,222,t_x_39,0.3197549282209896,34,333.971089
10182,223,t_x_29,0.31970262399898997,33,333.993712
10183,224,t_x_28,0.31963977817813943,32,334.015965
10184,225,t_x_431,0.3195293554421153,31,334.037245
10185,226,t_x_370,0.3195182550040618,30,334.058712
10186,221,t_x_280,0.31990873351166077,229,334.104314
10187,222,t_x_90,0.31975708337557535,38,334.189659
10188,223,t_x_39,0.3197549282209896,37,334.223234
10189,224,t_x_29,0.31970262399898997,36,334.245458
10190,225,t_x_379,0.31970047243472205,35,334.267373
10191,226,t_x_282,0.3196933056683402,34,334.289141
10192,227,t_x_257,0.3196862469239287,33,334.325056
10193,228,t_x_28,0.31963977817813943,32,334.353529
10194,229,t_x_255,0.31961596194100095,31,334.375357
10195,230,t_x_284,0.31956004451484066,30,334.396300
10196,222,t_x_158,0.3198822175572763,228,334.445556
10197,223,t_x_28,0.31963977817813943,37,334.536905
10198,224,t_x_431,0.3195293554421153,36,334.559733
10199,225,t_x_312,0.31948945754507085,35,334.581574
10200,226,t_x_252,0.31946986491772833,34,334.603124
10201,227,t_x_160,0.31941654628814786,33,334.624945
10202,228,t_x_32,0.31928257804655796,32,334.646310
10203,229,t_x_238,0.3192659625599451,31,334.668376
10204,230,t_x_427,0.3192083979091698,30,334.690324
10205,223,t_x_348,0.319840074379505,227,334.735702
10206,224,t_x_351,0.3198275341993695,53,334.826831
10207,225,t_x_379,0.31970047243472205,52,334.868510
10208,226,t_x_358,0.31957730052731464,51,334.909862
10209,227,t_x_235,0.3193493197656214,50,334.950723
10210,228,t_x_33,0.31907745609654115,49,334.976031
10211,229,t_x_384,0.3190740655960574,48,335.000828
10212,230,t_x_188,0.31901848908761204,47,335.037031
10213,231,t_x_389,0.3190051244560763,46,335.061161
10214,232,t_x_353,0.3190031724528899,45,335.084959
10215,233,t_x_406,0.3187332588205406,44,335.119943
10216,234,t_x_69,0.3187309179251806,43,335.144526
10217,235,t_x_12,0.3186774985671871,42,335.168355
10218,236,t_x_310,0.3186284145331494,41,335.192615
10219,237,t_x_356,0.31860603215529865,40,335.216132
10220,238,t_x_388,0.31859982612148885,39,335.249811
10221,239,t_x_30,0.3183566377299701,38,335.273169
10222,240,t_x_364,0.31835288347826046,37,335.296298
10223,241,t_x_175,0.318348868548595,36,335.319657
10224,242,t_x_322,0.31830740841254235,35,335.343497
10225,243,t_x_315,0.3183061176182019,34,335.366510
10226,244,t_x_385,0.3182809165606692,33,335.388985
10227,245,t_x_40,0.3182723724320793,32,335.410544
10228,246,t_x_60,0.318135541005953,31,335.432557
10229,247,t_x_347,0.317349019525933,30,335.454784
10230,224,t_x_351,0.3198275341993695,226,335.509976
10231,225,t_x_39,0.3197549282209896,39,335.597098
10232,226,t_x_358,0.31957730052731464,38,335.621394
10233,227,t_x_187,0.3195347061135602,37,335.655224
10234,228,t_x_312,0.31948945754507085,36,335.683138
10235,229,t_x_63,0.3193462006926152,35,335.706721
10236,230,t_x_238,0.3192659625599451,34,335.730673
10237,231,t_x_353,0.3190031724528899,33,335.754545
10238,232,t_x_414,0.31898229808373346,32,335.787114
10239,233,t_x_321,0.3189184288017534,31,335.809187
10240,234,t_x_382,0.31876090221757525,30,335.831364
10241,225,t_x_222,0.31980409393388687,225,335.878394
10242,226,t_x_90,0.31975708337557535,224,335.991014
10243,227,t_x_379,0.31970047243472205,38,336.078690
10244,228,t_x_282,0.3196933056683402,37,336.101015
10245,229,t_x_93,0.31969098511900007,36,336.133820
10246,230,t_x_319,0.3196661549508256,35,336.165967
10247,231,t_x_28,0.31963977817813943,34,336.187612
10248,232,t_x_443,0.31919004525908323,33,336.209821
10249,233,t_x_329,0.3191806753137926,32,336.241568
10250,234,t_x_321,0.3189184288017534,31,336.265628
10251,235,t_x_120,0.31880171171540855,30,336.290256
10252,227,t_x_39,0.3197549282209896,223,336.343088
10253,228,t_x_284,0.31956004451484066,32,336.438384
10254,229,t_x_279,0.3193139926659193,31,336.461114
10255,230,t_x_32,0.31928257804655796,30,336.483337
10256,228,t_x_112,0.3197033375206849,222,336.532263
10257,229,t_x_29,0.31970262399898997,221,336.639409
10258,230,t_x_282,0.3196933056683402,38,336.725224
10259,231,t_x_28,0.31963977817813943,37,336.747999
10260,232,t_x_284,0.31956004451484066,36,336.770061
10261,233,t_x_244,0.31920743172188837,35,336.792558
10262,234,t_x_281,0.3191887990043659,34,336.814770
10263,235,t_x_414,0.31898229808373346,33,336.837224
10264,236,t_x_247,0.3185092782668806,32,336.859580
10265,237,t_x_248,0.3177753668134972,31,336.881546
10266,238,t_x_275,0.31771745817028574,30,336.903439
10267,230,t_x_379,0.31970047243472205,220,336.948436
10268,231,t_x_284,0.31956004451484066,45,337.034896
10269,232,t_x_370,0.3195182550040618,44,337.060372
10270,233,t_x_279,0.3193139926659193,43,337.085384
10271,234,t_x_32,0.31928257804655796,42,337.109521
10272,235,t_x_182,0.3192603059870898,41,337.133251
10273,236,t_x_427,0.3192083979091698,40,337.157437
10274,237,t_x_244,0.31920743172188837,39,337.181459
10275,238,t_x_384,0.3190740655960574,38,337.205192
10276,239,t_x_389,0.3190051244560763,37,337.238021
10277,240,t_x_353,0.3190031724528899,36,337.270762
10278,241,t_x_414,0.31898229808373346,35,337.303374
10279,242,t_x_321,0.3189184288017534,34,337.325498
10280,243,t_x_382,0.31876090221757525,33,337.347906
10281,244,t_x_356,0.31860603215529865,32,337.380168
10282,245,t_x_388,0.31859982612148885,31,337.411895
10283,246,t_x_405,0.3184748756480654,30,337.443695
10284,231,t_x_282,0.3196933056683402,219,337.489766
10285,232,t_x_93,0.31969098511900007,39,337.573754
10286,233,t_x_284,0.31956004451484066,38,337.595767
10287,234,t_x_436,0.3195203958746361,37,337.617230
10288,235,t_x_279,0.3193139926659193,36,337.638873
10289,236,t_x_32,0.31928257804655796,35,337.659991
10290,237,t_x_443,0.31919004525908323,34,337.680947
10291,238,t_x_281,0.3191887990043659,33,337.701775
10292,239,t_x_384,0.3190740655960574,32,337.733383
10293,240,t_x_389,0.3190051244560763,31,337.754310
10294,241,t_x_382,0.31876090221757525,30,337.775682
10295,232,t_x_93,0.31969098511900007,218,337.820036
10296,233,t_x_63,0.3193462006926152,33,337.904997
10297,234,t_x_182,0.3192603059870898,32,337.927306
10298,235,t_x_443,0.31919004525908323,31,337.948768
10299,236,t_x_281,0.3191887990043659,30,337.970461
10300,233,t_x_257,0.3196862469239287,217,338.014986
10301,234,t_x_255,0.31961596194100095,33,338.099402
10302,235,t_x_63,0.3193462006926152,32,338.130276
10303,236,t_x_279,0.3193139926659193,31,338.150944
10304,237,t_x_121,0.31900809173540023,30,338.171457
10305,234,t_x_319,0.3196661549508256,216,338.215300
10306,235,t_x_427,0.3192083979091698,32,338.298141
10307,236,t_x_329,0.3191806753137926,31,338.320541
10308,237,t_x_33,0.31907745609654115,30,338.358311
10309,235,t_x_28,0.31963977817813943,215,338.409365
10310,236,t_x_370,0.3195182550040618,32,338.491857
10311,237,t_x_312,0.31948945754507085,31,338.515106
10312,238,t_x_279,0.3193139926659193,30,338.537428
10313,236,t_x_255,0.31961596194100095,214,338.582442
10314,237,t_x_284,0.31956004451484066,39,338.666082
10315,238,t_x_187,0.3195347061135602,38,338.692638
10316,239,t_x_235,0.3193493197656214,37,338.714002
10317,240,t_x_279,0.3193139926659193,36,338.734876
10318,241,t_x_238,0.3192659625599451,35,338.755190
10319,242,t_x_182,0.3192603059870898,34,338.776099
10320,243,t_x_281,0.3191887990043659,33,338.796419
10321,244,t_x_121,0.31900809173540023,32,338.817711
10322,245,t_x_9,0.31880382724696477,31,338.837656
10323,246,t_x_120,0.31880171171540855,30,338.858174
10324,237,t_x_358,0.31957730052731464,213,338.902069
10325,238,t_x_370,0.3195182550040618,42,338.987766
10326,239,t_x_235,0.3193493197656214,41,339.012304
10327,240,t_x_63,0.3193462006926152,40,339.036265
10328,241,t_x_389,0.3190051244560763,39,339.059763
10329,242,t_x_353,0.3190031724528899,38,339.082839
10330,243,t_x_414,0.31898229808373346,37,339.115723
10331,244,t_x_382,0.31876090221757525,36,339.137604
10332,245,t_x_70,0.31875483678757077,35,339.160273
10333,246,t_x_406,0.3187332588205406,34,339.182928
10334,247,t_x_69,0.3187309179251806,33,339.205188
10335,248,t_x_12,0.3186774985671871,32,339.227908
10336,249,t_x_356,0.31860603215529865,31,339.250121
10337,250,t_x_388,0.31859982612148885,30,339.270883
10338,238,t_x_284,0.31956004451484066,212,339.317122
10339,239,t_x_187,0.3195347061135602,211,339.434869
10340,240,t_x_182,0.3192603059870898,45,339.519968
10341,241,t_x_188,0.31901848908761204,44,339.555650
10342,242,t_x_121,0.31900809173540023,43,339.578310
10343,243,t_x_344,0.31900478376110813,42,339.601364
10344,244,t_x_353,0.3190031724528899,41,339.623666
10345,245,t_x_58,0.3188222732541668,40,339.645359
10346,246,t_x_120,0.31880171171540855,39,339.668015
10347,247,t_x_382,0.31876090221757525,38,339.690975
10348,248,t_x_70,0.31875483678757077,37,339.713247
10349,249,t_x_406,0.3187332588205406,36,339.735235
10350,250,t_x_69,0.3187309179251806,35,339.757127
10351,251,t_x_356,0.31860603215529865,34,339.779560
10352,252,t_x_175,0.318348868548595,33,339.800540
10353,253,t_x_47,0.3182127841880249,32,339.822187
10354,254,t_x_381,0.3181293905266548,31,339.843632
10355,255,t_x_0,0.3179572713585191,30,339.865197
10356,240,t_x_431,0.3195293554421153,210,339.908999
10357,241,t_x_32,0.31928257804655796,35,339.990467
10358,242,t_x_427,0.3192083979091698,34,340.013830
10359,243,t_x_329,0.3191806753137926,33,340.039617
10360,244,t_x_439,0.31905430647098704,32,340.063314
10361,245,t_x_389,0.3190051244560763,31,340.086308
10362,246,t_x_321,0.3189184288017534,30,340.109167
10363,241,t_x_436,0.3195203958746361,209,340.154544
10364,242,t_x_252,0.31946986491772833,34,340.235143
10365,243,t_x_242,0.3193170507532921,33,340.258529
10366,244,t_x_427,0.3192083979091698,32,340.282231
10367,245,t_x_443,0.31919004525908323,31,340.305064
10368,246,t_x_250,0.31910493517402994,30,340.329777
10369,242,t_x_370,0.3195182550040618,208,340.374875
10370,243,t_x_312,0.31948945754507085,207,340.477283
10371,244,t_x_252,0.31946986491772833,206,340.579645
10372,245,t_x_160,0.31941654628814786,205,340.681785
10373,246,t_x_235,0.3193493197656214,204,340.781243
10374,247,t_x_63,0.3193462006926152,203,340.883979
10375,248,t_x_242,0.3193170507532921,40,340.966965
10376,249,t_x_443,0.31919004525908323,39,340.990598
10377,250,t_x_250,0.31910493517402994,38,341.013336
10378,251,t_x_246,0.3190836364520209,37,341.037052
10379,252,t_x_353,0.3190031724528899,36,341.060149
10380,253,t_x_70,0.31875483678757077,35,341.083271
10381,254,t_x_69,0.3187309179251806,34,341.107167
10382,255,t_x_263,0.318706573347225,33,341.129309
10383,256,t_x_30,0.3183566377299701,32,341.152233
10384,257,t_x_47,0.3182127841880249,31,341.175107
10385,258,t_x_391,0.31818185738335797,30,341.197426
10386,248,t_x_242,0.3193170507532921,202,341.240793
10387,249,t_x_238,0.3192659625599451,33,341.324420
10388,250,t_x_244,0.31920743172188837,32,341.346376
10389,251,t_x_250,0.31910493517402994,31,341.370596
10390,252,t_x_246,0.3190836364520209,30,341.400508
10391,249,t_x_279,0.3193139926659193,201,341.456440
10392,250,t_x_32,0.31928257804655796,200,341.555245
10393,251,t_x_281,0.3191887990043659,36,341.634392
10394,252,t_x_33,0.31907745609654115,35,341.656809
10395,253,t_x_384,0.3190740655960574,34,341.689084
10396,254,t_x_321,0.3189184288017534,33,341.710205
10397,255,t_x_382,0.31876090221757525,32,341.731463
10398,256,t_x_70,0.31875483678757077,31,341.752817
10399,257,t_x_278,0.31856550808332806,30,341.774162
10400,251,t_x_238,0.3192659625599451,199,341.817536
10401,252,t_x_182,0.3192603059870898,198,341.915750
10402,253,t_x_188,0.31901848908761204,40,341.992627
10403,254,t_x_389,0.3190051244560763,39,342.014996
10404,255,t_x_414,0.31898229808373346,38,342.038305
10405,256,t_x_120,0.31880171171540855,37,342.060209
10406,257,t_x_70,0.31875483678757077,36,342.082904
10407,258,t_x_406,0.3187332588205406,35,342.105103
10408,259,t_x_175,0.318348868548595,34,342.126555
10409,260,t_x_94,0.31824593329857287,33,342.148695
10410,261,t_x_0,0.3179572713585191,32,342.170815
10411,262,t_x_103,0.3177068122855853,31,342.192981
10412,263,t_x_124,0.31766996104254247,30,342.215416
10413,253,t_x_427,0.3192083979091698,197,342.259090
10414,254,t_x_244,0.31920743172188837,196,342.359954
10415,255,t_x_443,0.31919004525908323,195,342.459502
10416,256,t_x_281,0.3191887990043659,31,342.536247
10417,257,t_x_439,0.31905430647098704,30,342.558306
10418,256,t_x_281,0.3191887990043659,194,342.603640
10419,257,t_x_329,0.3191806753137926,193,342.701971
10420,258,t_x_344,0.31900478376110813,32,342.783912
10421,259,t_x_353,0.3190031724528899,31,342.805956
10422,260,t_x_321,0.3189184288017534,30,342.827033
10423,258,t_x_250,0.31910493517402994,192,342.869750
10424,259,t_x_246,0.3190836364520209,191,342.963478
10425,260,t_x_33,0.31907745609654115,190,343.060458
10426,261,t_x_384,0.3190740655960574,35,343.132674
10427,262,t_x_9,0.31880382724696477,34,343.154307
10428,263,t_x_382,0.31876090221757525,33,343.176527
10429,264,t_x_12,0.3186774985671871,32,343.198764
10430,265,t_x_30,0.3183566377299701,31,343.220629
10431,266,t_x_276,0.3183400161444687,30,343.243692
10432,261,t_x_384,0.3190740655960574,189,343.286611
10433,262,t_x_121,0.31900809173540023,35,343.362794
10434,263,t_x_389,0.3190051244560763,34,343.385229
10435,264,t_x_414,0.31898229808373346,33,343.417913
10436,265,t_x_382,0.31876090221757525,32,343.439495
10437,266,t_x_406,0.3187332588205406,31,343.471520
10438,267,t_x_356,0.31860603215529865,30,343.493551
10439,262,t_x_439,0.31905430647098704,188,343.537718
10440,263,t_x_188,0.31901848908761204,187,343.637436
10441,264,t_x_121,0.31900809173540023,186,343.730378
10442,265,t_x_389,0.3190051244560763,185,343.823074
10443,266,t_x_344,0.31900478376110813,184,343.912333
10444,267,t_x_414,0.31898229808373346,32,343.989618
10445,268,t_x_321,0.3189184288017534,31,344.012094
10446,269,t_x_382,0.31876090221757525,30,344.034831
10447,267,t_x_353,0.3190031724528899,183,344.078489
10448,268,t_x_414,0.31898229808373346,37,344.152496
10449,269,t_x_9,0.31880382724696477,36,344.174982
10450,270,t_x_382,0.31876090221757525,35,344.198137
10451,271,t_x_406,0.3187332588205406,34,344.221219
10452,272,t_x_69,0.3187309179251806,33,344.243816
10453,273,t_x_12,0.3186774985671871,32,344.266693
10454,274,t_x_310,0.3186284145331494,31,344.289514
10455,275,t_x_356,0.31860603215529865,30,344.312538
10456,268,t_x_414,0.31898229808373346,182,344.366401
10457,269,t_x_321,0.3189184288017534,181,344.456625
10458,270,t_x_58,0.3188222732541668,180,344.547620
10459,271,t_x_266,0.31875346140061533,36,344.625637
10460,272,t_x_69,0.3187309179251806,35,344.649111
10461,273,t_x_263,0.318706573347225,34,344.671101
10462,274,t_x_52,0.3186162959873259,33,344.692756
10463,275,t_x_278,0.31856550808332806,32,344.724713
10464,276,t_x_30,0.3183566377299701,31,344.746656
10465,277,t_x_322,0.31830740841254235,30,344.767830
10466,271,t_x_9,0.31880382724696477,179,344.810669
10467,272,t_x_120,0.31880171171540855,178,344.901630
10468,273,t_x_382,0.31876090221757525,177,344.994525
10469,274,t_x_70,0.31875483678757077,176,345.086037
10470,275,t_x_69,0.3187309179251806,38,345.157935
10471,276,t_x_263,0.318706573347225,37,345.182916
10472,277,t_x_356,0.31860603215529865,36,345.205789
10473,278,t_x_364,0.31835288347826046,35,345.228126
10474,279,t_x_40,0.3182723724320793,34,345.250999
10475,280,t_x_47,0.3182127841880249,33,345.273712
10476,281,t_x_96,0.3181829080367553,32,345.295979
10477,282,t_x_391,0.31818185738335797,31,345.318583
10478,283,t_x_60,0.318135541005953,30,345.339820
10479,275,t_x_266,0.31875346140061533,175,345.385021
10480,276,t_x_263,0.318706573347225,32,345.465719
10481,277,t_x_12,0.3186774985671871,31,345.496432
10482,278,t_x_127,0.31864984704845123,30,345.517515
10483,276,t_x_406,0.3187332588205406,174,345.558052
10484,277,t_x_69,0.3187309179251806,173,345.645963
10485,278,t_x_310,0.3186284145331494,32,345.716415
10486,279,t_x_356,0.31860603215529865,31,345.739212
10487,280,t_x_364,0.31835288347826046,30,345.761384
10488,278,t_x_263,0.318706573347225,172,345.803581
10489,279,t_x_12,0.3186774985671871,171,345.892627
10490,280,t_x_127,0.31864984704845123,170,345.977460
10491,281,t_x_388,0.31859982612148885,31,346.044289
10492,282,t_x_422,0.3183627391269323,30,346.065926
10493,281,t_x_310,0.3186284145331494,169,346.107869
10494,282,t_x_52,0.3186162959873259,168,346.194597
10495,283,t_x_278,0.31856550808332806,30,346.263735
10496,283,t_x_356,0.31860603215529865,167,346.305870
10497,284,t_x_388,0.31859982612148885,36,346.377364
10498,285,t_x_385,0.3182809165606692,35,346.400296
10499,286,t_x_60,0.318135541005953,34,346.422334
10500,287,t_x_381,0.3181293905266548,33,346.445605
10501,288,t_x_43,0.31810725726167277,32,346.467558
10502,289,t_x_448,0.31809788928887106,31,346.490358
10503,290,t_x_412,0.317504401176674,30,346.513055
10504,284,t_x_388,0.31859982612148885,166,346.554639
10505,285,t_x_278,0.31856550808332806,165,346.637534
10506,286,t_x_247,0.3185092782668806,164,346.721858
10507,287,t_x_405,0.3184748756480654,163,346.808835
10508,288,t_x_422,0.3183627391269323,162,346.893046
10509,289,t_x_30,0.3183566377299701,161,346.976434
10510,290,t_x_364,0.31835288347826046,160,347.061688
10511,291,t_x_175,0.318348868548595,159,347.142838
10512,292,t_x_276,0.3183400161444687,158,347.224593
10513,293,t_x_322,0.31830740841254235,157,347.305837
10514,294,t_x_146,0.3183069069966693,156,347.387278
10515,295,t_x_315,0.3183061176182019,155,347.470433
10516,296,t_x_385,0.3182809165606692,154,347.558140
10517,297,t_x_40,0.3182723724320793,153,347.639064
10518,298,t_x_94,0.31824593329857287,152,347.720092
10519,299,t_x_424,0.3182253669639071,151,347.798612
10520,300,t_x_47,0.3182127841880249,150,347.877016
10521,301,t_x_228,0.31819200239238543,149,347.954888
10522,302,t_x_96,0.3181829080367553,148,348.032330
10523,303,t_x_391,0.31818185738335797,147,348.115833
10524,304,t_x_60,0.318135541005953,146,348.193582
10525,305,t_x_381,0.3181293905266548,145,348.270184
10526,306,t_x_43,0.31810725726167277,144,348.347315
10527,307,t_x_448,0.31809788928887106,143,348.423628
10528,308,t_x_136,0.3180954596352299,142,348.498792
10529,309,t_x_34,0.31800397427268234,141,348.572960
10530,310,t_x_0,0.3179572713585191,140,348.647950
10531,311,t_x_243,0.3178222164750265,139,348.721942
10532,312,t_x_248,0.3177753668134972,138,348.758886
10533,313,t_x_230,0.3177190400122357,137,348.795612
10534,314,t_x_275,0.31771745817028574,136,348.832606
10535,315,t_x_103,0.3177068122855853,135,348.905067
10536,316,t_x_124,0.31766996104254247,134,348.976355
10537,317,t_x_412,0.317504401176674,133,349.048259
10538,318,t_x_123,0.3174736029149601,132,349.120305
10539,319,t_x_274,0.31741748645940737,131,349.156144
10540,320,t_x_347,0.317349019525933,130,349.226992
10541,321,t_x_48,0.317348783240459,129,349.300713
10542,322,t_x_179,0.31715140598274194,128,349.371326
10543,323,t_x_24,0.31704158739102617,127,349.441830
10544,324,t_x_224,0.31695016743775284,126,349.511805
10545,325,t_x_134,0.31689565269778175,125,349.580430
10546,326,t_x_277,0.3168796496527473,124,349.649353
10547,327,t_x_125,0.3167718374097416,123,349.684303
10548,328,t_x_273,0.3167564969562899,122,349.718904
10549,329,t_x_141,0.316649862731339,121,349.753769
10550,330,t_x_421,0.31661794625724404,120,349.787839
10551,331,t_x_362,0.31656713007719534,119,349.854018
10552,332,t_x_57,0.3165656823873354,118,349.888394
10553,333,t_x_154,0.3165212994787281,117,349.954512
10554,334,t_x_294,0.31638282770248616,116,350.020062
10555,335,t_x_265,0.31635471567331763,115,350.083865
10556,336,t_x_380,0.3163469391175704,114,350.117621
10557,337,t_x_349,0.31631421643674923,113,350.150369
10558,338,t_x_259,0.3163126527703709,112,350.215438
10559,339,t_x_42,0.31625720315896605,111,350.249059
10560,340,t_x_262,0.3162017974166192,110,350.312932
10561,341,t_x_223,0.3160970182211373,109,350.348648
10562,342,t_x_254,0.3160609246666214,108,350.410491
10563,343,t_x_152,0.31596936175922885,107,350.443366
10564,344,t_x_115,0.31596887964449616,106,350.475579
10565,345,t_x_313,0.31586778393762355,105,350.537055
10566,346,t_x_261,0.3158101047165306,104,350.572318
10567,347,t_x_271,0.315723501006622,103,350.604799
10568,348,t_x_186,0.31568005902678886,102,350.637235
10569,349,t_x_410,0.31563948261500685,101,350.674061
10570,350,t_x_418,0.3155625505654734,100,350.732076
10571,351,t_x_390,0.31555270575609,99,350.766550
10572,352,t_x_291,0.3155335699790871,98,350.799853
10573,353,t_x_297,0.3155117297955749,97,350.858117
10574,354,t_x_116,0.3153256744555527,96,350.888571
10575,355,t_x_202,0.3152742807513559,95,350.921751
10576,356,t_x_185,0.31520648792151984,94,350.978482
10577,357,t_x_378,0.3151005526854663,93,351.009620
10578,358,t_x_258,0.3150984389123781,92,351.039997
10579,359,t_x_398,0.315085601213149,91,351.072967
10580,360,t_x_395,0.31490588068014713,90,351.127565
10581,361,t_x_51,0.31479400487008785,89,351.157042
10582,362,t_x_445,0.31468711852195425,88,351.189072
10583,363,t_x_285,0.3146073998119082,87,351.218184
10584,364,t_x_267,0.31457005648698866,86,351.247507
10585,365,t_x_50,0.314468148951921,85,351.277353
10586,366,t_x_299,0.3144496427308051,84,351.329852
10587,367,t_x_326,0.3143527996424469,83,351.359052
10588,368,t_x_44,0.3141217116069244,82,351.387576
10589,369,t_x_73,0.31361405744205256,81,351.416564
10590,370,t_x_303,0.31345537002032636,80,351.467892
10591,371,t_x_209,0.3133451971474812,79,351.519577
10592,372,t_x_403,0.3132503778777784,78,351.547805
10593,373,t_x_214,0.31302571294075154,77,351.575958
10594,374,t_x_444,0.31187695857802356,76,351.606807
10595,375,t_x_386,0.31187150484763837,75,351.635494
10596,376,t_x_204,0.31173546901105204,74,351.663668
10597,377,t_x_441,0.3116026240206984,73,351.691166
10598,378,t_x_399,0.3114424338778024,72,351.719568
10599,379,t_x_302,0.31131272997623355,71,351.747211
10600,380,t_x_198,0.31131046722438355,70,351.776565
10601,381,t_x_387,0.31129139407636974,69,351.803524
10602,382,t_x_219,0.3112904737989932,68,351.831280
10603,383,t_x_46,0.3112482456810588,67,351.858114
10604,384,t_x_203,0.3112305479730245,66,351.885395
10605,385,t_x_359,0.31122821907699516,65,351.912343
10606,386,t_x_289,0.3110374068245209,64,351.938897
10607,387,t_x_49,0.31096501744091426,63,351.965320
10608,388,t_x_3,0.3109580698086155,62,351.993010
10609,389,t_x_5,0.3108050111963503,61,352.020318
10610,390,t_x_55,0.31077675430880847,60,352.046403
10611,391,t_x_346,0.3107065405293876,59,352.072806
10612,392,t_x_206,0.31069976205892763,58,352.116835
10613,393,t_x_325,0.31065894870848854,57,352.143381
10614,394,t_x_320,0.3106099056404047,56,352.169382
10615,395,t_x_316,0.3105850415595391,55,352.195548
10616,396,t_x_215,0.3105782690101988,54,352.221966
10617,397,t_x_157,0.3105609242181801,53,352.246870
10618,398,t_x_392,0.3105600503221664,52,352.272632
10619,399,t_x_196,0.31055066948055915,51,352.297435
10620,400,t_x_283,0.3105354602621624,50,352.322358
10621,401,t_x_54,0.31052978081716015,49,352.347618
10622,402,t_x_217,0.3105222830594929,48,352.372489
10623,403,t_x_309,0.3104692847081046,47,352.397180
10624,404,t_x_402,0.3103533527010941,46,352.433536
10625,405,t_x_416,0.31025289894616814,45,352.457195
10626,406,t_x_397,0.3102476779157741,44,352.481138
10627,407,t_x_290,0.31023167517814826,43,352.505343
10628,408,t_x_183,0.3102142516346069,42,352.529255
10629,409,t_x_240,0.3102037404124962,41,352.552885
10630,410,t_x_404,0.31014323671118077,40,352.576829
10631,411,t_x_207,0.31011231588635146,39,352.599911
10632,412,t_x_323,0.3099731517381389,38,352.622566
10633,413,t_x_295,0.30994799588989125,37,352.645578
10634,414,t_x_314,0.30993830972302455,36,352.668205
10635,415,t_x_38,0.3099104707988212,35,352.690343
10636,416,t_x_195,0.309904921953647,34,352.713258
10637,417,t_x_383,0.30985001252364675,33,352.735709
10638,418,t_x_306,0.3097491025440935,32,352.758002
10639,2,t_x_81,0.3787082830542944,37,352.901232
10640,3,t_x_84,0.37220052237281115,36,352.933809
10641,4,t_x_82,0.3697496709659753,35,352.966739
10642,5,t_x_88,0.36565753033657356,34,352.999007
10643,6,t_x_360,0.36397443758978015,33,353.030703
10644,7,t_x_89,0.3418552133182626,32,353.051988
10645,8,t_x_98,0.3410733321474508,31,353.072767
10646,9,t_x_76,0.3397542609479636,30,353.094084
10647,10,t_x_25,0.3388881960489056,29,353.125372
10648,11,t_x_23,0.33750992239639216,28,353.146484
10649,7,t_x_360,0.36397443758978015,44,353.498645
10650,8,t_x_89,0.3418552133182626,43,353.523073
10651,9,t_x_76,0.3397542609479636,42,353.558477
10652,10,t_x_83,0.3381592926679389,41,353.593263
10653,11,t_x_159,0.3369646913562073,40,353.626941
10654,12,t_x_77,0.33679519038950717,39,353.649334
10655,13,t_x_21,0.33674725056917193,38,353.682890
10656,14,t_x_80,0.33654528594539296,37,353.716427
10657,15,t_x_78,0.33629539686852905,36,353.750506
10658,16,t_x_293,0.33349881435358497,35,353.784198
10659,17,t_x_85,0.3329427103660081,34,353.806926
10660,18,t_x_86,0.33251677012533615,33,353.830786
10661,19,t_x_75,0.3306908869598732,32,353.852919
10662,20,t_x_201,0.3291212094295495,31,353.874291
10663,21,t_x_129,0.3285813450795422,30,353.896784
10664,22,t_x_367,0.32833040353733933,29,353.919012
10665,23,t_x_374,0.32811552122135923,28,353.940260
10666,5,t_x_334,0.3669507080339,47,354.013237
10667,6,t_x_88,0.36565753033657356,46,354.036028
10668,7,t_x_89,0.3418552133182626,45,354.073600
10669,8,t_x_98,0.3410733321474508,44,354.108287
10670,9,t_x_76,0.3397542609479636,43,354.129985
10671,10,t_x_83,0.3381592926679389,42,354.163790
10672,11,t_x_23,0.33750992239639216,41,354.196386
10673,12,t_x_77,0.33679519038950717,40,354.229746
10674,13,t_x_80,0.33654528594539296,39,354.261848
10675,14,t_x_78,0.33629539686852905,38,354.284936
10676,15,t_x_85,0.3329427103660081,37,354.316486
10677,16,t_x_102,0.3327795616365271,36,354.348480
10678,17,t_x_86,0.33251677012533615,35,354.369711
10679,18,t_x_417,0.33220260282135483,34,354.391277
10680,19,t_x_133,0.3319127428670663,33,354.413281
10681,20,t_x_75,0.3306908869598732,32,354.435040
10682,21,t_x_129,0.3285813450795422,31,354.455634
10683,22,t_x_68,0.32792695399343874,30,354.476760
10684,23,t_x_176,0.32783752541092237,29,354.498304
10685,24,t_x_411,0.32753300194262525,28,354.519550
10686,4,t_x_82,0.3697496709659753,45,354.586981
10687,5,t_x_88,0.36565753033657356,44,354.621739
10688,6,t_x_89,0.3418552133182626,27,354.644289
10689,7,t_x_76,0.3397542609479636,26,354.675293
10690,6,t_x_288,0.35556806203507985,43,354.717184
10691,7,t_x_89,0.3418552133182626,42,354.740016
10692,8,t_x_76,0.3397542609479636,41,354.774310
10693,9,t_x_25,0.3388881960489056,40,354.808442
10694,10,t_x_83,0.3381592926679389,39,354.842312
10695,11,t_x_159,0.3369646913562073,38,354.875450
10696,12,t_x_77,0.33679519038950717,37,354.897167
10697,13,t_x_21,0.33674725056917193,36,354.929316
10698,14,t_x_80,0.33654528594539296,35,354.952696
10699,15,t_x_372,0.33630744661103745,34,354.984994
10700,16,t_x_78,0.33629539686852905,33,355.007011
10701,17,t_x_85,0.3329427103660081,32,355.029772
10702,18,t_x_86,0.33251677012533615,31,355.051147
10703,19,t_x_417,0.33220260282135483,30,355.073027
10704,20,t_x_75,0.3306908869598732,29,355.095111
10705,21,t_x_201,0.3291212094295495,28,355.116576
10706,3,t_x_84,0.37220052237281115,46,355.180730
10707,4,t_x_82,0.3697496709659753,26,355.204410
10708,3,t_x_84,0.37220052237281115,39,355.283015
10709,4,t_x_82,0.3697496709659753,38,355.316778
10710,5,t_x_88,0.36565753033657356,37,355.350455
10711,6,t_x_89,0.3418552133182626,36,355.383424
10712,7,t_x_98,0.3410733321474508,35,355.415408
10713,8,t_x_76,0.3397542609479636,34,355.436786
10714,9,t_x_200,0.3375840595031447,33,355.468425
10715,10,t_x_23,0.33750992239639216,32,355.490385
10716,11,t_x_26,0.33710634432496456,31,355.521436
10717,12,t_x_77,0.33679519038950717,26,355.540542
10718,4,t_x_82,0.3697496709659753,38,355.598308
10719,5,t_x_88,0.36565753033657356,37,355.632138
10720,6,t_x_89,0.3418552133182626,36,355.664141
10721,7,t_x_76,0.3397542609479636,35,355.686732
10722,8,t_x_25,0.3388881960489056,34,355.719688
10723,9,t_x_26,0.33710634432496456,33,355.751003
10724,10,t_x_77,0.33679519038950717,32,355.781440
10725,11,t_x_21,0.33674725056917193,31,355.813567
10726,12,t_x_80,0.33654528594539296,30,355.844418
10727,13,t_x_78,0.33629539686852905,29,355.865188
10728,14,t_x_20,0.3353069744273539,28,355.886122
10729,12,t_x_77,0.33679519038950717,30,355.930571
10730,13,t_x_21,0.33674725056917193,29,355.951503
10731,14,t_x_80,0.33654528594539296,28,355.981883
10732,5,t_x_401,0.36639890123245006,32,356.041299
10733,6,t_x_88,0.36565753033657356,31,356.062399
10734,7,t_x_89,0.3418552133182626,30,356.093521
10735,8,t_x_98,0.3410733321474508,29,356.124291
10736,9,t_x_76,0.3397542609479636,28,356.145132
10737,4,t_x_82,0.3697496709659753,45,356.195293
10738,5,t_x_334,0.3669507080339,44,356.231947
10739,6,t_x_88,0.36565753033657356,43,356.254361
10740,7,t_x_89,0.3418552133182626,42,356.288365
10741,8,t_x_98,0.3410733321474508,41,356.322944
10742,9,t_x_76,0.3397542609479636,40,356.344856
10743,10,t_x_83,0.3381592926679389,39,356.377820
10744,11,t_x_23,0.33750992239639216,38,356.410662
10745,12,t_x_77,0.33679519038950717,37,356.443235
10746,13,t_x_21,0.33674725056917193,36,356.475508
10747,14,t_x_80,0.33654528594539296,35,356.496906
10748,15,t_x_372,0.33630744661103745,34,356.537768
10749,16,t_x_78,0.33629539686852905,33,356.563457
10750,17,t_x_85,0.3329427103660081,32,356.598307
10751,18,t_x_102,0.3327795616365271,31,356.622714
10752,19,t_x_86,0.33251677012533615,30,356.647132
10753,20,t_x_417,0.33220260282135483,29,356.672118
10754,21,t_x_133,0.3319127428670663,28,356.694043
10755,7,t_x_360,0.36397443758978015,42,356.884087
10756,8,t_x_89,0.3418552133182626,41,356.915819
10757,9,t_x_76,0.3397542609479636,40,356.947474
10758,10,t_x_365,0.3384154625966223,39,356.978409
10759,11,t_x_164,0.33768298287911286,38,356.997384
10760,12,t_x_26,0.33710634432496456,37,357.028032
10761,13,t_x_77,0.33679519038950717,28,357.047921
10762,14,t_x_21,0.33674725056917193,27,357.077530
10763,15,t_x_80,0.33654528594539296,26,357.106519
10764,13,t_x_77,0.33679519038950717,36,357.135629
10765,14,t_x_21,0.33674725056917193,35,357.166080
10766,15,t_x_80,0.33654528594539296,34,357.196742
10767,16,t_x_78,0.33629539686852905,33,357.215525
10768,17,t_x_20,0.3353069744273539,32,357.234354
10769,18,t_x_75,0.3306908869598732,31,357.264385
10770,19,t_x_373,0.3291839228566644,30,357.282726
10771,20,t_x_201,0.3291212094295495,29,357.301138
10772,21,t_x_367,0.32833040353733933,28,357.319645
